#include "element_process.h"

DATA_ELEMENT max9296_9295_raw_array[] = {
    {0x90, 0x0313, 0x00, 0x10, 5},	 // disable MIPI output
	{0x80,0x0057,0x12,0x10,5},                // swap Y & Z
	{0x80,0x005B,0x11,0x10,5},                // swap Y & Z
	{0x80,0x0318,0x6C,0x10,200},                // raw12

    {0x80, 0x02d3, 0x04, 0x10, 5},	 // mfp7 config
	{0x80, 0x02D5, 0x07, 0x10, 5},	 // mfp7 config
	{0x80, 0x02d6, 0x04, 0x10, 5},	 // mfp8 config
	{0x80, 0x02D8, 0x07, 0x10, 5},	 // mfp8 config

    {0x80, 0x02be, 0x10, 0x10, 50},	 // mfp0 config
	//{0x80, 0x02c0, 0x07, 0x10, 5},	 // mfp0 config

	{0x90, 0x0003, 0x40, 0x10, 5}, //
	{0x90, 0x02c2, 0x83, 0x10, 5}, //
	{0x90, 0x02c3, 0xA7, 0x10, 5}, //
	{0x90, 0x0320, 0x2C, 0x10, 5}, // mipi 1200Mbps

	//{0x90,0x0320,0x26,0x10,200},                // mipi 600Mbps
	//{0x90,0x0313,0x02,0x10,200},                // mipi enable
	{0x6c,0x0103,0x01,0x10,0},
	{0x6c,0x0107,0x01,0x10,500},
    {0x6c,0x0103,0x01,0x10,0},
    {0x6c,0x0107,0x01,0x10,0},
    {0x6c,0x4620,0x04,0x10,0},
    {0x6c,0x3208,0x14,0x10,0},
    {0x6c,0x3208,0x05,0x10,0},
    {0x6c,0x4620,0x04,0x10,0},
    {0x6c,0x3208,0x15,0x10,0},
    {0x6c,0x3208,0x02,0x10,0},
    {0x6c,0x3507,0x00,0x10,0},
    {0x6c,0x3208,0x12,0x10,0},
    {0x6c,0x3208,0xa2,0x10,0},
    {0x6c,0x0104,0x00,0x10,0},
    {0x6c,0x0301,0xc8,0x10,0},
    {0x6c,0x0303,0x01,0x10,0},
    {0x6c,0x0304,0x01,0x10,0},
    {0x6c,0x0305,0x2c,0x10,0},
    {0x6c,0x0306,0x04,0x10,0},
    {0x6c,0x0307,0x01,0x10,0},
    {0x6c,0x0316,0x00,0x10,0},
    {0x6c,0x0317,0x00,0x10,0},
    {0x6c,0x0318,0x00,0x10,0},
    {0x6c,0x0323,0x05,0x10,0},
    {0x6c,0x0324,0x01,0x10,0},
    {0x6c,0x0325,0x2c,0x10,0},
    {0x6c,0x0400,0xe0,0x10,0},
    {0x6c,0x0401,0x80,0x10,0},
    {0x6c,0x0403,0xde,0x10,0},
    {0x6c,0x0404,0x34,0x10,0},
    {0x6c,0x0405,0x3b,0x10,0},
    {0x6c,0x0406,0xde,0x10,0},
    {0x6c,0x0407,0x08,0x10,0},
    {0x6c,0x0408,0xe0,0x10,0},
    {0x6c,0x0409,0x7f,0x10,0},
    {0x6c,0x040a,0xde,0x10,0},
    {0x6c,0x040b,0x34,0x10,0},
    {0x6c,0x040c,0x47,0x10,0},
    {0x6c,0x040d,0xd8,0x10,0},
    {0x6c,0x040e,0x08,0x10,0},
    {0x6c,0x2803,0xfe,0x10,0},
    {0x6c,0x280b,0x00,0x10,0},
    {0x6c,0x280c,0x79,0x10,0},
    {0x6c,0x3001,0x03,0x10,0},
    {0x6c,0x3002,0xf8,0x10,0},
    {0x6c,0x3005,0x80,0x10,0},
    {0x6c,0x3007,0x01,0x10,0},
    {0x6c,0x3008,0x80,0x10,0},
    {0x6c,0x3012,0x41,0x10,0},
    {0x6c,0x3020,0x05,0x10,0},
    {0x6c,0x3700,0x28,0x10,0},
    {0x6c,0x3701,0x15,0x10,0},
    {0x6c,0x3702,0x19,0x10,0},
    {0x6c,0x3703,0x23,0x10,0},
    {0x6c,0x3704,0x0a,0x10,0},
    {0x6c,0x3705,0x00,0x10,0},
    {0x6c,0x3706,0x3e,0x10,0},
    {0x6c,0x3707,0x0d,0x10,0},
    {0x6c,0x3708,0x50,0x10,0},
    {0x6c,0x3709,0x5a,0x10,0},
    {0x6c,0x370a,0x00,0x10,0},
    {0x6c,0x370b,0x96,0x10,0},
    {0x6c,0x3711,0x11,0x10,0},
    {0x6c,0x3712,0x13,0x10,0},
    {0x6c,0x3717,0x02,0x10,0},
    {0x6c,0x3718,0x73,0x10,0},
    {0x6c,0x372c,0x40,0x10,0},
    {0x6c,0x3733,0x01,0x10,0},
    {0x6c,0x3738,0x36,0x10,0},
    {0x6c,0x3739,0x36,0x10,0},
    {0x6c,0x373a,0x25,0x10,0},
    {0x6c,0x373b,0x25,0x10,0},
    {0x6c,0x373f,0x21,0x10,0},
    {0x6c,0x3740,0x21,0x10,0},
    {0x6c,0x3741,0x21,0x10,0},
    {0x6c,0x3742,0x21,0x10,0},
    {0x6c,0x3747,0x28,0x10,0},
    {0x6c,0x3748,0x28,0x10,0},
    {0x6c,0x3749,0x19,0x10,0},
    {0x6c,0x3755,0x1a,0x10,0},
    {0x6c,0x3756,0x0a,0x10,0},
    {0x6c,0x3757,0x1c,0x10,0},
    {0x6c,0x3765,0x19,0x10,0},
    {0x6c,0x3766,0x05,0x10,0},
    {0x6c,0x3767,0x05,0x10,0},
    {0x6c,0x3768,0x13,0x10,0},
    {0x6c,0x376c,0x07,0x10,0},
    {0x6c,0x3778,0x20,0x10,0},
    {0x6c,0x377c,0xc8,0x10,0},
    {0x6c,0x379c,0x58,0x10,0},
    {0x6c,0x379e,0x00,0x10,0},
    {0x6c,0x379f,0x00,0x10,0},
    {0x6c,0x37a0,0x00,0x10,0},
    {0x6c,0x37bc,0x22,0x10,0},
    {0x6c,0x37c0,0x01,0x10,0},
    {0x6c,0x37c4,0x3e,0x10,0},
    {0x6c,0x37c5,0x3e,0x10,0},
    {0x6c,0x37c6,0x2a,0x10,0},
    {0x6c,0x37c7,0x28,0x10,0},
    {0x6c,0x37c8,0x02,0x10,0},
    {0x6c,0x37c9,0x12,0x10,0},
    {0x6c,0x37cb,0x29,0x10,0},
    {0x6c,0x37cd,0x29,0x10,0},
    {0x6c,0x37d2,0x00,0x10,0},
    {0x6c,0x37d3,0x73,0x10,0},
    {0x6c,0x37d6,0x00,0x10,0},
    {0x6c,0x37d7,0x6b,0x10,0},
    {0x6c,0x37dc,0x00,0x10,0},
    {0x6c,0x37df,0x54,0x10,0},
    {0x6c,0x37e2,0x00,0x10,0},
    {0x6c,0x37e3,0x00,0x10,0},
    {0x6c,0x37f8,0x00,0x10,0},
    {0x6c,0x37f9,0x01,0x10,0},
    {0x6c,0x37fa,0x00,0x10,0},
    {0x6c,0x37fb,0x19,0x10,0},
    {0x6c,0x3c03,0x01,0x10,0},
    {0x6c,0x3c04,0x01,0x10,0},
    {0x6c,0x3c06,0x21,0x10,0},
    {0x6c,0x3c08,0x01,0x10,0},
    {0x6c,0x3c09,0x01,0x10,0},
    {0x6c,0x3c0a,0x01,0x10,0},
    {0x6c,0x3c0b,0x21,0x10,0},
    {0x6c,0x3c13,0x21,0x10,0},
    {0x6c,0x3c14,0x82,0x10,0},
    {0x6c,0x3c16,0x13,0x10,0},
    {0x6c,0x3c21,0x00,0x10,0},
    {0x6c,0x3c22,0xf3,0x10,0},
    {0x6c,0x3c37,0x12,0x10,0},
    {0x6c,0x3c38,0x31,0x10,0},
    {0x6c,0x3c3c,0x00,0x10,0},
    {0x6c,0x3c3d,0x03,0x10,0},
    {0x6c,0x3c44,0x16,0x10,0},
    {0x6c,0x3c5c,0x8a,0x10,0},
    {0x6c,0x3c5f,0x03,0x10,0},
    {0x6c,0x3c61,0x80,0x10,0},
    {0x6c,0x3c6f,0x2b,0x10,0},
    {0x6c,0x3c70,0x5f,0x10,0},
    {0x6c,0x3c71,0x2c,0x10,0},
    {0x6c,0x3c72,0x2c,0x10,0},
    {0x6c,0x3c73,0x2c,0x10,0},
    {0x6c,0x3c76,0x12,0x10,0},
    {0x6c,0x3182,0x12,0x10,0},
    {0x6c,0x320e,0x00,0x10,0},
    {0x6c,0x320f,0x00,0x10,0},
    {0x6c,0x3211,0x61,0x10,0},
    {0x6c,0x3215,0xcd,0x10,0},
    {0x6c,0x3219,0x08,0x10,0},
    {0x6c,0x350a,0x01,0x10,0},
    {0x6c,0x350b,0x00,0x10,0},
    {0x6c,0x350c,0x00,0x10,0},
    {0x6c,0x358a,0x01,0x10,0},
    {0x6c,0x358b,0x00,0x10,0},
    {0x6c,0x358c,0x00,0x10,0},
    {0x6c,0x3541,0x00,0x10,0},
    {0x6c,0x3542,0x04,0x10,0},
    {0x6c,0x3548,0x04,0x10,0},
    {0x6c,0x3549,0x40,0x10,0},
    {0x6c,0x354a,0x01,0x10,0},
    {0x6c,0x354b,0x00,0x10,0},
    {0x6c,0x354c,0x00,0x10,0},
    {0x6c,0x35c1,0x00,0x10,0},
    {0x6c,0x35c2,0x02,0x10,0},
    {0x6c,0x3600,0x8f,0x10,0},
    {0x6c,0x3605,0x16,0x10,0},
    {0x6c,0x3609,0xf0,0x10,0},
    {0x6c,0x360a,0x01,0x10,0},
    {0x6c,0x360e,0x1d,0x10,0},
    {0x6c,0x360f,0x10,0x10,0},
    {0x6c,0x3610,0x70,0x10,0},
    {0x6c,0x3611,0x3a,0x10,0},
    {0x6c,0x3612,0x28,0x10,0},
    {0x6c,0x3615,0x81,0x10,0},
    {0x6c,0x361a,0x29,0x10,0},
    {0x6c,0x361b,0x6c,0x10,0},
    {0x6c,0x361c,0x0e,0x10,0},
    {0x6c,0x361d,0x00,0x10,0},
    {0x6c,0x361e,0xfc,0x10,0},
    {0x6c,0x362a,0x00,0x10,0},
    {0x6c,0x364d,0x0f,0x10,0},
    {0x6c,0x364e,0x18,0x10,0},
    {0x6c,0x364f,0x12,0x10,0},
    {0x6c,0x3653,0x1c,0x10,0},
    {0x6c,0x3654,0x00,0x10,0},
    {0x6c,0x3655,0x1f,0x10,0},
    {0x6c,0x3656,0x1f,0x10,0},
    {0x6c,0x3657,0x0c,0x10,0},
    {0x6c,0x3658,0x0a,0x10,0},
    {0x6c,0x3659,0x14,0x10,0},
    {0x6c,0x365a,0x18,0x10,0},
    {0x6c,0x365b,0x14,0x10,0},
    {0x6c,0x365c,0x10,0x10,0},
    {0x6c,0x365e,0x12,0x10,0},
    {0x6c,0x3674,0x08,0x10,0},
    {0x6c,0x3677,0x3a,0x10,0},
    {0x6c,0x3678,0x3a,0x10,0},
    {0x6c,0x3679,0x19,0x10,0},
    {0x6c,0x3802,0x00,0x10,0},
    {0x6c,0x3803,0x04,0x10,0},
    {0x6c,0x3806,0x05,0x10,0},
    {0x6c,0x3807,0x0b,0x10,0},
    {0x6c,0x3808,0x07,0x10,0},
    {0x6c,0x3809,0x80,0x10,0},
    {0x6c,0x380a,0x05,0x10,0},
    {0x6c,0x380b,0x00,0x10,0},
    {0x6c,0x380c,0x04,0x10,0},
    {0x6c,0x380d,0x47,0x10,0},
    {0x6c,0x380e,0x02,0x10,0},
    {0x6c,0x380f,0xb0,0x10,0},
    {0x6c,0x3810,0x00,0x10,0},
    {0x6c,0x3811,0x08,0x10,0},
    {0x6c,0x3812,0x00,0x10,0},
    {0x6c,0x3813,0x04,0x10,0},
    {0x6c,0x3816,0x01,0x10,0},
    {0x6c,0x3817,0x01,0x10,0},
    {0x6c,0x381c,0x18,0x10,0},
    {0x6c,0x381e,0x01,0x10,0},
    {0x6c,0x381f,0x01,0x10,0},
    {0x6c,0x3820,0x00,0x10,0},
    {0x6c,0x3821,0x19,0x10,0},
    {0x6c,0x3832,0x00,0x10,0},
    {0x6c,0x3834,0x00,0x10,0},
    {0x6c,0x384c,0x02,0x10,0},
    {0x6c,0x384d,0x0d,0x10,0},
    {0x6c,0x3850,0x00,0x10,0},
    {0x6c,0x3851,0x42,0x10,0},
    {0x6c,0x3852,0x00,0x10,0},
    {0x6c,0x3853,0x40,0x10,0},
    {0x6c,0x3858,0x04,0x10,0},
    {0x6c,0x388c,0x02,0x10,0},
    {0x6c,0x388d,0x2b,0x10,0},
    {0x6c,0x3b40,0x05,0x10,0},
    {0x6c,0x3b41,0x40,0x10,0},
    {0x6c,0x3b42,0x00,0x10,0},
    {0x6c,0x3b43,0x90,0x10,0},
    {0x6c,0x3b44,0x00,0x10,0},
    {0x6c,0x3b45,0x20,0x10,0},
    {0x6c,0x3b46,0x00,0x10,0},
    {0x6c,0x3b47,0x20,0x10,0},
    {0x6c,0x3b48,0x1f,0x10,0},
    {0x6c,0x3b49,0x18,0x10,0},
    {0x6c,0x3b4a,0x1c,0x10,0},
    {0x6c,0x3b4b,0x34,0x10,0},
    {0x6c,0x3b4c,0x00,0x10,0},
    {0x6c,0x3b4d,0x00,0x10,0},
    {0x6c,0x3b86,0x00,0x10,0},
    {0x6c,0x3b87,0x34,0x10,0},
    {0x6c,0x3b88,0x00,0x10,0},
    {0x6c,0x3b89,0x08,0x10,0},
    {0x6c,0x3b8a,0x05,0x10,0},
    {0x6c,0x3b8b,0x00,0x10,0},
    {0x6c,0x3b8c,0x07,0x10,0},
    {0x6c,0x3b8d,0x80,0x10,0},
    {0x6c,0x3b8e,0x00,0x10,0},
    {0x6c,0x3b8f,0x00,0x10,0},
    {0x6c,0x3b92,0x05,0x10,0},
    {0x6c,0x3b93,0x00,0x10,0},
    {0x6c,0x3b94,0x07,0x10,0},
    {0x6c,0x3b95,0x80,0x10,0},
    {0x6c,0x3b9e,0x09,0x10,0},
    {0x6c,0x3d8a,0x03,0x10,0},
    {0x6c,0x3d8b,0xff,0x10,0},
    {0x6c,0x420e,0x6b,0x10,0},
    {0x6c,0x420f,0x6e,0x10,0},
    {0x6c,0x4210,0x06,0x10,0},
    {0x6c,0x4211,0xc1,0x10,0},
    {0x6c,0x421e,0x02,0x10,0},
    {0x6c,0x421f,0x45,0x10,0},
    {0x6c,0x4220,0xc1,0x10,0},
    {0x6c,0x4221,0x05,0x10,0},
    {0x6c,0x4301,0xff,0x10,0},
    {0x6c,0x4307,0x03,0x10,0},
    {0x6c,0x4308,0x13,0x10,0},
    {0x6c,0x430a,0x13,0x10,0},
    {0x6c,0x430d,0x93,0x10,0},
    {0x6c,0x430f,0x57,0x10,0},
    {0x6c,0x4310,0x95,0x10,0},
    {0x6c,0x4311,0x16,0x10,0},
    {0x6c,0x4316,0x00,0x10,0},
    {0x6c,0x4317,0x38,0x10,0},
    {0x6c,0x4319,0x03,0x10,0},
    {0x6c,0x431b,0x00,0x10,0},
    {0x6c,0x431d,0x2a,0x10,0},
    {0x6c,0x431e,0x11,0x10,0},
    {0x6c,0x431f,0x20,0x10,0},
    {0x6c,0x4320,0x19,0x10,0},
    {0x6c,0x4323,0x80,0x10,0},
    {0x6c,0x4324,0x00,0x10,0},
    {0x6c,0x4503,0x4e,0x10,0},
    {0x6c,0x4505,0x00,0x10,0},
    {0x6c,0x4509,0x00,0x10,0},
    {0x6c,0x450a,0x00,0x10,0},
    {0x6c,0x4580,0xf8,0x10,0},
    {0x6c,0x4583,0x07,0x10,0},
    {0x6c,0x4584,0x6a,0x10,0},
    {0x6c,0x4585,0x08,0x10,0},
    {0x6c,0x4586,0x05,0x10,0},
    {0x6c,0x4587,0x04,0x10,0},
    {0x6c,0x4588,0x73,0x10,0},
    {0x6c,0x4589,0x05,0x10,0},
    {0x6c,0x458a,0x1f,0x10,0},
    {0x6c,0x458b,0x02,0x10,0},
    {0x6c,0x458c,0xdc,0x10,0},
    {0x6c,0x458d,0x03,0x10,0},
    {0x6c,0x458e,0x02,0x10,0},
    {0x6c,0x4599,0x0e,0x10,0},
    {0x6c,0x459a,0x0e,0x10,0},
    {0x6c,0x459b,0xfb,0x10,0},
    {0x6c,0x459c,0xf3,0x10,0},
    {0x6c,0x4602,0x00,0x10,0},
    {0x6c,0x4603,0x13,0x10,0},
    {0x6c,0x4604,0x00,0x10,0},
    {0x6c,0x4609,0x0a,0x10,0},
    {0x6c,0x460a,0x30,0x10,0},
    {0x6c,0x4610,0x00,0x10,0},
    {0x6c,0x4611,0x70,0x10,0},
    {0x6c,0x4612,0x01,0x10,0},
    {0x6c,0x4613,0x00,0x10,0},
    {0x6c,0x4614,0x00,0x10,0},
    {0x6c,0x4615,0x70,0x10,0},
    {0x6c,0x4616,0x01,0x10,0},
    {0x6c,0x4617,0x00,0x10,0},
    {0x6c,0x4800,0x04,0x10,0},
    {0x6c,0x480a,0x22,0x10,0},
    {0x6c,0x4813,0xe4,0x10,0},
    {0x6c,0x4814,0x2a,0x10,0},
    {0x6c,0x4837,0x0d,0x10,0},
    {0x6c,0x484b,0x47,0x10,0},
    {0x6c,0x484f,0x00,0x10,0},
    {0x6c,0x4887,0x51,0x10,0},
    {0x6c,0x4d00,0x4a,0x10,0},
    {0x6c,0x4d01,0x18,0x10,0},
    {0x6c,0x4d05,0xff,0x10,0},
    {0x6c,0x4d06,0x88,0x10,0},
    {0x6c,0x4d08,0x63,0x10,0},
    {0x6c,0x4d09,0xdf,0x10,0},
    {0x6c,0x4d15,0x7d,0x10,0},
    {0x6c,0x4d17,0x00,0x10,0},
    {0x6c,0x4d18,0x79,0x10,0},
    {0x6c,0x4d1a,0x20,0x10,0},
    {0x6c,0x4d30,0x01,0x10,0},
    {0x6c,0x4d31,0x00,0x10,0},
    {0x6c,0x4d34,0x7d,0x10,0},
    {0x6c,0x4d3c,0x7d,0x10,0},
    {0x6c,0x4d5a,0x12,0x10,0},
    {0x6c,0x4f00,0x3f,0x10,0},
    {0x6c,0x4f01,0xff,0x10,0},
    {0x6c,0x4f02,0xff,0x10,0},
    {0x6c,0x4f03,0x2c,0x10,0},
    {0x6c,0x4f04,0xe0,0x10,0},
    {0x6c,0x6a00,0x00,0x10,0},
    {0x6c,0x6a01,0x20,0x10,0},
    {0x6c,0x6a02,0x00,0x10,0},
    {0x6c,0x6a03,0x20,0x10,0},
    {0x6c,0x6a04,0x02,0x10,0},
    {0x6c,0x6a05,0x80,0x10,0},
    {0x6c,0x6a06,0x01,0x10,0},
    {0x6c,0x6a07,0xe0,0x10,0},
    {0x6c,0x6a08,0xcf,0x10,0},
    {0x6c,0x6a09,0x01,0x10,0},
    {0x6c,0x6a0a,0x40,0x10,0},
    {0x6c,0x6a20,0x00,0x10,0},
    {0x6c,0x6a21,0x02,0x10,0},
    {0x6c,0x6a22,0x00,0x10,0},
    {0x6c,0x6a23,0x00,0x10,0},
    {0x6c,0x6a24,0x00,0x10,0},
    {0x6c,0x6a25,0x00,0x10,0},
    {0x6c,0x6a26,0x00,0x10,0},
    {0x6c,0x6a27,0x00,0x10,0},
    {0x6c,0x6a28,0x00,0x10,0},
    {0x6c,0x5000,0x8f,0x10,0},
    {0x6c,0x5001,0x75,0x10,0},
    {0x6c,0x5002,0x3f,0x10,0},
    {0x6c,0x5003,0x2a,0x10,0},
    {0x6c,0x5004,0x3e,0x10,0},
    {0x6c,0x5005,0x1e,0x10,0},
    {0x6c,0x5006,0x1e,0x10,0},
    {0x6c,0x5007,0x1e,0x10,0},
    {0x6c,0x5008,0x00,0x10,0},
    {0x6c,0x500c,0x00,0x10,0},
    {0x6c,0x502c,0x0f,0x10,0},
    {0x6c,0x502e,0x00,0x10,0},
    {0x6c,0x502f,0x00,0x10,0},
    {0x6c,0x504b,0x04,0x10,0},
    {0x6c,0x5053,0x03,0x10,0},
    {0x6c,0x505b,0x02,0x10,0},
    {0x6c,0x5063,0x01,0x10,0},
    {0x6c,0x5070,0x00,0x10,0},
    {0x6c,0x5074,0x49,0x10,0},
    {0x6c,0x507a,0x04,0x10,0},
    {0x6c,0x507b,0x09,0x10,0},
    {0x6c,0x5500,0x02,0x10,0},
    {0x6c,0x5700,0x02,0x10,0},
    {0x6c,0x5900,0x02,0x10,0},
    {0x6c,0x6007,0x04,0x10,0},
    {0x6c,0x6008,0x05,0x10,0},
    {0x6c,0x6009,0x04,0x10,0},
    {0x6c,0x600b,0x08,0x10,0},
    {0x6c,0x600c,0x07,0x10,0},
    {0x6c,0x600d,0x88,0x10,0},
    {0x6c,0x6016,0x00,0x10,0},
    {0x6c,0x6027,0x04,0x10,0},
    {0x6c,0x6028,0x05,0x10,0},
    {0x6c,0x6029,0x04,0x10,0},
    {0x6c,0x602b,0x08,0x10,0},
    {0x6c,0x602c,0x07,0x10,0},
    {0x6c,0x602d,0x88,0x10,0},
    {0x6c,0x6047,0x04,0x10,0},
    {0x6c,0x6048,0x05,0x10,0},
    {0x6c,0x6049,0x04,0x10,0},
    {0x6c,0x604b,0x08,0x10,0},
    {0x6c,0x604c,0x07,0x10,0},
    {0x6c,0x604d,0x88,0x10,0},
    {0x6c,0x6067,0x04,0x10,0},
    {0x6c,0x6068,0x05,0x10,0},
    {0x6c,0x6069,0x04,0x10,0},
    {0x6c,0x606b,0x08,0x10,0},
    {0x6c,0x606c,0x07,0x10,0},
    {0x6c,0x606d,0x88,0x10,0},
    {0x6c,0x6087,0x04,0x10,0},
    {0x6c,0x6088,0x05,0x10,0},
    {0x6c,0x6089,0x04,0x10,0},
    {0x6c,0x608b,0x08,0x10,0},
    {0x6c,0x608c,0x07,0x10,0},
    {0x6c,0x608d,0x88,0x10,0},
    {0x6c,0x5e00,0x00,0x10,0},
    {0x6c,0x5e01,0x08,0x10,0},
    {0x6c,0x5e02,0x09,0x10,0},
    {0x6c,0x5e03,0x0a,0x10,0},
    {0x6c,0x5e04,0x0b,0x10,0},
    {0x6c,0x5e05,0x0c,0x10,0},
    {0x6c,0x5e06,0x0c,0x10,0},
    {0x6c,0x5e07,0x0c,0x10,0},
    {0x6c,0x5e08,0x0c,0x10,0},
    {0x6c,0x5e09,0x0c,0x10,0},
    {0x6c,0x5e0a,0x0d,0x10,0},
    {0x6c,0x5e0b,0x0d,0x10,0},
    {0x6c,0x5e0c,0x0d,0x10,0},
    {0x6c,0x5e0d,0x0d,0x10,0},
    {0x6c,0x5e0e,0x0d,0x10,0},
    {0x6c,0x5e0f,0x0e,0x10,0},
    {0x6c,0x5e10,0x0e,0x10,0},
    {0x6c,0x5e11,0x0e,0x10,0},
    {0x6c,0x5e12,0x0e,0x10,0},
    {0x6c,0x5e13,0x0f,0x10,0},
    {0x6c,0x5e14,0x0f,0x10,0},
    {0x6c,0x5e15,0x10,0x10,0},
    {0x6c,0x5e16,0x11,0x10,0},
    {0x6c,0x5e17,0x11,0x10,0},
    {0x6c,0x5e18,0x12,0x10,0},
    {0x6c,0x5e19,0x12,0x10,0},
    {0x6c,0x5e1a,0x13,0x10,0},
    {0x6c,0x5e1b,0x13,0x10,0},
    {0x6c,0x5e1c,0x14,0x10,0},
    {0x6c,0x5e1d,0x14,0x10,0},
    {0x6c,0x5e1e,0x16,0x10,0},
    {0x6c,0x5e1f,0x16,0x10,0},
    {0x6c,0x5e20,0x16,0x10,0},
    {0x6c,0x5e21,0x08,0x10,0},
    {0x6c,0x5e22,0x00,0x10,0},
    {0x6c,0x5e23,0x01,0x10,0},
    {0x6c,0x5e24,0x00,0x10,0},
    {0x6c,0x5e25,0x00,0x10,0},
    {0x6c,0x5e26,0x00,0x10,0},
    {0x6c,0x5e27,0x3f,0x10,0},
    {0x6c,0x5e28,0x00,0x10,0},
    {0x6c,0x5e29,0x00,0x10,0},
    {0x6c,0x5e2a,0x40,0x10,0},
    {0x6c,0x5e2b,0x00,0x10,0},
    {0x6c,0x5e2c,0x00,0x10,0},
    {0x6c,0x5e2d,0x40,0x10,0},
    {0x6c,0x5e2e,0x00,0x10,0},
    {0x6c,0x5e2f,0x00,0x10,0},
    {0x6c,0x5e30,0x40,0x10,0},
    {0x6c,0x5e31,0x00,0x10,0},
    {0x6c,0x5e32,0x00,0x10,0},
    {0x6c,0x5e33,0x40,0x10,0},
    {0x6c,0x5e34,0x00,0x10,0},
    {0x6c,0x5e35,0x00,0x10,0},
    {0x6c,0x5e36,0x40,0x10,0},
    {0x6c,0x5e37,0x00,0x10,0},
    {0x6c,0x5e38,0x00,0x10,0},
    {0x6c,0x5e39,0x40,0x10,0},
    {0x6c,0x5e3a,0x00,0x10,0},
    {0x6c,0x5e3b,0x00,0x10,0},
    {0x6c,0x5e3c,0x40,0x10,0},
    {0x6c,0x5e3d,0x00,0x10,0},
    {0x6c,0x5e3e,0x00,0x10,0},
    {0x6c,0x5e3f,0x40,0x10,0},
    {0x6c,0x5e40,0x00,0x10,0},
    {0x6c,0x5e41,0x00,0x10,0},
	{0x6c,0x5e42,0x40,0x10,0},
	{0x6c,0x5e43,0x00,0x10,0},
	{0x6c,0x5e44,0x00,0x10,0},
	{0x6c,0x5e45,0x40,0x10,0},
	{0x6c,0x5e46,0x00,0x10,0},
	{0x6c,0x5e47,0x00,0x10,0},
	{0x6c,0x5e48,0x40,0x10,0},
	{0x6c,0x5e49,0x00,0x10,0},
	{0x6c,0x5e4a,0x00,0x10,0},
	{0x6c,0x5e4b,0x40,0x10,0},
	{0x6c,0x5e4c,0x00,0x10,0},
	{0x6c,0x5e4d,0x00,0x10,0},
	{0x6c,0x5e4e,0x40,0x10,0},
	{0x6c,0x5e4f,0x00,0x10,0},
	{0x6c,0x5e50,0x00,0x10,0},
	{0x6c,0x5e51,0x40,0x10,0},
	{0x6c,0x5e52,0x00,0x10,0},
	{0x6c,0x5e53,0x00,0x10,0},
	{0x6c,0x5e54,0x40,0x10,0},
	{0x6c,0x5e55,0x00,0x10,0},
	{0x6c,0x5e56,0x00,0x10,0},
	{0x6c,0x5e57,0x40,0x10,0},
	{0x6c,0x5e58,0x00,0x10,0},
	{0x6c,0x5e59,0x00,0x10,0},
	{0x6c,0x5e5a,0x80,0x10,0},
	{0x6c,0x5e5b,0x00,0x10,0},
	{0x6c,0x5e5c,0x00,0x10,0},
	{0x6c,0x5e5d,0x80,0x10,0},
	{0x6c,0x5e5e,0x00,0x10,0},
	{0x6c,0x5e5f,0x01,0x10,0},
	{0x6c,0x5e60,0x00,0x10,0},
	{0x6c,0x5e61,0x00,0x10,0},
	{0x6c,0x5e62,0x01,0x10,0},
	{0x6c,0x5e63,0x00,0x10,0},
	{0x6c,0x5e64,0x00,0x10,0},
	{0x6c,0x5e65,0x01,0x10,0},
	{0x6c,0x5e66,0x00,0x10,0},
	{0x6c,0x5e67,0x00,0x10,0},
	{0x6c,0x5e68,0x01,0x10,0},
	{0x6c,0x5e69,0x00,0x10,0},
	{0x6c,0x5e6a,0x00,0x10,0},
	{0x6c,0x5e6b,0x01,0x10,0},
	{0x6c,0x5e6c,0x00,0x10,0},
	{0x6c,0x5e6d,0x00,0x10,0},
	{0x6c,0x5e6e,0x01,0x10,0},
	{0x6c,0x5e6f,0x00,0x10,0},
	{0x6c,0x5e70,0x00,0x10,0},
	{0x6c,0x5e71,0x01,0x10,0},
	{0x6c,0x5e72,0x00,0x10,0},
	{0x6c,0x5e73,0x00,0x10,0},
	{0x6c,0x5e74,0x00,0x10,0},
	{0x6c,0x5e75,0x80,0x10,0},
	{0x6c,0x5e76,0x00,0x10,0},
	{0x6c,0x5e77,0x00,0x10,0},
	{0x6c,0x5e78,0x80,0x10,0},
	{0x6c,0x5e79,0x00,0x10,0},
	{0x6c,0x5e7a,0x00,0x10,0},
	{0x6c,0x5e7b,0x80,0x10,0},
	{0x6c,0x5e7c,0x00,0x10,0},
	{0x6c,0x5e7d,0x00,0x10,0},
	{0x6c,0x5e7e,0x80,0x10,0},
	{0x6c,0x5e7f,0x00,0x10,0},
	{0x6c,0x5e80,0x00,0x10,0},
	{0x6c,0x5e81,0x80,0x10,0},
	{0x6c,0x5e82,0x00,0x10,0},
	{0x6c,0x5e83,0x00,0x10,0},
	{0x6c,0x5e84,0x40,0x10,0},
	{0x6c,0x5f00,0x02,0x10,0},
	{0x6c,0x5f01,0x08,0x10,0},
	{0x6c,0x5f02,0x09,0x10,0},
	{0x6c,0x5f03,0x0a,0x10,0},
	{0x6c,0x5f04,0x0b,0x10,0},
	{0x6c,0x5f05,0x0c,0x10,0},
	{0x6c,0x5f06,0x0c,0x10,0},
	{0x6c,0x5f07,0x0c,0x10,0},
	{0x6c,0x5f08,0x0c,0x10,0},
	{0x6c,0x5f09,0x0c,0x10,0},
	{0x6c,0x5f0a,0x0d,0x10,0},
	{0x6c,0x5f0b,0x0d,0x10,0},
	{0x6c,0x5f0c,0x0d,0x10,0},
	{0x6c,0x5f0d,0x0d,0x10,0},
	{0x6c,0x5f0e,0x0d,0x10,0},
	{0x6c,0x5f0f,0x0e,0x10,0},
	{0x6c,0x5f10,0x0e,0x10,0},
	{0x6c,0x5f11,0x0e,0x10,0},
	{0x6c,0x5f12,0x0e,0x10,0},
	{0x6c,0x5f13,0x0f,0x10,0},
	{0x6c,0x5f14,0x0f,0x10,0},
	{0x6c,0x5f15,0x10,0x10,0},
	{0x6c,0x5f16,0x11,0x10,0},
	{0x6c,0x5f17,0x11,0x10,0},
	{0x6c,0x5f18,0x12,0x10,0},
	{0x6c,0x5f19,0x12,0x10,0},
	{0x6c,0x5f1a,0x13,0x10,0},
	{0x6c,0x5f1b,0x13,0x10,0},
	{0x6c,0x5f1c,0x14,0x10,0},
	{0x6c,0x5f1d,0x14,0x10,0},
	{0x6c,0x5f1e,0x16,0x10,0},
	{0x6c,0x5f1f,0x16,0x10,0},
	{0x6c,0x5f20,0x16,0x10,0},
	{0x6c,0x5f21,0x08,0x10,0},
	{0x6c,0x5f22,0x00,0x10,0},
	{0x6c,0x5f23,0x01,0x10,0},
	{0x6c,0x5f24,0x00,0x10,0},
	{0x6c,0x5f25,0x00,0x10,0},
	{0x6c,0x5f26,0x02,0x10,0},
	{0x6c,0x5f27,0x00,0x10,0},
	{0x6c,0x5f28,0x00,0x10,0},
	{0x6c,0x5f29,0x02,0x10,0},
	{0x6c,0x5f2a,0x00,0x10,0},
	{0x6c,0x5f2b,0x00,0x10,0},
	{0x6c,0x5f2c,0x02,0x10,0},
	{0x6c,0x5f2d,0x00,0x10,0},
	{0x6c,0x5f2e,0x00,0x10,0},
	{0x6c,0x5f2f,0x02,0x10,0},
	{0x6c,0x5f30,0x00,0x10,0},
	{0x6c,0x5f31,0x00,0x10,0},
	{0x6c,0x5f32,0x02,0x10,0},
	{0x6c,0x5f33,0x00,0x10,0},
	{0x6c,0x5f34,0x00,0x10,0},
	{0x6c,0x5f35,0x02,0x10,0},
	{0x6c,0x5f36,0x00,0x10,0},
	{0x6c,0x5f37,0x00,0x10,0},
	{0x6c,0x5f38,0x02,0x10,0},
	{0x6c,0x5f39,0x00,0x10,0},
	{0x6c,0x5f3a,0x00,0x10,0},
	{0x6c,0x5f3b,0x02,0x10,0},
	{0x6c,0x5f3c,0x00,0x10,0},
	{0x6c,0x5f3d,0x00,0x10,0},
	{0x6c,0x5f3e,0x02,0x10,0},
	{0x6c,0x5f3f,0x00,0x10,0},
	{0x6c,0x5f40,0x00,0x10,0},
	{0x6c,0x5f41,0x02,0x10,0},
	{0x6c,0x5f42,0x00,0x10,0},
	{0x6c,0x5f43,0x00,0x10,0},
	{0x6c,0x5f44,0x02,0x10,0},
	{0x6c,0x5f45,0x00,0x10,0},
	{0x6c,0x5f46,0x00,0x10,0},
	{0x6c,0x5f47,0x04,0x10,0},
	{0x6c,0x5f48,0x00,0x10,0},
	{0x6c,0x5f49,0x00,0x10,0},
	{0x6c,0x5f4a,0x04,0x10,0},
	{0x6c,0x5f4b,0x00,0x10,0},
	{0x6c,0x5f4c,0x00,0x10,0},
	{0x6c,0x5f4d,0x04,0x10,0},
	{0x6c,0x5f4e,0x00,0x10,0},
	{0x6c,0x5f4f,0x00,0x10,0},
	{0x6c,0x5f50,0x04,0x10,0},
	{0x6c,0x5f51,0x00,0x10,0},
	{0x6c,0x5f52,0x00,0x10,0},
	{0x6c,0x5f53,0x04,0x10,0},
	{0x6c,0x5f54,0x00,0x10,0},
	{0x6c,0x5f55,0x00,0x10,0},
	{0x6c,0x5f56,0x04,0x10,0},
	{0x6c,0x5f57,0x00,0x10,0},
	{0x6c,0x5f58,0x00,0x10,0},
	{0x6c,0x5f59,0x04,0x10,0},
	{0x6c,0x5f5a,0x00,0x10,0},
	{0x6c,0x5f5b,0x00,0x10,0},
	{0x6c,0x5f5c,0x04,0x10,0},
	{0x6c,0x5f5d,0x00,0x10,0},
	{0x6c,0x5f5e,0x00,0x10,0},
	{0x6c,0x5f5f,0x08,0x10,0},
	{0x6c,0x5f60,0x00,0x10,0},
	{0x6c,0x5f61,0x00,0x10,0},
	{0x6c,0x5f62,0x08,0x10,0},
	{0x6c,0x5f63,0x00,0x10,0},
	{0x6c,0x5f64,0x00,0x10,0},
	{0x6c,0x5f65,0x08,0x10,0},
	{0x6c,0x5f66,0x00,0x10,0},
	{0x6c,0x5f67,0x00,0x10,0},
	{0x6c,0x5f68,0x08,0x10,0},
	{0x6c,0x5f69,0x00,0x10,0},
	{0x6c,0x5f6a,0x00,0x10,0},
	{0x6c,0x5f6b,0x08,0x10,0},
	{0x6c,0x5f6c,0x00,0x10,0},
	{0x6c,0x5f6d,0x00,0x10,0},
	{0x6c,0x5f6e,0x10,0x10,0},
	{0x6c,0x5f6f,0x00,0x10,0},
	{0x6c,0x5f70,0x00,0x10,0},
	{0x6c,0x5f71,0x10,0x10,0},
	{0x6c,0x5f72,0x00,0x10,0},
	{0x6c,0x5f73,0x00,0x10,0},
	{0x6c,0x5f74,0x10,0x10,0},
	{0x6c,0x5f75,0x00,0x10,0},
	{0x6c,0x5f76,0x00,0x10,0},
	{0x6c,0x5f77,0x10,0x10,0},
	{0x6c,0x5f78,0x00,0x10,0},
	{0x6c,0x5f79,0x00,0x10,0},
	{0x6c,0x5f7a,0x20,0x10,0},
	{0x6c,0x5f7b,0x00,0x10,0},
	{0x6c,0x5f7c,0x00,0x10,0},
	{0x6c,0x5f7d,0x20,0x10,0},
	{0x6c,0x5f7e,0x00,0x10,0},
	{0x6c,0x5f7f,0x00,0x10,0},
	{0x6c,0x5f80,0x20,0x10,0},
	{0x6c,0x5f81,0x00,0x10,0},
	{0x6c,0x5f82,0x00,0x10,0},
	{0x6c,0x5f83,0x00,0x10,0},
	{0x6c,0x5f84,0xff,0x10,0},
	{0x6c,0x5240,0x0f,0x10,0},
	{0x6c,0x5243,0x00,0x10,0},
	{0x6c,0x5244,0x00,0x10,0},
	{0x6c,0x5245,0x00,0x10,0},
	{0x6c,0x5246,0x00,0x10,0},
	{0x6c,0x5247,0x00,0x10,0},
	{0x6c,0x5248,0x00,0x10,0},
	{0x6c,0x5249,0x00,0x10,0},
	{0x6c,0x5440,0x0f,0x10,0},
	{0x6c,0x5443,0x00,0x10,0},
	{0x6c,0x5445,0x00,0x10,0},
	{0x6c,0x5447,0x00,0x10,0},
	{0x6c,0x5448,0x00,0x10,0},
	{0x6c,0x5449,0x00,0x10,0},
	{0x6c,0x5640,0x0f,0x10,0},
	{0x6c,0x5642,0x00,0x10,0},
	{0x6c,0x5643,0x00,0x10,0},
	{0x6c,0x5644,0x00,0x10,0},
	{0x6c,0x5645,0x00,0x10,0},
	{0x6c,0x5646,0x00,0x10,0},
	{0x6c,0x5647,0x00,0x10,0},
	{0x6c,0x5649,0x00,0x10,0},
	{0x6c,0x5840,0x0f,0x10,0},
	{0x6c,0x5842,0x00,0x10,0},
	{0x6c,0x5843,0x00,0x10,0},
	{0x6c,0x5845,0x00,0x10,0},
	{0x6c,0x5846,0x00,0x10,0},
	{0x6c,0x5847,0x00,0x10,0},
	{0x6c,0x5848,0x00,0x10,0},
	{0x6c,0x5849,0x00,0x10,0},
	{0x6c,0x4001,0x2b,0x10,0},
	{0x6c,0x4018,0x12,0x10,0},
	{0x6c,0x4022,0x40,0x10,0},
	{0x6c,0x4023,0x20,0x10,0},
	{0x6c,0x4026,0x00,0x10,0},
	{0x6c,0x4027,0x40,0x10,0},
	{0x6c,0x4028,0x00,0x10,0},
	{0x6c,0x4029,0x40,0x10,0},
	{0x6c,0x402a,0x00,0x10,0},
	{0x6c,0x402b,0x40,0x10,0},
	{0x6c,0x402c,0x00,0x10,0},
	{0x6c,0x402d,0x40,0x10,0},
	{0x6c,0x405e,0x00,0x10,0},
	{0x6c,0x405f,0x00,0x10,0},
	{0x6c,0x4060,0x00,0x10,0},
	{0x6c,0x4061,0x00,0x10,0},
	{0x6c,0x4062,0x00,0x10,0},
	{0x6c,0x4063,0x00,0x10,0},
	{0x6c,0x4064,0x00,0x10,0},
	{0x6c,0x4065,0x00,0x10,0},
	{0x6c,0x4066,0x00,0x10,0},
	{0x6c,0x4067,0x00,0x10,0},
	{0x6c,0x4068,0x00,0x10,0},
	{0x6c,0x4069,0x00,0x10,0},
	{0x6c,0x406a,0x00,0x10,0},
	{0x6c,0x406b,0x00,0x10,0},
	{0x6c,0x406c,0x00,0x10,0},
	{0x6c,0x406d,0x00,0x10,0},
	{0x6c,0x406e,0x00,0x10,0},
	{0x6c,0x406f,0x00,0x10,0},
	{0x6c,0x4070,0x00,0x10,0},
	{0x6c,0x4071,0x00,0x10,0},
	{0x6c,0x4072,0x00,0x10,0},
	{0x6c,0x4073,0x00,0x10,0},
	{0x6c,0x4074,0x00,0x10,0},
	{0x6c,0x4075,0x00,0x10,0},
	{0x6c,0x4076,0x00,0x10,0},
	{0x6c,0x4077,0x00,0x10,0},
	{0x6c,0x4078,0x00,0x10,0},
	{0x6c,0x4079,0x00,0x10,0},
	{0x6c,0x407a,0x00,0x10,0},
	{0x6c,0x407b,0x00,0x10,0},
	{0x6c,0x407c,0x00,0x10,0},
	{0x6c,0x407d,0x00,0x10,0},
	{0x6c,0x407e,0xcc,0x10,0},
	{0x6c,0x407f,0x18,0x10,0},
	{0x6c,0x4080,0xff,0x10,0},
	{0x6c,0x4081,0xff,0x10,0},
	{0x6c,0x4082,0x01,0x10,0},
	{0x6c,0x4083,0x53,0x10,0},
	{0x6c,0x4084,0x01,0x10,0},
	{0x6c,0x4085,0x2b,0x10,0},
	{0x6c,0x4086,0x00,0x10,0},
	{0x6c,0x4087,0xb3,0x10,0},
	{0x6c,0x4640,0x40,0x10,0},
	{0x6c,0x4641,0x11,0x10,0},
	{0x6c,0x4642,0x0e,0x10,0},
	{0x6c,0x4643,0xee,0x10,0},
	{0x6c,0x4646,0x0f,0x10,0},
	{0x6c,0x4648,0x00,0x10,0},
	{0x6c,0x4649,0x03,0x10,0},
	{0x6c,0x4f04,0xf8,0x10,0},
	{0x6c,0x0307,0x05,0x10,0},
	{0x6c,0x4837,0x28,0x10,0},
	{0x6c,0x0408,0xe0,0x10,0},
	{0x6c,0x0409,0x20,0x10,0},
	{0x6c,0x040a,0x1b,0x10,0},
	{0x6c,0x040b,0xdb,0x10,0},
	{0x6c,0x040c,0xd7,0x10,0},
	{0x6c,0x040d,0x29,0x10,0},
	{0x6c,0x040e,0x07,0x10,0},
	{0x6c,0x380e,0x02,0x10,0},
	{0x6c,0x380f,0xb0,0x10,0},
	{0x6c,0x380c,0x08,0x10,0},
	{0x6c,0x380d,0x8e,0x10,0},
	{0x6c,0x384c,0x04,0x10,0},
	{0x6c,0x384d,0x1a,0x10,0},
	{0x6c,0x388c,0x04,0x10,0},
	{0x6c,0x388d,0x56,0x10,0},
	{0x6c,0x3502,0xe4,0x10,0},
	{0x6c,0x3501,0x01,0x10,0},
	{0x6c,0x3542,0xe4,0x10,0},
	{0x6c,0x35c2,0x00,0x10,0},
	{0x6c,0x430d,0x12,0x10,0},
	{0x6c,0x430e,0x12,0x10,0},
	{0x6c,0x430f,0x52,0x10,0},
	{0x6c,0x0100,0x01,0x10,200},
};

DATA_ELEMENT max_X8B_raw_array[] = {
    {0x90, 0x0313, 0x00, 0x10, 5},	 // disable MIPI output
	{0x80,0x0057,0x12,0x10,5},                // swap Y & Z
	{0x80,0x005B,0x11,0x10,5},                // swap Y & Z
	{0x80,0x0318,0x6C,0x10,200},                // raw12

    {0x80, 0x02d3, 0x04, 0x10, 5},	 // mfp7 config
	{0x80, 0x02D5, 0x07, 0x10, 5},	 // mfp7 config
	{0x80, 0x02d6, 0x04, 0x10, 5},	 // mfp8 config
	{0x80, 0x02D8, 0x07, 0x10, 5},	 // mfp8 config

    {0x80, 0x02be, 0x10, 0x10, 50},	 // mfp0 config
	//{0x80, 0x02c0, 0x07, 0x10, 5},	 // mfp0 config

	{0x90, 0x0003, 0x40, 0x10, 5}, //
	{0x90, 0x02c2, 0x83, 0x10, 5}, //
	{0x90, 0x02c3, 0xA7, 0x10, 5}, //
	{0x90, 0x0320, 0x2C, 0x10, 5}, // mipi 1200Mbps
    {0x6c,0x0103,0x01,0x10,0},
    {0x6c,0x0107,0x01,0x10,10},
    {0x6c,0x3208,0x04,0x10,0},
    {0x6c,0x4620,0x04,0x10,0},
    {0x6c,0x3208,0x14,0x10,0},
    {0x6c,0x3208,0x05,0x10,0},
    {0x6c,0x4620,0x04,0x10,0},
    {0x6c,0x3208,0x15,0x10,0},
    {0x6c,0x3208,0x02,0x10,0},
    {0x6c,0x3507,0x00,0x10,0},
    {0x6c,0x3208,0x12,0x10,0},
    {0x6c,0x3208,0xa2,0x10,0},
    {0x6c,0x0305,0x3c,0x10,0},
    {0x6c,0x0316,0x00,0x10,0},
    {0x6c,0x0317,0x00,0x10,0},
    {0x6c,0x0318,0x00,0x10,0},
    {0x6c,0x0320,0x02,0x10,0},
    {0x6c,0x0321,0x33,0x10,0},
    {0x6c,0x0325,0x95,0x10,0},
    {0x6c,0x0408,0xe7,0x10,0},
    {0x6c,0x0409,0xff,0x10,0},
    {0x6c,0x040a,0x2b,0x10,0},
    {0x6c,0x040b,0x32,0x10,0},
    {0x6c,0x040c,0x28,0x10,0},
    {0x6c,0x040d,0x5a,0x10,0},
    {0x6c,0x040e,0x0c,0x10,0},
    {0x6c,0x3002,0xf8,0x10,0},
    {0x6c,0x3012,0x41,0x10,0},
    {0x6c,0x2803,0xfe,0x10,0},
    {0x6c,0x280b,0x00,0x10,0},
    {0x6c,0x280c,0x79,0x10,0},
    {0x6c,0x3700,0x19,0x10,0},
    {0x6c,0x3705,0x00,0x10,0},
    {0x6c,0x3706,0x37,0x10,0},
    {0x6c,0x3708,0x32,0x10,0},
    {0x6c,0x3709,0x5e,0x10,0},
    {0x6c,0x370a,0x00,0x10,0},
    {0x6c,0x370b,0x83,0x10,0},
    {0x6c,0x370e,0x51,0x10,0},
    {0x6c,0x3712,0x13,0x10,0},
    {0x6c,0x3717,0x07,0x10,0},
    {0x6c,0x3718,0x72,0x10,0},
    {0x6c,0x3719,0x31,0x10,0},
    {0x6c,0x372b,0x01,0x10,0},
    {0x6c,0x372c,0xb0,0x10,0},
    {0x6c,0x372d,0x1e,0x10,0},
    {0x6c,0x3730,0x05,0x10,0},
    {0x6c,0x3731,0x43,0x10,0},
    {0x6c,0x3733,0x01,0x10,0},
    {0x6c,0x3738,0x27,0x10,0},
    {0x6c,0x3739,0x27,0x10,0},
    {0x6c,0x373a,0x22,0x10,0},
    {0x6c,0x373b,0x1a,0x10,0},
    {0x6c,0x373f,0x21,0x10,0},
    {0x6c,0x3740,0x21,0x10,0},
    {0x6c,0x3741,0x1b,0x10,0},
    {0x6c,0x3742,0x16,0x10,0},
    {0x6c,0x3745,0x01,0x10,0},
    {0x6c,0x3747,0x19,0x10,0},
    {0x6c,0x3748,0x19,0x10,0},
    {0x6c,0x3750,0x32,0x10,0},
    {0x6c,0x3755,0x14,0x10,0},
    {0x6c,0x3756,0x04,0x10,0},
    {0x6c,0x3757,0x16,0x10,0},
    {0x6c,0x3759,0x33,0x10,0},
    {0x6c,0x375a,0x00,0x10,0},
    {0x6c,0x375b,0x6d,0x10,0},
    {0x6c,0x376c,0x27,0x10,0},
    {0x6c,0x3778,0x20,0x10,0},
    {0x6c,0x377c,0xc8,0x10,0},
    {0x6c,0x3797,0x00,0x10,0},
    {0x6c,0x3798,0x00,0x10,0},
    {0x6c,0x3799,0x00,0x10,0},
    {0x6c,0x379c,0x58,0x10,0},
    {0x6c,0x379e,0x00,0x10,0},
    {0x6c,0x379f,0x00,0x10,0},
    {0x6c,0x37a0,0x00,0x10,0},
    {0x6c,0x37bc,0x22,0x10,0},
    {0x6c,0x37c0,0x01,0x10,0},
    {0x6c,0x37c4,0x34,0x10,0},
    {0x6c,0x37c5,0x2f,0x10,0},
    {0x6c,0x37c6,0x2a,0x10,0},
    {0x6c,0x37c7,0x1e,0x10,0},
    {0x6c,0x37c8,0x02,0x10,0},
    {0x6c,0x37c9,0x09,0x10,0},
    {0x6c,0x37d0,0x00,0x10,0},
    {0x6c,0x37d1,0x32,0x10,0},
    {0x6c,0x37d2,0x00,0x10,0},
    {0x6c,0x37d3,0x6c,0x10,0},
    {0x6c,0x37d5,0x32,0x10,0},
    {0x6c,0x37d6,0x00,0x10,0},
    {0x6c,0x37d7,0x66,0x10,0},
    {0x6c,0x37dc,0x5a,0x10,0},
    {0x6c,0x37dd,0x57,0x10,0},
    {0x6c,0x3c03,0x01,0x10,0},
    {0x6c,0x3c04,0x01,0x10,0},
    {0x6c,0x3c06,0x21,0x10,0},
    {0x6c,0x3c08,0x01,0x10,0},
    {0x6c,0x3c09,0x01,0x10,0},
    {0x6c,0x3c0a,0x01,0x10,0},
    {0x6c,0x3c0b,0x21,0x10,0},
    {0x6c,0x3c12,0x40,0x10,0},
    {0x6c,0x3c13,0x21,0x10,0},
    {0x6c,0x3c14,0x03,0x10,0},
    {0x6c,0x3c21,0x00,0x10,0},
    {0x6c,0x3c22,0xb3,0x10,0},
    {0x6c,0x3c2a,0x11,0x10,0},
    {0x6c,0x3c39,0x11,0x10,0},
    {0x6c,0x3c3a,0x01,0x10,0},
    {0x6c,0x3c3c,0x00,0x10,0},
    {0x6c,0x3c3d,0x01,0x10,0},
    {0x6c,0x3c3e,0x06,0x10,0},
    {0x6c,0x3c55,0x00,0x10,0},
    {0x6c,0x3c57,0x23,0x10,0},
    {0x6c,0x3c58,0x27,0x10,0},
    {0x6c,0x3c5a,0x11,0x10,0},
    {0x6c,0x3c5f,0x08,0x10,0},
    {0x6c,0x3c61,0x80,0x10,0},
    {0x6c,0x3c78,0x77,0x10,0},
    {0x6c,0x3cc0,0x00,0x10,0},
    {0x6c,0x3cc1,0x00,0x10,0},
    {0x6c,0x3cc2,0x00,0x10,0},
    {0x6c,0x3cc3,0x00,0x10,0},
    {0x6c,0x3cc8,0x00,0x10,0},
    {0x6c,0x3cc9,0x00,0x10,0},
    {0x6c,0x3cca,0x00,0x10,0},
    {0x6c,0x3ccb,0x00,0x10,0},
    {0x6c,0x3ce0,0x00,0x10,0},
    {0x6c,0x3ce1,0x01,0x10,0},
    {0x6c,0x3ce2,0x01,0x10,0},
    {0x6c,0x3ce3,0xd5,0x10,0},
    {0x6c,0x3ce8,0x00,0x10,0},
    {0x6c,0x3ce9,0x01,0x10,0},
    {0x6c,0x3cea,0x00,0x10,0},
    {0x6c,0x3ceb,0x58,0x10,0},
    {0x6c,0x320e,0x00,0x10,0},
    {0x6c,0x320f,0x00,0x10,0},
    {0x6c,0x3211,0x61,0x10,0},
    {0x6c,0x3215,0xcd,0x10,0},
    {0x6c,0x3219,0x08,0x10,0},
    {0x6c,0x3400,0x08,0x10,0},
    {0x6c,0x3408,0x01,0x10,0},
    {0x6c,0x3506,0x30,0x10,0},
    {0x6c,0x3586,0x50,0x10,0},
    {0x6c,0x3589,0x50,0x10,0},
    {0x6c,0x358b,0x04,0x10,0},
    {0x6c,0x3541,0x00,0x10,0},
    {0x6c,0x3542,0x04,0x10,0},
    {0x6c,0x3546,0x10,0x10,0},
    {0x6c,0x3548,0x01,0x10,0},
    {0x6c,0x35c2,0x02,0x10,0},
    {0x6c,0x35c6,0x90,0x10,0},
    {0x6c,0x35c9,0x50,0x10,0},
    {0x6c,0x35cb,0x04,0x10,0},
    {0x6c,0x3600,0x8f,0x10,0},
    {0x6c,0x3603,0x40,0x10,0},
    {0x6c,0x3606,0x00,0x10,0},
    {0x6c,0x3607,0x02,0x10,0},
    {0x6c,0x3609,0xe0,0x10,0},
    {0x6c,0x360a,0x01,0x10,0},
    {0x6c,0x360e,0x1d,0x10,0},
    {0x6c,0x3611,0x47,0x10,0},
    {0x6c,0x3616,0x8a,0x10,0},
    {0x6c,0x361b,0x5c,0x10,0},
    {0x6c,0x361e,0xdc,0x10,0},
    {0x6c,0x361f,0xca,0x10,0},
    {0x6c,0x3657,0x0a,0x10,0},
    {0x6c,0x3659,0x0a,0x10,0},
    {0x6c,0x365a,0x0f,0x10,0},
    {0x6c,0x3674,0x08,0x10,0},
    {0x6c,0x3677,0x47,0x10,0},
    {0x6c,0x3678,0x47,0x10,0},
    {0x6c,0x3802,0x00,0x10,0},
    {0x6c,0x3803,0x04,0x10,0},
    {0x6c,0x3806,0x08,0x10,0},
    {0x6c,0x3807,0x7b,0x10,0},
    {0x6c,0x3808,0x0f,0x10,0},
    {0x6c,0x3809,0x00,0x10,0},
    {0x6c,0x380a,0x08,0x10,0},
    {0x6c,0x380b,0x70,0x10,0},
    {0x6c,0x380c,0x03,0x10,0},
    {0x6c,0x380d,0xf5,0x10,0},
    {0x6c,0x380e,0x04,0x10,0},
    {0x6c,0x380f,0x66,0x10,0},
    {0x6c,0x3810,0x00,0x10,0},
    {0x6c,0x3811,0x08,0x10,0},
    {0x6c,0x3812,0x00,0x10,0},
    {0x6c,0x3813,0x04,0x10,0},
    {0x6c,0x3816,0x01,0x10,0},
    {0x6c,0x3817,0x01,0x10,0},
    {0x6c,0x381c,0x18,0x10,0},
    {0x6c,0x381e,0x01,0x10,0},
    {0x6c,0x381f,0x01,0x10,0},
    {0x6c,0x3820,0x00,0x10,0},
    {0x6c,0x3821,0x19,0x10,0},
    {0x6c,0x3832,0x00,0x10,0},
    {0x6c,0x3834,0x00,0x10,0},
    {0x6c,0x384c,0x01,0x10,0},
    {0x6c,0x384d,0xec,0x10,0},
    {0x6c,0x3850,0x00,0x10,0},
    {0x6c,0x3851,0x42,0x10,0},
    {0x6c,0x3852,0x00,0x10,0},
    {0x6c,0x3853,0x40,0x10,0},
    {0x6c,0x3858,0x04,0x10,0},
    {0x6c,0x388c,0x01,0x10,0},
    {0x6c,0x388d,0xe7,0x10,0},
    {0x6c,0x3b40,0x05,0x10,0},
    {0x6c,0x3b41,0x40,0x10,0},
    {0x6c,0x3b42,0x00,0x10,0},
    {0x6c,0x3b43,0x90,0x10,0},
    {0x6c,0x3b44,0x00,0x10,0},
    {0x6c,0x3b45,0x20,0x10,0},
    {0x6c,0x3b46,0x00,0x10,0},
    {0x6c,0x3b47,0x20,0x10,0},
    {0x6c,0x3b48,0x1a,0x10,0},
    {0x6c,0x3b49,0x13,0x10,0},
    {0x6c,0x3b4a,0x17,0x10,0},
    {0x6c,0x3b4b,0x2f,0x10,0},
    {0x6c,0x3b4c,0x00,0x10,0},
    {0x6c,0x3b4d,0x10,0x10,0},
    {0x6c,0x3b8a,0x08,0x10,0},
    {0x6c,0x3b8b,0x70,0x10,0},
    {0x6c,0x3b8c,0x0f,0x10,0},
    {0x6c,0x3b8d,0x00,0x10,0},
    {0x6c,0x3b92,0x08,0x10,0},
    {0x6c,0x3b93,0x70,0x10,0},
    {0x6c,0x3b94,0x0f,0x10,0},
    {0x6c,0x3b95,0x00,0x10,0},
    {0x6c,0x3b9e,0x09,0x10,0},
    {0x6c,0x3d8a,0x03,0x10,0},
    {0x6c,0x3d8b,0xff,0x10,0},
    {0x6c,0x3da4,0x00,0x10,0},
    {0x6c,0x420e,0x44,0x10,0},
    {0x6c,0x420f,0x41,0x10,0},
    {0x6c,0x4210,0x57,0x10,0},
    {0x6c,0x4211,0x78,0x10,0},
    {0x6c,0x421e,0x02,0x10,0},
    {0x6c,0x421f,0x55,0x10,0},
    {0x6c,0x4220,0xe1,0x10,0},
    {0x6c,0x4221,0x05,0x10,0},
    {0x6c,0x4301,0xff,0x10,0},
    {0x6c,0x4307,0x03,0x10,0},
    {0x6c,0x4308,0x13,0x10,0},
    {0x6c,0x4309,0x00,0x10,0},
    {0x6c,0x430a,0x13,0x10,0},
    {0x6c,0x430d,0x93,0x10,0},
    {0x6c,0x430f,0x57,0x10,0},
    {0x6c,0x4310,0x95,0x10,0},
    {0x6c,0x4311,0x16,0x10,0},
    {0x6c,0x4316,0x00,0x10,0},
    {0x6c,0x4317,0x38,0x10,0},
    {0x6c,0x4319,0x03,0x10,0},
    {0x6c,0x431a,0x00,0x10,0},
    {0x6c,0x431b,0x00,0x10,0},
    {0x6c,0x431c,0x27,0x10,0},
    {0x6c,0x431d,0x67,0x10,0},
    {0x6c,0x431e,0x11,0x10,0},
    {0x6c,0x431f,0x20,0x10,0},
    {0x6c,0x4320,0x3b,0x10,0},
    {0x6c,0x4323,0x80,0x10,0},
    {0x6c,0x4324,0x00,0x10,0},
    {0x6c,0x4503,0x4e,0x10,0},
    {0x6c,0x4505,0x00,0x10,0},
    {0x6c,0x4508,0x10,0x10,0},
    {0x6c,0x4509,0x00,0x10,0},
    {0x6c,0x450a,0x00,0x10,0},
    {0x6c,0x4583,0x07,0x10,0},
    {0x6c,0x4584,0x6a,0x10,0},
    {0x6c,0x4585,0x08,0x10,0},
    {0x6c,0x4586,0x05,0x10,0},
    {0x6c,0x4587,0x04,0x10,0},
    {0x6c,0x4588,0x73,0x10,0},
    {0x6c,0x4589,0x05,0x10,0},
    {0x6c,0x458a,0x1f,0x10,0},
    {0x6c,0x458b,0x02,0x10,0},
    {0x6c,0x458c,0xdc,0x10,0},
    {0x6c,0x458d,0x03,0x10,0},
    {0x6c,0x458e,0x02,0x10,0},
    {0x6c,0x4597,0x07,0x10,0},
    {0x6c,0x4598,0x40,0x10,0},
    {0x6c,0x4599,0x0c,0x10,0},
    {0x6c,0x459a,0x0c,0x10,0},
    {0x6c,0x459b,0xfa,0x10,0},
    {0x6c,0x459c,0xf8,0x10,0},
    {0x6c,0x4602,0x00,0x10,0},
    {0x6c,0x4603,0x13,0x10,0},
    {0x6c,0x4604,0x00,0x10,0},
    {0x6c,0x4606,0x06,0x10,0},
    {0x6c,0x4607,0x06,0x10,0},
    {0x6c,0x460a,0x30,0x10,0},
    {0x6c,0x4610,0x00,0x10,0},
    {0x6c,0x4611,0xe0,0x10,0},
    {0x6c,0x4612,0x01,0x10,0},
    {0x6c,0x4613,0x00,0x10,0},
    {0x6c,0x4614,0x00,0x10,0},
    {0x6c,0x4615,0xe0,0x10,0},
    {0x6c,0x4616,0x01,0x10,0},
    {0x6c,0x4617,0x00,0x10,0},
    {0x6c,0x4700,0xe0,0x10,0},
    {0x6c,0x4702,0x00,0x10,0},
    {0x6c,0x4800,0x04,0x10,0},
    {0x6c,0x480a,0x22,0x10,0},
    {0x6c,0x4813,0xe4,0x10,0},
    {0x6c,0x4814,0x2a,0x10,0},
    {0x6c,0x4837,0x0b,0x10,0},
    {0x6c,0x484b,0x47,0x10,0},
    {0x6c,0x484f,0x00,0x10,0},
    {0x6c,0x4850,0x47,0x10,0},
    {0x6c,0x4d30,0x0a,0x10,0},
    {0x6c,0x4d31,0x00,0x10,0},
    {0x6c,0x4d5a,0x1a,0x10,0},
    {0x6c,0x4f00,0x3f,0x10,0},
    {0x6c,0x4f01,0xff,0x10,0},
    {0x6c,0x4f02,0xff,0x10,0},
    {0x6c,0x4f03,0x2d,0x10,0},
    {0x6c,0x6a00,0x00,0x10,0},
    {0x6c,0x6a01,0x20,0x10,0},
    {0x6c,0x6a02,0x00,0x10,0},
    {0x6c,0x6a03,0x20,0x10,0},
    {0x6c,0x6a04,0x02,0x10,0},
    {0x6c,0x6a05,0x80,0x10,0},
    {0x6c,0x6a06,0x01,0x10,0},
    {0x6c,0x6a07,0xe0,0x10,0},
    {0x6c,0x6a08,0xcf,0x10,0},
    {0x6c,0x6a09,0x01,0x10,0},
    {0x6c,0x6a0a,0x40,0x10,0},
    {0x6c,0x6a20,0x00,0x10,0},
    {0x6c,0x6a21,0x04,0x10,0},
    {0x6c,0x6a22,0x00,0x10,0},
    {0x6c,0x6a23,0x00,0x10,0},
    {0x6c,0x6a24,0x00,0x10,0},
    {0x6c,0x6a25,0x00,0x10,0},
    {0x6c,0x6a26,0x00,0x10,0},
    {0x6c,0x6a27,0x00,0x10,0},
    {0x6c,0x6a28,0x00,0x10,0},
    {0x6c,0x5aef,0xd9,0x10,0},
    {0x6c,0x5af1,0xf0,0x10,0},
    {0x6c,0x5af3,0x03,0x10,0},
    {0x6c,0x5b79,0xd9,0x10,0},
    {0x6c,0x5b7b,0xf0,0x10,0},
    {0x6c,0x5b7d,0x03,0x10,0},
    {0x6c,0x5b7e,0x01,0x10,0},
    {0x6c,0x5200,0x04,0x10,0},
    {0x6c,0x5201,0x04,0x10,0},
    {0x6c,0x5202,0x04,0x10,0},
    {0x6c,0x5203,0x04,0x10,0},
    {0x6c,0x5400,0x04,0x10,0},
    {0x6c,0x5401,0x04,0x10,0},
    {0x6c,0x5402,0x04,0x10,0},
    {0x6c,0x5403,0x04,0x10,0},
    {0x6c,0x5600,0x04,0x10,0},
    {0x6c,0x5601,0x04,0x10,0},
    {0x6c,0x5602,0x04,0x10,0},
    {0x6c,0x5603,0x04,0x10,0},
    {0x6c,0x5800,0x04,0x10,0},
    {0x6c,0x5801,0x04,0x10,0},
    {0x6c,0x5802,0x04,0x10,0},
    {0x6c,0x5803,0x04,0x10,0},
    {0x6c,0x5b80,0xc0,0x10,0},
    {0x6c,0x5b84,0x02,0x10,0},
    {0x6c,0x5b85,0xcc,0x10,0},
    {0x6c,0x5b8e,0x80,0x10,0},
    {0x6c,0x5b8f,0x40,0x10,0},
    {0x6c,0x5b92,0x80,0x10,0},
    {0x6c,0x5b93,0x80,0x10,0},
    {0x6c,0x5b94,0x00,0x10,0},
    {0x6c,0x5b95,0x00,0x10,0},
    {0x6c,0x5b96,0x40,0x10,0},
    {0x6c,0x5b97,0x80,0x10,0},
    {0x6c,0x5b98,0x10,0x10,0},
    {0x6c,0x5b99,0x00,0x10,0},
    {0x6c,0x5b9a,0x00,0x10,0},
    {0x6c,0x5b9b,0x00,0x10,0},
    {0x6c,0x5b9c,0x00,0x10,0},
    {0x6c,0x5b9d,0x00,0x10,0},
    {0x6c,0x5b9e,0x00,0x10,0},
    {0x6c,0x5b9f,0x00,0x10,0},
    {0x6c,0x5ba0,0x00,0x10,0},
    {0x6c,0x5ba1,0x00,0x10,0},
    {0x6c,0x5ba2,0x00,0x10,0},
    {0x6c,0x5ba3,0x00,0x10,0},
    {0x6c,0x5ba4,0x00,0x10,0},
    {0x6c,0x5ba5,0x00,0x10,0},
    {0x6c,0x5ba8,0x00,0x10,0},
    {0x6c,0x5ba9,0xc0,0x10,0},
    {0x6c,0x5baa,0x01,0x10,0},
    {0x6c,0x5bab,0x40,0x10,0},
    {0x6c,0x5bac,0x02,0x10,0},
    {0x6c,0x5bad,0x40,0x10,0},
    {0x6c,0x5bae,0x00,0x10,0},
    {0x6c,0x5baf,0x60,0x10,0},
    {0x6c,0x5bb0,0x00,0x10,0},
    {0x6c,0x5bb1,0x80,0x10,0},
    {0x6c,0x5bb2,0x00,0x10,0},
    {0x6c,0x5bb3,0xc0,0x10,0},
    {0x6c,0x5bb4,0x05,0x10,0},
    {0x6c,0x5bb5,0xc6,0x10,0},
    {0x6c,0x5bb8,0x01,0x10,0},
    {0x6c,0x5bb9,0x01,0x10,0},
    {0x6c,0x5bba,0x01,0x10,0},
    {0x6c,0x5bbe,0x0a,0x10,0},
    {0x6c,0x5bc0,0x04,0x10,0},
    {0x6c,0x5bc1,0x06,0x10,0},
    {0x6c,0x5bc4,0x04,0x10,0},
    {0x6c,0x5bc5,0x02,0x10,0},
    {0x6c,0x5bc7,0x00,0x10,0},
    {0x6c,0x5bc8,0x80,0x10,0},
    {0x6c,0x5bd2,0x20,0x10,0},
    {0x6c,0x5bd4,0x40,0x10,0},
    {0x6c,0x5bd5,0x20,0x10,0},
    {0x6c,0x5bd6,0x00,0x10,0},
    {0x6c,0x5bd7,0x00,0x10,0},
    {0x6c,0x5bd8,0x00,0x10,0},
    {0x6c,0x5bd9,0x00,0x10,0},
    {0x6c,0x5bda,0x00,0x10,0},
    {0x6c,0x5bdb,0x00,0x10,0},
    {0x6c,0x5bdc,0x00,0x10,0},
    {0x6c,0x5bdd,0x00,0x10,0},
    {0x6c,0x5bde,0x00,0x10,0},
    {0x6c,0x5bdf,0x00,0x10,0},
    {0x6c,0x5be0,0x00,0x10,0},
    {0x6c,0x5be7,0x86,0x10,0},
    {0x6c,0x5c00,0xc0,0x10,0},
    {0x6c,0x5c04,0x02,0x10,0},
    {0x6c,0x5c05,0xcc,0x10,0},
    {0x6c,0x5c0f,0x80,0x10,0},
    {0x6c,0x5c12,0x60,0x10,0},
    {0x6c,0x5c13,0x10,0x10,0},
    {0x6c,0x5c14,0x80,0x10,0},
    {0x6c,0x5c15,0x80,0x10,0},
    {0x6c,0x5c16,0x80,0x10,0},
    {0x6c,0x5c17,0x20,0x10,0},
    {0x6c,0x5c18,0x00,0x10,0},
    {0x6c,0x5c19,0x80,0x10,0},
    {0x6c,0x5c1a,0x40,0x10,0},
    {0x6c,0x5c1b,0x20,0x10,0},
    {0x6c,0x5c1c,0x00,0x10,0},
    {0x6c,0x5c1d,0x00,0x10,0},
    {0x6c,0x5c1e,0x80,0x10,0},
    {0x6c,0x5c1f,0x00,0x10,0},
    {0x6c,0x5c22,0x00,0x10,0},
    {0x6c,0x5c23,0x00,0x10,0},
    {0x6c,0x5c24,0x00,0x10,0},
    {0x6c,0x5c28,0x02,0x10,0},
    {0x6c,0x5c29,0x00,0x10,0},
    {0x6c,0x5c2a,0x02,0x10,0},
    {0x6c,0x5c2b,0x76,0x10,0},
    {0x6c,0x5c2c,0x03,0x10,0},
    {0x6c,0x5c2d,0x08,0x10,0},
    {0x6c,0x5c2e,0x00,0x10,0},
    {0x6c,0x5c2f,0x40,0x10,0},
    {0x6c,0x5c30,0x01,0x10,0},
    {0x6c,0x5c31,0x00,0x10,0},
    {0x6c,0x5c32,0x02,0x10,0},
    {0x6c,0x5c33,0x00,0x10,0},
    {0x6c,0x5c34,0x05,0x10,0},
    {0x6c,0x5c35,0x33,0x10,0},
    {0x6c,0x5c38,0x01,0x10,0},
    {0x6c,0x5c39,0x01,0x10,0},
    {0x6c,0x5c3a,0x01,0x10,0},
    {0x6c,0x5c3e,0x0a,0x10,0},
    {0x6c,0x5c40,0x04,0x10,0},
    {0x6c,0x5c44,0x04,0x10,0},
    {0x6c,0x5c47,0x00,0x10,0},
    {0x6c,0x5c48,0x80,0x10,0},
    {0x6c,0x5c4d,0x40,0x10,0},
    {0x6c,0x5c51,0x60,0x10,0},
    {0x6c,0x5c52,0x20,0x10,0},
    {0x6c,0x5c54,0x80,0x10,0},
    {0x6c,0x5c55,0x80,0x10,0},
    {0x6c,0x5c56,0x20,0x10,0},
    {0x6c,0x5c57,0x00,0x10,0},
    {0x6c,0x5c59,0x40,0x10,0},
    {0x6c,0x5c5a,0x20,0x10,0},
    {0x6c,0x5c5b,0x00,0x10,0},
    {0x6c, 0x5c5c, 0x00,0x10,0},
    {0x6c, 0x5c5d, 0x80,0x10,0},
    {0x6c, 0x5c5e, 0x00,0x10,0},
    {0x6c, 0x5c5f, 0x00,0x10,0},
    {0x6c, 0x5c60, 0x00,0x10,0},
    {0x6c, 0x5c67, 0x86,0x10,0},
    {0x6c, 0x5c80, 0xc0,0x10,0},
    {0x6c, 0x5c84, 0x02,0x10,0},
    {0x6c, 0x5c85, 0xcc,0x10,0},
    {0x6c, 0x5c8e, 0x80,0x10,0},
    {0x6c, 0x5c8f, 0x80,0x10,0},
    {0x6c, 0x5c92, 0x80,0x10,0},
    {0x6c, 0x5c93, 0x60,0x10,0},
    {0x6c, 0x5c94, 0x80,0x10,0},
    {0x6c, 0x5c95, 0x80,0x10,0},
    {0x6c, 0x5c96, 0x80,0x10,0},
    {0x6c, 0x5c97, 0x60,0x10,0},
    {0x6c, 0x5c98, 0x40,0x10,0},
    {0x6c, 0x5c99, 0x80,0x10,0},
    {0x6c, 0x5c9a, 0x80,0x10,0},
    {0x6c, 0x5c9b, 0x80,0x10,0},
    {0x6c, 0x5c9c, 0x40,0x10,0},
    {0x6c, 0x5c9d, 0x20,0x10,0},
    {0x6c, 0x5c9e, 0x80,0x10,0},
    {0x6c, 0x5c9f, 0x80,0x10,0},
    {0x6c, 0x5ca0, 0x80,0x10,0},
    {0x6c, 0x5ca1, 0x20,0x10,0},
    {0x6c, 0x5ca2, 0x00,0x10,0},
    {0x6c, 0x5ca3, 0x80,0x10,0},
    {0x6c, 0x5ca4, 0x80,0x10,0},
    {0x6c, 0x5ca5, 0x80,0x10,0},
    {0x6c, 0x5ca8, 0x01,0x10,0},
    {0x6c, 0x5ca9, 0x00,0x10,0},
    {0x6c, 0x5caa, 0x02,0x10,0},
    {0x6c, 0x5cab, 0x00,0x10,0},
    {0x6c, 0x5cac, 0x03,0x10,0},
    {0x6c, 0x5cad, 0x08,0x10,0},
    {0x6c, 0x5cae, 0x01,0x10,0},
    {0x6c, 0x5caf, 0x00,0x10,0},
    {0x6c, 0x5cb0, 0x02,0x10,0},
    {0x6c, 0x5cb1, 0x00,0x10,0},
    {0x6c, 0x5cb2, 0x03,0x10,0},
    {0x6c, 0x5cb3, 0x08,0x10,0},
    {0x6c, 0x5cb4, 0x05,0x10,0},
    {0x6c, 0x5cb5, 0x33,0x10,0},
    {0x6c, 0x5cb8, 0x01,0x10,0},
    {0x6c, 0x5cb9, 0x01,0x10,0},
    {0x6c, 0x5cba, 0x01,0x10,0},
    {0x6c, 0x5cbe, 0x0a,0x10,0},
    {0x6c, 0x5cc6, 0x00,0x10,0},
    {0x6c, 0x5cc7, 0x00,0x10,0},
    {0x6c, 0x5cc8, 0x80,0x10,0},
    {0x6c, 0x5cd2, 0x60,0x10,0},
    {0x6c, 0x5cd5, 0x80,0x10,0},
    {0x6c, 0x5cd6, 0x60,0x10,0},
    {0x6c, 0x5cd9, 0x80,0x10,0},
    {0x6c, 0x5cda, 0x80,0x10,0},
    {0x6c, 0x5cdb, 0x40,0x10,0},
    {0x6c, 0x5cdd, 0x80,0x10,0},
    {0x6c, 0x5cde, 0x80,0x10,0},
    {0x6c, 0x5cdf, 0x80,0x10,0},
    {0x6c, 0x5ce2, 0x80,0x10,0},
    {0x6c, 0x5ce3, 0x80,0x10,0},
    {0x6c, 0x5ce4, 0x80,0x10,0},
    {0x6c, 0x5ce7, 0x86,0x10,0},
    {0x6c, 0x6006, 0x00,0x10,0},
    {0x6c, 0x6007, 0x04,0x10,0},
    {0x6c, 0x6008, 0x08,0x10,0},
    {0x6c, 0x6009, 0x72,0x10,0},
    {0x6c, 0x600a, 0x00,0x10,0},
    {0x6c, 0x600b, 0x08,0x10,0},
    {0x6c, 0x600c, 0x0f,0x10,0},
    {0x6c, 0x600d, 0x08,0x10,0},
    {0x6c, 0x6016, 0x00,0x10,0},
    {0x6c, 0x6026, 0x00,0x10,0},
    {0x6c, 0x6027, 0x04,0x10,0},
    {0x6c, 0x6028, 0x08,0x10,0},
    {0x6c, 0x6029, 0x72,0x10,0},
    {0x6c, 0x602a, 0x00,0x10,0},
    {0x6c, 0x602b, 0x08,0x10,0},
    {0x6c, 0x602c, 0x0f,0x10,0},
    {0x6c, 0x602d, 0x08,0x10,0},
    {0x6c, 0x6046, 0x00,0x10,0},
    {0x6c, 0x6047, 0x04,0x10,0},
    {0x6c, 0x6048, 0x08,0x10,0},
    {0x6c, 0x6049, 0x72,0x10,0},
    {0x6c, 0x604a, 0x00,0x10,0},
    {0x6c, 0x604b, 0x08,0x10,0},
    {0x6c, 0x604c, 0x0f,0x10,0},
    {0x6c, 0x604d, 0x08,0x10,0},
    {0x6c, 0x6066, 0x00,0x10,0},
    {0x6c, 0x6067, 0x04,0x10,0},
    {0x6c, 0x6068, 0x08,0x10,0},
    {0x6c, 0x6069, 0x72,0x10,0},
    {0x6c, 0x606a, 0x00,0x10,0},
    {0x6c, 0x606b, 0x08,0x10,0},
    {0x6c, 0x606c, 0x0f,0x10,0},
    {0x6c, 0x606d, 0x08,0x10,0},
    {0x6c, 0x6086, 0x00,0x10,0},
    {0x6c, 0x6087, 0x04,0x10,0},
    {0x6c, 0x6088, 0x08,0x10,0},
    {0x6c, 0x6089, 0x72,0x10,0},
    {0x6c, 0x608a, 0x00,0x10,0},
    {0x6c, 0x608b, 0x08,0x10,0},
    {0x6c, 0x608c, 0x0f,0x10,0},
    {0x6c, 0x608d, 0x08,0x10,0},
    {0x6c, 0x52c3, 0x00,0x10,0},
    {0x6c, 0x52c4, 0x00,0x10,0},
    {0x6c, 0x52c6, 0x01,0x10,0},
    {0x6c, 0x52c7, 0x23,0x10,0},
    {0x6c, 0x52c9, 0x02,0x10,0},
    {0x6c, 0x52ca, 0x01,0x10,0},
    {0x6c, 0x52cb, 0x01,0x10,0},
    {0x6c, 0x52cd, 0x02,0x10,0},
    {0x6c, 0x52ce, 0x01,0x10,0},
    {0x6c, 0x52cf, 0x01,0x10,0},
    {0x6c, 0x54c3, 0x00,0x10,0},
    {0x6c, 0x54c4, 0x00,0x10,0},
    {0x6c, 0x54c6, 0x01,0x10,0},
    {0x6c, 0x54c7, 0x23,0x10,0},
    {0x6c, 0x54c9, 0x02,0x10,0},
    {0x6c, 0x54ca, 0x01,0x10,0},
    {0x6c, 0x54cb, 0x01,0x10,0},
    {0x6c, 0x54cd, 0x02,0x10,0},
    {0x6c, 0x54ce, 0x01,0x10,0},
    {0x6c, 0x54cf, 0x01,0x10,0},
    {0x6c, 0x56c3, 0x00,0x10,0},
    {0x6c, 0x56c4, 0x00,0x10,0},
    {0x6c, 0x56c6, 0x01,0x10,0},
    {0x6c, 0x56c7, 0x23,0x10,0},
    {0x6c, 0x56c9, 0x02,0x10,0},
    {0x6c, 0x56ca, 0x01,0x10,0},
    {0x6c, 0x56cb, 0x01,0x10,0},
    {0x6c, 0x56cd, 0x02,0x10,0},
    {0x6c, 0x56ce, 0x01,0x10,0},
    {0x6c, 0x56cf, 0x01,0x10,0},
    {0x6c, 0x58c3, 0x00,0x10,0},
    {0x6c, 0x58c4, 0x00,0x10,0},
    {0x6c, 0x58c6, 0x01,0x10,0},
    {0x6c, 0x58c7, 0x23,0x10,0},
    {0x6c, 0x58c9, 0x02,0x10,0},
    {0x6c, 0x58ca, 0x01,0x10,0},
    {0x6c, 0x58cb, 0x01,0x10,0},
    {0x6c, 0x58cd, 0x02,0x10,0},
    {0x6c, 0x58ce, 0x01,0x10,0},
    {0x6c, 0x58cf, 0x01,0x10,0},
    {0x6c, 0x5e00, 0x00,0x10,0},
    {0x6c, 0x5e01, 0x09,0x10,0},
    {0x6c, 0x5e02, 0x09,0x10,0},
    {0x6c, 0x5e03, 0x0a,0x10,0},
    {0x6c, 0x5e04, 0x0a,0x10,0},
    {0x6c, 0x5e05, 0x0a,0x10,0},
    {0x6c, 0x5e06, 0x0b,0x10,0},
    {0x6c, 0x5e07, 0x0b,0x10,0},
    {0x6c, 0x5e08, 0x0c,0x10,0},
    {0x6c, 0x5e09, 0x0c,0x10,0},
    {0x6c, 0x5e0a, 0x0d,0x10,0},
    {0x6c, 0x5e0b, 0x0d,0x10,0},
    {0x6c, 0x5e0c, 0x0e,0x10,0},
    {0x6c, 0x5e0d, 0x0e,0x10,0},
    {0x6c, 0x5e0e, 0x0f,0x10,0},
    {0x6c, 0x5e0f, 0x0f,0x10,0},
    {0x6c, 0x5e10, 0x10,0x10,0},
    {0x6c, 0x5e11, 0x10,0x10,0},
    {0x6c, 0x5e12, 0x11,0x10,0},
    {0x6c, 0x5e13, 0x11,0x10,0},
    {0x6c, 0x5e14, 0x12,0x10,0},
    {0x6c, 0x5e15, 0x12,0x10,0},
    {0x6c, 0x5e16, 0x12,0x10,0},
    {0x6c, 0x5e17, 0x12,0x10,0},
    {0x6c, 0x5e18, 0x13,0x10,0},
    {0x6c, 0x5e19, 0x13,0x10,0},
    {0x6c, 0x5e1a, 0x13,0x10,0},
    {0x6c, 0x5e1b, 0x14,0x10,0},
    {0x6c, 0x5e1c, 0x14,0x10,0},
    {0x6c, 0x5e1d, 0x14,0x10,0},
    {0x6c, 0x5e1e, 0x15,0x10,0},
    {0x6c, 0x5e1f, 0x15,0x10,0},
    {0x6c, 0x5e20, 0x15,0x10,0},
    {0x6c, 0x5e21, 0x16,0x10,0},
    {0x6c, 0x5e22, 0x00,0x10,0},
    {0x6c, 0x5e23, 0x02,0x10,0},
    {0x6c, 0x5e26, 0x00,0x10,0},
    {0x6c, 0x5e27, 0xff,0x10,0},
    {0x6c, 0x5e29, 0x01,0x10,0},
    {0x6c, 0x5e2a, 0x00,0x10,0},
    {0x6c, 0x5e2c, 0x01,0x10,0},
    {0x6c, 0x5e2d, 0x00,0x10,0},
    {0x6c, 0x5e2f, 0x01,0x10,0},
    {0x6c, 0x5e30, 0x00,0x10,0},
    {0x6c, 0x5e32, 0x00,0x10,0},
    {0x6c, 0x5e33, 0x80,0x10,0},
    {0x6c, 0x5e34, 0x00,0x10,0},
    {0x6c, 0x5e35, 0x00,0x10,0},
    {0x6c, 0x5e36, 0x80,0x10,0},
    {0x6c, 0x5e37, 0x00,0x10,0},
    {0x6c, 0x5e38, 0x00,0x10,0},
    {0x6c, 0x5e39, 0x80,0x10,0},
    {0x6c, 0x5e3a, 0x00,0x10,0},
    {0x6c, 0x5e3b, 0x00,0x10,0},
    {0x6c, 0x5e3c, 0x80,0x10,0},
    {0x6c, 0x5e3d, 0x00,0x10,0},
    {0x6c, 0x5e3e, 0x00,0x10,0},
    {0x6c, 0x5e3f, 0x80,0x10,0},
    {0x6c, 0x5e40, 0x00,0x10,0},
    {0x6c, 0x5e41, 0x00,0x10,0},
    {0x6c, 0x5e42, 0x80,0x10,0},
    {0x6c, 0x5e43, 0x00,0x10,0},
    {0x6c, 0x5e44, 0x00,0x10,0},
    {0x6c, 0x5e45, 0x80,0x10,0},
    {0x6c, 0x5e46, 0x00,0x10,0},
    {0x6c, 0x5e47, 0x00,0x10,0},
    {0x6c, 0x5e48, 0x80,0x10,0},
    {0x6c, 0x5e49, 0x00,0x10,0},
    {0x6c, 0x5e4a, 0x00,0x10,0},
    {0x6c, 0x5e4b, 0x80,0x10,0},
    {0x6c, 0x5e4c, 0x00,0x10,0},
    {0x6c, 0x5e4d, 0x00,0x10,0},
    {0x6c, 0x5e4e, 0x80,0x10,0},
    {0x6c, 0x5e50, 0x00,0x10,0},
    {0x6c, 0x5e51, 0x80,0x10,0},
    {0x6c, 0x5e53, 0x00,0x10,0},
    {0x6c, 0x5e54, 0x80,0x10,0},
    {0x6c, 0x5e56, 0x00,0x10,0},
    {0x6c, 0x5e57, 0x40,0x10,0},
    {0x6c, 0x5e59, 0x00,0x10,0},
    {0x6c, 0x5e5a, 0x40,0x10,0},
    {0x6c, 0x5e5c, 0x00,0x10,0},
    {0x6c, 0x5e5d, 0x40,0x10,0},
    {0x6c, 0x5e5f, 0x00,0x10,0},
    {0x6c, 0x5e60, 0x40,0x10,0},
    {0x6c, 0x5e62, 0x00,0x10,0},
    {0x6c, 0x5e63, 0x40,0x10,0},
    {0x6c, 0x5e65, 0x00,0x10,0},
    {0x6c, 0x5e66, 0x40,0x10,0},
    {0x6c, 0x5e68, 0x00,0x10,0},
    {0x6c, 0x5e69, 0x40,0x10,0},
    {0x6c, 0x5e6b, 0x00,0x10,0},
    {0x6c, 0x5e6c, 0x40,0x10,0},
    {0x6c, 0x5e6e, 0x00,0x10,0},
    {0x6c, 0x5e6f, 0x40,0x10,0},
    {0x6c, 0x5e71, 0x00,0x10,0},
    {0x6c, 0x5e72, 0x40,0x10,0},
    {0x6c, 0x5e74, 0x00,0x10,0},
    {0x6c, 0x5e75, 0x40,0x10,0},
    {0x6c, 0x5e77, 0x00,0x10,0},
    {0x6c, 0x5e78, 0x40,0x10,0},
    {0x6c, 0x5e7a, 0x00,0x10,0},
    {0x6c, 0x5e7b, 0x40,0x10,0},
    {0x6c, 0x5e7d, 0x00,0x10,0},
    {0x6c, 0x5e7e, 0x40,0x10,0},
    {0x6c, 0x5e80, 0x00,0x10,0},
    {0x6c, 0x5e81, 0x40,0x10,0},
    {0x6c, 0x5e83, 0x00,0x10,0},
    {0x6c, 0x5e84, 0x40,0x10,0},
    {0x6c, 0x5f00, 0x02,0x10,0},
    {0x6c, 0x5f01, 0x08,0x10,0},
    {0x6c, 0x5f02, 0x09,0x10,0},
    {0x6c, 0x5f03, 0x0a,0x10,0},
    {0x6c, 0x5f04, 0x0b,0x10,0},
    {0x6c, 0x5f05, 0x0c,0x10,0},
    {0x6c, 0x5f06, 0x0c,0x10,0},
    {0x6c, 0x5f07, 0x0c,0x10,0},
    {0x6c, 0x5f08, 0x0c,0x10,0},
    {0x6c, 0x5f09, 0x0c,0x10,0},
    {0x6c, 0x5f0a, 0x0d,0x10,0},
    {0x6c, 0x5f0b, 0x0d,0x10,0},
    {0x6c, 0x5f0c, 0x0d,0x10,0},
    {0x6c, 0x5f0d, 0x0d,0x10,0},
    {0x6c, 0x5f0e, 0x0d,0x10,0},
    {0x6c, 0x5f0f, 0x0e,0x10,0},
    {0x6c, 0x5f10, 0x0e,0x10,0},
    {0x6c, 0x5f11, 0x0e,0x10,0},
    {0x6c, 0x5f12, 0x0e,0x10,0},
    {0x6c, 0x5f13, 0x0f,0x10,0},
    {0x6c, 0x5f14, 0x0f,0x10,0},
    {0x6c, 0x5f15, 0x10,0x10,0},
    {0x6c, 0x5f16, 0x11,0x10,0},
    {0x6c, 0x5f17, 0x11,0x10,0},
    {0x6c, 0x5f18, 0x12,0x10,0},
    {0x6c, 0x5f19, 0x12,0x10,0},
    {0x6c, 0x5f1a, 0x13,0x10,0},
    {0x6c, 0x5f1b, 0x13,0x10,0},
    {0x6c, 0x5f1c, 0x14,0x10,0},
    {0x6c, 0x5f1d, 0x14,0x10,0},
    {0x6c, 0x5f1e, 0x16,0x10,0},
    {0x6c, 0x5f1f, 0x16,0x10,0},
    {0x6c, 0x5f20, 0x16,0x10,0},
    {0x6c, 0x5f21, 0x08,0x10,0},
    {0x6c, 0x5f22, 0x00,0x10,0},
    {0x6c, 0x5f23, 0x01,0x10,0},
    {0x6c, 0x5f26, 0x02,0x10,0},
    {0x6c, 0x5f27, 0x00,0x10,0},
    {0x6c, 0x5f29, 0x02,0x10,0},
    {0x6c, 0x5f2a, 0x00,0x10,0},
    {0x6c, 0x5f2c, 0x02,0x10,0},
    {0x6c, 0x5f2d, 0x00,0x10,0},
    {0x6c, 0x5f2f, 0x02,0x10,0},
    {0x6c, 0x5f30, 0x00,0x10,0},
    {0x6c, 0x5f32, 0x02,0x10,0},
    {0x6c, 0x5f33, 0x00,0x10,0},
    {0x6c, 0x5f34, 0x00,0x10,0},
    {0x6c, 0x5f35, 0x02,0x10,0},
    {0x6c, 0x5f36, 0x00,0x10,0},
    {0x6c, 0x5f37, 0x00,0x10,0},
    {0x6c, 0x5f38, 0x02,0x10,0},
    {0x6c, 0x5f39, 0x00,0x10,0},
    {0x6c, 0x5f3a, 0x00,0x10,0},
    {0x6c, 0x5f3b, 0x02,0x10,0},
    {0x6c, 0x5f3c, 0x00,0x10,0},
    {0x6c, 0x5f3d, 0x00,0x10,0},
    {0x6c, 0x5f3e, 0x02,0x10,0},
    {0x6c, 0x5f3f, 0x00,0x10,0},
    {0x6c, 0x5f40, 0x00,0x10,0},
    {0x6c, 0x5f41, 0x02,0x10,0},
    {0x6c, 0x5f42, 0x00,0x10,0},
    {0x6c, 0x5f43, 0x00,0x10,0},
    {0x6c, 0x5f44, 0x02,0x10,0},
    {0x6c, 0x5f45, 0x00,0x10,0},
    {0x6c, 0x5f46, 0x00,0x10,0},
    {0x6c, 0x5f47, 0x04,0x10,0},
    {0x6c, 0x5f48, 0x00,0x10,0},
    {0x6c, 0x5f49, 0x00,0x10,0},
    {0x6c, 0x5f4a, 0x04,0x10,0},
    {0x6c, 0x5f4b, 0x00,0x10,0},
    {0x6c, 0x5f4c, 0x00,0x10,0},
    {0x6c, 0x5f4d, 0x04,0x10,0},
    {0x6c, 0x5f4e, 0x00,0x10,0},
    {0x6c, 0x5f50, 0x04,0x10,0},
    {0x6c, 0x5f51, 0x00,0x10,0},
    {0x6c, 0x5f53, 0x04,0x10,0},
    {0x6c, 0x5f54, 0x00,0x10,0},
    {0x6c, 0x5f56, 0x04,0x10,0},
    {0x6c, 0x5f57, 0x00,0x10,0},
    {0x6c, 0x5f59, 0x04,0x10,0},
    {0x6c, 0x5f5a, 0x00,0x10,0},
    {0x6c, 0x5f5c, 0x04,0x10,0},
    {0x6c, 0x5f5d, 0x00,0x10,0},
    {0x6c, 0x5f5f, 0x08,0x10,0},
    {0x6c, 0x5f60, 0x00,0x10,0},
    {0x6c, 0x5f62, 0x08,0x10,0},
    {0x6c, 0x5f63, 0x00,0x10,0},
    {0x6c, 0x5f65, 0x08,0x10,0},
    {0x6c, 0x5f66, 0x00,0x10,0},
    {0x6c, 0x5f68, 0x08,0x10,0},
    {0x6c, 0x5f69, 0x00,0x10,0},
    {0x6c, 0x5f6b, 0x08,0x10,0},
    {0x6c, 0x5f6c, 0x00,0x10,0},
    {0x6c, 0x5f6e, 0x10,0x10,0},
    {0x6c, 0x5f6f, 0x00,0x10,0},
    {0x6c, 0x5f71, 0x10,0x10,0},
    {0x6c, 0x5f72, 0x00,0x10,0},
    {0x6c, 0x5f74, 0x10,0x10,0},
    {0x6c, 0x5f75, 0x00,0x10,0},
    {0x6c, 0x5f77, 0x10,0x10,0},
    {0x6c, 0x5f78, 0x00,0x10,0},
    {0x6c, 0x5f7a, 0x20,0x10,0},
    {0x6c, 0x5f7b, 0x00,0x10,0},
    {0x6c, 0x5f7d, 0x20,0x10,0},
    {0x6c, 0x5f7e, 0x00,0x10,0},
    {0x6c, 0x5f80, 0x20,0x10,0},
    {0x6c, 0x5f81, 0x00,0x10,0},
    {0x6c, 0x5f83, 0x00,0x10,0},
    {0x6c, 0x5f84, 0xff,0x10,0},
    {0x6c, 0x5240, 0x0f,0x10,0},
    {0x6c, 0x5241, 0x00,0x10,0},
    {0x6c, 0x5242, 0x00,0x10,0},
    {0x6c, 0x5243, 0x00,0x10,0},
    {0x6c, 0x5244, 0x00,0x10,0},
    {0x6c, 0x5245, 0x00,0x10,0},
    {0x6c, 0x5246, 0x00,0x10,0},
    {0x6c, 0x5247, 0x00,0x10,0},
    {0x6c, 0x5248, 0x00,0x10,0},
    {0x6c, 0x5249, 0x00,0x10,0},
    {0x6c, 0x5440, 0x0f,0x10,0},
    {0x6c, 0x5441, 0x00,0x10,0},
    {0x6c, 0x5442, 0x00,0x10,0},
    {0x6c, 0x5443, 0x00,0x10,0},
    {0x6c, 0x5444, 0x00,0x10,0},
    {0x6c, 0x5445, 0x00,0x10,0},
    {0x6c, 0x5446, 0x00,0x10,0},
    {0x6c, 0x5447, 0x00,0x10,0},
    {0x6c, 0x5448, 0x00,0x10,0},
    {0x6c, 0x5449, 0x00,0x10,0},
    {0x6c, 0x5640, 0x0f,0x10,0},
    {0x6c, 0x5641, 0x00,0x10,0},
    {0x6c, 0x5642, 0x00,0x10,0},
    {0x6c, 0x5643, 0x00,0x10,0},
    {0x6c, 0x5644, 0x00,0x10,0},
    {0x6c, 0x5645, 0x00,0x10,0},
    {0x6c, 0x5646, 0x00,0x10,0},
    {0x6c, 0x5647, 0x00,0x10,0},
    {0x6c, 0x5648, 0x00,0x10,0},
    {0x6c, 0x5649, 0x00,0x10,0},
    {0x6c, 0x5840, 0x0f,0x10,0},
    {0x6c, 0x5841,0x00,0x10,0x0},
    {0x6c, 0x5842,0x00,0x10,0x0},
    {0x6c, 0x5843,0x00,0x10,0x0},
    {0x6c, 0x5844,0x00,0x10,0x0},
    {0x6c, 0x5845,0x00,0x10,0x0},
    {0x6c, 0x5846,0x00,0x10,0x0},
    {0x6c, 0x5847,0x00,0x10,0x0},
    {0x6c, 0x5848,0x00,0x10,0x0},
    {0x6c, 0x5849,0x00,0x10,0x0},
    {0x6c, 0x5dc0,0x04,0x10,0x0},
    {0x6c, 0x5dc1,0x04,0x10,0x0},
    {0x6c, 0x5dc2,0x04,0x10,0x0},
    {0x6c, 0x5dc3,0x04,0x10,0x0},
    {0x6c, 0x5de0,0x04,0x10,0x0},
    {0x6c, 0x5de1,0x04,0x10,0x0},
    {0x6c, 0x5de2,0x04,0x10,0x0},
    {0x6c, 0x5de3,0x04,0x10,0x0},
    {0x6c, 0x5000,0x87,0x10,0x0},
    {0x6c, 0x5001,0x75,0x10,0x0},
    {0x6c, 0x5002,0x7f,0x10,0x0},
    {0x6c, 0x5003,0x3e,0x10,0x0},
    {0x6c, 0x5004,0x3a,0x10,0x0},
    {0x6c, 0x5005,0x1e,0x10,0x0},
    {0x6c, 0x5006,0x1e,0x10,0x0},
    {0x6c, 0x5007,0x1e,0x10,0x0},
    {0x6c, 0x5008,0x00,0x10,0x0},
    {0x6c, 0x500a,0x3f,0x10,0x0},
    {0x6c, 0x500c,0x00,0x10,0x0},
    {0x6c, 0x502a,0x10,0x10,0x0},
    {0x6c, 0x502c,0x00,0x10,0x0},
    {0x6c, 0x504b,0x00,0x10,0x0},
    {0x6c, 0x5053,0x00,0x10,0x0},
    {0x6c, 0x505b,0x00,0x10,0x0},
    {0x6c, 0x5063,0x00,0x10,0x0},
    {0x6c, 0x5070,0x00,0x10,0x0},
    {0x6c, 0x5074,0x04,0x10,0x0},
    {0x6c, 0x4000,0x78,0x10,0x0},
    {0x6c, 0x4001,0x2b,0x10,0x0},
    {0x6c, 0x4008,0x01,0x10,0x0},
    {0x6c, 0x400b,0x02,0x10,0x0},
    {0x6c, 0x400e,0x02,0x10,0x0},
    {0x6c, 0x400f,0x80,0x10,0x0},
    {0x6c, 0x4012,0x30,0x10,0x0},
    {0x6c, 0x4013,0x01,0x10,0x0},
    {0x6c, 0x4018,0x12,0x10,0x0},
    {0x6c, 0x401e,0x00,0x10,0x0},
    {0x6c, 0x401f,0x02,0x10,0x0},
    {0x6c, 0x4021,0x05,0x10,0x0},
    {0x6c, 0x4022,0x40,0x10,0x0},
    {0x6c, 0x4023,0x20,0x10,0x0},
    {0x6c, 0x4026,0x00,0x10,0x0},
    {0x6c, 0x4027,0x40,0x10,0x0},
    {0x6c, 0x4028,0x00,0x10,0x0},
    {0x6c, 0x4029,0x40,0x10,0x0},
    {0x6c, 0x402a,0x00,0x10,0x0},
    {0x6c, 0x402b,0x40,0x10,0x0},
    {0x6c, 0x402c,0x00,0x10,0x0},
    {0x6c, 0x402d,0x40,0x10,0x0},
    {0x6c, 0x407e,0xcc,0x10,0x0},
    {0x6c, 0x407f,0x18,0x10,0x0},
    {0x6c, 0x4082,0x01,0x10,0x0},
    {0x6c, 0x4083,0x18,0x10,0x0},
    {0x6c, 0x4084,0x01,0x10,0x0},
    {0x6c, 0x4085,0x18,0x10,0x0},
    {0x6c, 0x4086,0x00,0x10,0x0},
    {0x6c, 0x4087,0xa0,0x10,0x0},
    {0x6c, 0x4640,0x40,0x10,0x0},
    {0x6c, 0x4641,0x11,0x10,0x0},
    {0x6c, 0x4642,0x0e,0x10,0x0},
    {0x6c, 0x4643,0xee,0x10,0x0},
    {0x6c, 0x4646,0x0f,0x10,0x0},
    {0x6c, 0x4648,0x00,0x10,0x0},
    {0x6c, 0x4649,0x03,0x10,0x0},
    {0x6c, 0x5d09,0x6b,0x10,0x0},
    {0x6c, 0x5d0b,0x6b,0x10,0x0},
    {0x6c, 0x5d19,0x6b,0x10,0x0},
    {0x6c, 0x5d40,0x02,0x10,0x0},
    {0x6c, 0x5d42,0x02,0x10,0x0},
    {0x6c, 0x5d43,0x85,0x10,0x0},
    {0x6c, 0x5d44,0x1b,0x10,0x0},
    {0x6c, 0x5d45,0xdd,0x10,0x0},
    {0x6c, 0x5d46,0x02,0x10,0x0},
    {0x6c, 0x5d47,0x85,0x10,0x0},
    {0x6c, 0x5d48,0x1b,0x10,0x0},
    {0x6c, 0x5d49,0xdd,0x10,0x0},
    {0x6c, 0x5d4a,0x02,0x10,0x0},
    {0x6c, 0x5d4b,0x40,0x10,0x0},
    {0x6c, 0x5d4c,0x02,0x10,0x0},
    {0x6c, 0x5d4d,0x40,0x10,0x0},
    {0x6c, 0x5d4e,0x02,0x10,0x0},
    {0x6c, 0x5d4f,0x40,0x10,0x0},
    {0x6c, 0x5d50,0x18,0x10,0x0},
    {0x6c, 0x5d51,0x80,0x10,0x0},
    {0x6c, 0x5d52,0x18,0x10,0x0},
    {0x6c, 0x5d53,0x80,0x10,0x0},
    {0x6c, 0x5d54,0x18,0x10,0x0},
    {0x6c, 0x5d55,0x80,0x10,0x0},
    {0x6c, 0x5d57,0x10,0x10,0x0},
    {0x6c, 0x5d59,0x20,0x10,0x0},
    {0x6c, 0x5d5c,0x02,0x10,0x0},
    {0x6c, 0x5d5d,0x40,0x10,0x0},
    {0x6c, 0x5d5e,0x02,0x10,0x0},
    {0x6c, 0x5d5f,0x40,0x10,0x0},
    {0x6c, 0x5d60,0x03,0x10,0x0},
    {0x6c, 0x5d61,0x40,0x10,0x0},
    {0x6c, 0x5d62,0x07,0x10,0x0},
    {0x6c, 0x5d63,0x28,0x10,0x0},
    {0x6c, 0x5d65,0xff,0x10,0x0},
    {0x6c, 0x6102,0x1f,0x10,0x0},
    {0x6c, 0x610a,0x0f,0x10,0x0},
    {0x6c, 0x610b,0x20,0x10,0x0},
    {0x6c, 0x610c,0x08,0x10,0x0},
    {0x6c, 0x610d,0x80,0x10,0x0},
    {0x6c, 0x6144,0x75,0x10,0x0},
    {0x6c, 0x6145,0x75,0x10,0x0},
    {0x6c, 0x6146,0x75,0x10,0x0},
    {0x6c, 0x6147,0x75,0x10,0x0},
    {0x6c, 0x6148,0x75,0x10,0x0},
    {0x6c, 0x6149,0x75,0x10,0x0},
    {0x6c, 0x614a,0x75,0x10,0x0},
    {0x6c, 0x614b,0x75,0x10,0x0},
    {0x6c, 0x614c,0x75,0x10,0x0},
    {0x6c, 0x614d,0x75,0x10,0x0},
    {0x6c, 0x614e,0x75,0x10,0x0},
    {0x6c, 0x614f,0x75,0x10,0x0},
    {0x6c, 0x6150,0x75,0x10,0x0},
    {0x6c, 0x6151,0x75,0x10,0x0},
    {0x6c, 0x6152,0x75,0x10,0x0},
    {0x6c, 0x6153,0x75,0x10,0x0},
    {0x6c, 0x6154,0x75,0x10,0x0},
    {0x6c, 0x6155,0x75,0x10,0x0},
    {0x6c, 0x6156,0x75,0x10,0x0},
    {0x6c, 0x6157,0x75,0x10,0x0},
    {0x6c, 0x6158,0x75,0x10,0x0},
    {0x6c, 0x6159,0x75,0x10,0x0},
    {0x6c, 0x615a,0x75,0x10,0x0},
    {0x6c, 0x615b,0x75,0x10,0x0},
    {0x6c, 0x615c,0x75,0x10,0x0},
    {0x6c, 0x615d,0x75,0x10,0x0},
    {0x6c, 0x615e,0x75,0x10,0x0},
    {0x6c, 0x615f,0x75,0x10,0x0},
    {0x6c, 0x6160,0x75,0x10,0x0},
    {0x6c, 0x6161,0x75,0x10,0x0},
    {0x6c, 0x6162,0x75,0x10,0x0},
    {0x6c, 0x6163,0x75,0x10,0x0},
    {0x6c, 0x6164,0x75,0x10,0x0},
    {0x6c, 0x6165,0x75,0x10,0x0},
    {0x6c, 0x6166,0x75,0x10,0x0},
    {0x6c, 0x6167,0x75,0x10,0x0},
    {0x6c, 0x6168,0x75,0x10,0x0},
    {0x6c, 0x6169,0x75,0x10,0x0},
    {0x6c, 0x616a,0x75,0x10,0x0},
    {0x6c, 0x616b,0x75,0x10,0x0},
    {0x6c, 0x616c,0x75,0x10,0x0},
    {0x6c, 0x616d,0x75,0x10,0x0},
    {0x6c, 0x616e,0x75,0x10,0x0},
    {0x6c, 0x616f,0x75,0x10,0x0},
    {0x6c, 0x6170,0x75,0x10,0x0},
    {0x6c, 0x6171,0x75,0x10,0x0},
    {0x6c, 0x6172,0x75,0x10,0x0},
    {0x6c, 0x6173,0x75,0x10,0x0},
    {0x6c, 0x6174,0x75,0x10,0x0},
    {0x6c, 0x6175,0x75,0x10,0x0},
    {0x6c, 0x6176,0x75,0x10,0x0},
    {0x6c, 0x6177,0x75,0x10,0x0},
    {0x6c, 0x6178,0x75,0x10,0x0},
    {0x6c, 0x6179,0x75,0x10,0x0},
    {0x6c, 0x617a,0x75,0x10,0x0},
    {0x6c, 0x617b,0x75,0x10,0x0},
    {0x6c, 0x617c,0x75,0x10,0x0},
    {0x6c, 0x617d,0x75,0x10,0x0},
    {0x6c, 0x617e,0x75,0x10,0x0},
    {0x6c, 0x617f,0x75,0x10,0x0},
    {0x6c, 0x6180,0x75,0x10,0x0},
    {0x6c, 0x6181,0x75,0x10,0x0},
    {0x6c, 0x6182,0x75,0x10,0x0},
    {0x6c, 0x6183,0x75,0x10,0x0},
    {0x6c, 0x6184,0x75,0x10,0x0},
    {0x6c, 0x6185,0x75,0x10,0x0},
    {0x6c, 0x6186,0x75,0x10,0x0},
    {0x6c, 0x6187,0x75,0x10,0x0},
    {0x6c, 0x6188,0x75,0x10,0x0},
    {0x6c, 0x6189,0x75,0x10,0x0},
    {0x6c, 0x618a,0x75,0x10,0x0},
    {0x6c, 0x618b,0x75,0x10,0x0},
    {0x6c, 0x618c,0x75,0x10,0x0},
    {0x6c, 0x618d,0x75,0x10,0x0},
    {0x6c, 0x618e,0x75,0x10,0x0},
    {0x6c, 0x618f,0x75,0x10,0x0},
    {0x6c, 0x6190,0x75,0x10,0x0},
    {0x6c, 0x6191,0x75,0x10,0x0},
    {0x6c, 0x6192,0x75,0x10,0x0},
    {0x6c, 0x6193,0x75,0x10,0x0},
    {0x6c, 0x6194,0x75,0x10,0x0},
    {0x6c, 0x6195,0x75,0x10,0x0},
    {0x6c, 0x6196,0x75,0x10,0x0},
    {0x6c, 0x6197,0x75,0x10,0x0},
    {0x6c, 0x6198,0x75,0x10,0x0},
    {0x6c, 0x6199,0x75,0x10,0x0},
    {0x6c, 0x619a,0x75,0x10,0x0},
    {0x6c, 0x619b,0x75,0x10,0x0},
    {0x6c, 0x619c,0x75,0x10,0x0},
    {0x6c, 0x619d,0x75,0x10,0x0},
    {0x6c, 0x619e,0x75,0x10,0x0},
    {0x6c, 0x619f,0x75,0x10,0x0},
    {0x6c, 0x61a0,0x75,0x10,0x0},
    {0x6c,0x61a1,0x75,0x10,0x0},
    {0x6c,0x61a2,0x75,0x10,0x0},
    {0x6c,0x61a3,0x75,0x10,0x0},
    {0x6c,0x61a4,0x75,0x10,0x0},
    {0x6c,0x61a5,0x75,0x10,0x0},
    {0x6c,0x61a6,0x75,0x10,0x0},
    {0x6c,0x61a7,0x75,0x10,0x0},
    {0x6c,0x61a8,0x75,0x10,0x0},
    {0x6c,0x61a9,0x75,0x10,0x0},
    {0x6c,0x61aa,0x75,0x10,0x0},
    {0x6c,0x61ab,0x75,0x10,0x0},
    {0x6c,0x61ac,0x75,0x10,0x0},
    {0x6c,0x61ad,0x75,0x10,0x0},
    {0x6c,0x61ae,0x75,0x10,0x0},
    {0x6c,0x61af,0x75,0x10,0x0},
    {0x6c,0x5022,0x08,0x10,0x0},
    {0x6c,0x5023,0x7a,0x10,0x0},
    {0x6c,0x6120,0x75,0x10,0x0},
    {0x6c,0x6121,0x75,0x10,0x0},
    {0x6c,0x6122,0x75,0x10,0x0},
    {0x6c,0x6123,0x75,0x10,0x0},
    {0x6c,0x6124,0x75,0x10,0x0},
    {0x6c,0x6125,0x75,0x10,0x0},
    {0x6c,0x6126,0x75,0x10,0x0},
    {0x6c,0x6127,0x75,0x10,0x0},
    {0x6c,0x6128,0x75,0x10,0x0},
    {0x6c,0x6129,0x75,0x10,0x0},
    {0x6c,0x612a,0x75,0x10,0x0},
    {0x6c,0x612b,0x75,0x10,0x0},
    {0x6c,0x612c,0x75,0x10,0x0},
    {0x6c,0x612d,0x75,0x10,0x0},
    {0x6c,0x612e,0x75,0x10,0x0},
    {0x6c,0x612f,0x75,0x10,0x0},
    {0x6c,0x6130,0x75,0x10,0x0},
    {0x6c,0x6131,0x75,0x10,0x0},
    {0x6c,0x6132,0x75,0x10,0x0},
    {0x6c,0x6133,0x75,0x10,0x0},
    {0x6c,0x6134,0x75,0x10,0x0},
    {0x6c,0x6135,0x75,0x10,0x0},
    {0x6c,0x6136,0x75,0x10,0x0},
    {0x6c,0x6137,0x75,0x10,0x0},
    {0x6c,0x6138,0x75,0x10,0x0},
    {0x6c,0x6139,0x75,0x10,0x0},
    {0x6c,0x613a,0x75,0x10,0x0},
    {0x6c,0x613b,0x75,0x10,0x0},
    {0x6c,0x613c,0x75,0x10,0x0},
    {0x6c,0x613d,0x75,0x10,0x0},
    {0x6c,0x613e,0x75,0x10,0x0},
    {0x6c,0x613f,0x75,0x10,0x0},
    {0x6c,0x6140,0x75,0x10,0x0},
    {0x6c,0x6141,0x75,0x10,0x0},
    {0x6c,0x6142,0x75,0x10,0x0},
    {0x6c,0x6143,0x75,0x10,0x0},
    {0x6c,0x4f04,0x78,0x10,0x0},
    {0x6c,0x380e,0x04,0x10,0x0},
    {0x6c,0x380f,0x70,0x10,0x0},
    {0x6c,0x380c,0x04,0x10,0x0},
    {0x6c,0x380d,0xbb,0x10,0x0},
    {0x6c,0x384c,0x02,0x10,0x0},
    {0x6c,0x384d,0x49,0x10,0x0},
    {0x6c,0x388c,0x02,0x10,0x0},
    {0x6c,0x388d,0x44,0x10,0x0},
    {0x6c,0x420e,0x63,0x10,0x0},
    {0x6c,0x420f,0x77,0x10,0x0},
    {0x6c,0x4210,0xce,0x10,0x0},
    {0x6c,0x4211,0xed,0x10,0x0},
    {0x6c,0x507a,0x28,0x10,0x0},
    {0x6c,0x507b,0x40,0x10,0x0},
    {0x6c,0x0408,0xe8,0x10,0x0},
    {0x6c,0x0409,0x00,0x10,0x0},
    {0x6c,0x040a,0x2b,0x10,0x0},
    {0x6c,0x040b,0x32,0x10,0x0},
    {0x6c,0x040c,0x5c,0x10,0x0},
    {0x6c,0x040d,0xcd,0x10,0x0},
    {0x6c,0x040e,0x0c,0x10,0x0},
    {0x6c,0x5004,0x1e,0x10,0x0},
    {0x6c,0x0305,0x50,0x10,0x0},
    {0x6c,0x0307,0x01,0x10,0x0},
    {0x6c,0x4221,0x07,0x10,0x0},
    {0x6c,0x3506,0x40,0x10,0x0},
    {0x6c,0x3546,0x10,0x10,0x0},
    {0x6c,0x35c6,0x90,0x10,0x0},
    {0x6c,0x4837,0x11,0x10,0x0},
    {0x6c,0x4221,0x07,0x10,0x0},
    //FPN improvement
    {0x6c,0x377c,0x88,0x10,0x0},
    {0x6c,0x37a1,0x00,0x10,0x0},
    {0x6c,0x0100,0x01,0x10,0x0},
};

DATA_ELEMENT max9296_9295_ar0233_raw_array[] = {
    {0x90, 0x0313, 0x00, 0x10, 5},	 // disable MIPI output
	{0x80,0x0057,0x12,0x10,5},                // swap Y & Z
	{0x80,0x005B,0x11,0x10,5},                // swap Y & Z
	{0x80,0x0318,0x6C,0x10,200},                // raw12

    {0x80, 0x02d3, 0x04, 0x10, 5},	 // mfp7 config
	{0x80, 0x02D5, 0x07, 0x10, 5},	 // mfp7 config
	{0x80, 0x02d6, 0x04, 0x10, 5},	 // mfp8 config
	{0x80, 0x02D8, 0x07, 0x10, 5},	 // mfp8 config

    {0x80, 0x02be, 0x10, 0x10, 50},	 // mfp0 config
	//{0x80, 0x02c0, 0x07, 0x10, 5},	 // mfp0 config

	{0x90, 0x0003, 0x40, 0x10, 5}, //
	{0x90, 0x02c2, 0x83, 0x10, 5}, //
	{0x90, 0x02c3, 0xA7, 0x10, 5}, //
	{0x90, 0x0320, 0x2C, 0x10, 5}, // mipi 1200Mbps

	//{0x90,0x0320,0x26,0x10,200},                // mipi 600Mbps
	//{0x90,0x0313,0x02,0x10,200},                // mipi enable
	{0x20,0x302A, 0x00,0x10,0},
	{0x20,0x302B, 0x06,0x10,0},
	{0x20,0x302C, 0x07,0x10,0},
	{0x20,0x302D, 0x01,0x10,0},
	{0x20,0x302E, 0x00,0x10,0},
	{0x20,0x302F, 0x03,0x10,0},
	{0x20,0x3030, 0x00,0x10,0},
	{0x20,0x3031, 0x48,0x10,0},
	{0x20,0x3036, 0x00,0x10,0},
	{0x20,0x3037, 0x06,0x10,0},
	{0x20,0x3038, 0x00,0x10,0},
	{0x20,0x3039, 0x02,0x10,0},
	{0x20,0x31DC, 0x1F,0x10,0},
	{0x20,0x31DD, 0xA0,0x10,0},
	{0x20,0x30B0, 0x88,0x10,0},
	{0x20,0x30B1, 0x00,0x10,0},
	{0x20,0x31B0, 0x00,0x10,0},
	{0x20,0x31B1, 0x4A,0x10,0},
	{0x20,0x31B2, 0x00,0x10,0},
	{0x20,0x31B3, 0x28,0x10,0},
	{0x20,0x31B4, 0x11,0x10,0},
	{0x20,0x31B5, 0xC6,0x10,0},
	{0x20,0x31B6, 0x21,0x10,0},
	{0x20,0x31B7, 0x91,0x10,0},
	{0x20,0x31B8, 0x60,0x10,0},
	{0x20,0x31B9, 0x48,0x10,0},
	{0x20,0x31BA, 0x01,0x10,0},
	{0x20,0x31BB, 0x87,0x10,0},
	{0x20,0x31BC, 0x89,0x10,0},
	{0x20,0x31BD, 0x86,0x10,0},
	{0x20,0x3342, 0x12,0x10,0},
	{0x20,0x3343, 0x2C,0x10,0},
	{0x20,0x3344, 0x00,0x10,0},
	{0x20,0x3345, 0x11,0x10,0},
	{0x20,0x3346, 0x12,0x10,0},
	{0x20,0x3347, 0x2C,0x10,0},
	{0x20,0x3348, 0x00,0x10,0},
	{0x20,0x3349, 0x11,0x10,0},
	{0x20,0x334A, 0x12,0x10,0},
	{0x20,0x334B, 0x2C,0x10,0},
	{0x20,0x334C, 0x00,0x10,0},
	{0x20,0x334D, 0x11,0x10,0},
	{0x20,0x334E, 0x12,0x10,0},
	{0x20,0x334F, 0x2C,0x10,0},
	{0x20,0x3350, 0x00,0x10,0},
	{0x20,0x3351, 0x11,0x10,0},
	{0x20,0x336E, 0x01,0x10,0},
	{0x20,0x336F, 0x47,0x10,0},
	{0x20,0x3004, 0x00,0x10,0},
	{0x20,0x3005, 0x4A,0x10,0},
	{0x20,0x3008, 0x07,0x10,0},
	{0x20,0x3009, 0xC9,0x10,0},
	{0x20,0x3002, 0x00,0x10,0},
	{0x20,0x3003, 0x68,0x10,0},
	{0x20,0x3006, 0x04,0x10,0},
	{0x20,0x3007, 0x9F,0x10,0},
	{0x20,0x30A2, 0x00,0x10,0},
	{0x20,0x30A3, 0x01,0x10,0},
	{0x20,0x30A6, 0x00,0x10,0},
	{0x20,0x30A7, 0x01,0x10,0},
	{0x20,0x3402, 0x07,0x10,0},
	{0x20,0x3403, 0x80,0x10,0},
	{0x20,0x3404, 0x04,0x10,0},
	{0x20,0x3405, 0x38,0x10,0},
	{0x20,0x3040, 0x00,0x10,0},
	{0x20,0x3041, 0x05,0x10,0},
	{0x20,0x3044, 0x04,0x10,0},
	{0x20,0x3045, 0x00,0x10,0},
	{0x20,0x3082, 0x00,0x10,0},
	{0x20,0x3083, 0x08,0x10,0},
	{0x20,0x30BA, 0x11,0x10,0},
	{0x20,0x30BB, 0x22,0x10,0},
	{0x20,0x33E0, 0x0F,0x10,0},
	{0x20,0x33E1, 0x80,0x10,0},
	{0x20,0x3180, 0x10,0x10,0},
	{0x20,0x3181, 0x81,0x10,0},
	{0x20,0x31D0, 0x00,0x10,0},
	{0x20,0x31D1, 0x01,0x10,0},
	{0x20,0x31AE, 0x02,0x10,0},
	{0x20,0x31AF, 0x04,0x10,0},
	{0x20,0x31AC, 0x14,0x10,0},
	{0x20,0x31AD, 0x0C,0x10,0},
	{0x20,0x300A, 0x08,0x10,0},
	{0x20,0x300B, 0x14,0x10,0},
	{0x20,0x300C, 0x06,0x10,0},
	{0x20,0x300D, 0xCC,0x10,0},
	{0x20,0x3012, 0x07,0x10,0},
	{0x20,0x3013, 0x04,0x10,0},
	{0x20,0x3212, 0x00,0x10,0},
	{0x20,0x3213, 0x40,0x10,0},
	{0x20,0x3216, 0x00,0x10,0},
	{0x20,0x3217, 0x04,0x10,0},
	{0x20,0x321A, 0x00,0x10,0},
	{0x20,0x321B, 0x01,0x10,0},
	{0x20,0x3238, 0x04,0x10,0},
	{0x20,0x3239, 0x43,0x10,0},
	{0x20,0x32EC, 0x72,0x10,0},
	{0x20,0x32ED, 0xA0,0x10,0},
	{0x20,0x31C6, 0x00,0x10,0},
	{0x20,0x31C7, 0x00,0x10,0},
	{0x20,0x301A, 0x00,0x10,0},
	{0x20,0x301B, 0x18,0x10,200},
	{0x20,0x301B, 0x1c,0x10,0}
};   

DATA_ELEMENT max9296_9295_ar0820_raw_array[] = {
    {0x90, 0x0313, 0x00, 0x10, 5},	 // disable MIPI output
	{0x80,0x0057,0x12,0x10,5},                // swap Y & Z
	{0x80,0x005B,0x11,0x10,5},                // swap Y & Z
	{0x80,0x0318,0x6C,0x10,200},                // raw12

    {0x80, 0x02d3, 0x04, 0x10, 5},	 // mfp7 config
	{0x80, 0x02D5, 0x07, 0x10, 5},	 // mfp7 config
	{0x80, 0x02d6, 0x04, 0x10, 5},	 // mfp8 config
	{0x80, 0x02D8, 0x07, 0x10, 5},	 // mfp8 config

    {0x80, 0x02be, 0x10, 0x10, 50},	 // mfp0 config
	//{0x80, 0x02c0, 0x07, 0x10, 5},	 // mfp0 config

	{0x90, 0x0003, 0x40, 0x10, 5}, //
	{0x90, 0x02c2, 0x83, 0x10, 5}, //
	{0x90, 0x02c3, 0xA7, 0x10, 5}, //
	{0x90, 0x0320, 0x2C, 0x10, 5}, // mipi 1200Mbps

	//{0x90,0x0320,0x26,0x10,200},                // mipi 600Mbps
	//{0x90,0x0313,0x02,0x10,200},                // mipi enable
};   

DATA_ELEMENT max9296_9295_imax390_raw_array[] = {
    {0x90, 0x0313, 0x00, 0x10, 5},	 // disable MIPI output
	{0x80,0x0057,0x12,0x10,5},                // swap Y & Z
	{0x80,0x005B,0x11,0x10,5},                // swap Y & Z
	{0x80,0x0318,0x6C,0x10,200},                // raw12

    {0x80, 0x02d3, 0x04, 0x10, 5},	 // mfp7 config
	{0x80, 0x02D5, 0x07, 0x10, 5},	 // mfp7 config
	{0x80, 0x02d6, 0x04, 0x10, 5},	 // mfp8 config
	{0x80, 0x02D8, 0x07, 0x10, 5},	 // mfp8 config

    {0x80, 0x02be, 0x10, 0x10, 50},	 // mfp0 config
	//{0x80, 0x02c0, 0x07, 0x10, 5},	 // mfp0 config

	{0x90, 0x0003, 0x40, 0x10, 5}, //
	{0x90, 0x02c2, 0x83, 0x10, 5}, //
	{0x90, 0x02c3, 0xA7, 0x10, 5}, //
	{0x90, 0x0320, 0x2C, 0x10, 5}, // mipi 1200Mbps

	//{0x90,0x0320,0x26,0x10,200},                // mipi 600Mbps
	//{0x90,0x0313,0x02,0x10,200},                // mipi enable
    {0x42, 0x000C, 0xF2, 0x10, 0},
	{0x42, 0x000D, 0x02, 0x10, 0},
	{0x42, 0x000E, 0x00, 0x10, 0},
	{0x42, 0x0010, 0xF2, 0x10, 0},
	{0x42, 0x0011, 0x02, 0x10, 0},
	{0x42, 0x0012, 0x00, 0x10, 0},
	{0x42, 0x0018, 0x64, 0x10, 0},
	{0x42, 0x0019, 0x00, 0x10, 0},
	{0x42, 0x001A, 0x0C, 0x10, 0},
	{0x42, 0x001B, 0x00, 0x10, 0},
	{0x42, 0x001E, 0x10, 0x10, 0},
	{0x42, 0x0038, 0x00, 0x10, 0},
	{0x42, 0x003C, 0x00, 0x10, 0},
	{0x42, 0x003D, 0x00, 0x10, 0},
	{0x42, 0x003E, 0x00, 0x10, 0},
	{0x42, 0x0040, 0x00, 0x10, 0},
	{0x42, 0x0041, 0x00, 0x10, 0},
	{0x42, 0x0042, 0x00, 0x10, 0},
	{0x42, 0x0044, 0x00, 0x10, 0},
	{0x42, 0x0045, 0x00, 0x10, 0},
	{0x42, 0x0046, 0x00, 0x10, 0},
	{0x42, 0x0048, 0x00, 0x10, 0},
	{0x42, 0x0049, 0x00, 0x10, 0},
	{0x42, 0x004A, 0x00, 0x10, 0},
	{0x42, 0x004C, 0x00, 0x10, 0},
	{0x42, 0x004D, 0x00, 0x10, 0},
	{0x42, 0x004E, 0x00, 0x10, 0},
	{0x42, 0x0050, 0x00, 0x10, 0},
	{0x42, 0x0051, 0x00, 0x10, 0},
	{0x42, 0x0052, 0x00, 0x10, 0},
	{0x42, 0x0054, 0x00, 0x10, 0},
	{0x42, 0x0055, 0x00, 0x10, 0},
	{0x42, 0x0056, 0x00, 0x10, 0},
	{0x42, 0x0058, 0x00, 0x10, 0},
	{0x42, 0x0059, 0x00, 0x10, 0},
	{0x42, 0x005A, 0x00, 0x10, 0},
	{0x42, 0x005C, 0x00, 0x10, 0},
	{0x42, 0x005D, 0x00, 0x10, 0},
	{0x42, 0x005E, 0x00, 0x10, 0},
	{0x42, 0x0060, 0x00, 0x10, 0},
	{0x42, 0x0061, 0x00, 0x10, 0},
	{0x42, 0x0062, 0x00, 0x10, 0},
	{0x42, 0x0064, 0x00, 0x10, 0},
	{0x42, 0x0065, 0x00, 0x10, 0},
	{0x42, 0x0066, 0x00, 0x10, 0},
	{0x42, 0x0068, 0x00, 0x10, 0},
	{0x42, 0x0069, 0x00, 0x10, 0},
	{0x42, 0x006A, 0x00, 0x10, 0},
	{0x42, 0x0074, 0x03, 0x10, 0},     // inverted operation
	{0x42, 0x0078, 0x01, 0x10, 0},		// CROP_ON = 1
	{0x42, 0x007C, 0x08, 0x10, 0},		// CROP_H_OFFSET = 8
	{0x42, 0x007D, 0x00, 0x10, 0},
	{0x42, 0x0080, 0x08, 0x10, 0},		// CROP_V_OFFSET = 8
	{0x42, 0x0081, 0x00, 0x10, 0},
	{0x42, 0x0090, 0x00, 0x10, 0},
	{0x42, 0x00F4, 0x1C, 0x10, 0},
	{0x42, 0x00F5, 0xF8, 0x10, 0},
	{0x42, 0x00F6, 0x01, 0x10, 0},
	{0x42, 0x00F8, 0x03, 0x10, 0},
	{0x42, 0x00F9, 0x00, 0x10, 0},		// hdr not output
	{0x42, 0x00FA, 0x01, 0x10, 0},     // LCG:0x01, HCG:0x00
	{0x42, 0x00FB, 0x02, 0x10, 0},
	{0x42, 0x0114, 0x00, 0x10, 0},
	{0x42, 0x0115, 0x01, 0x10, 0},
	{0x42, 0x0118, 0x20, 0x10, 0},
	{0x42, 0x0119, 0x03, 0x10, 0},
	{0x42, 0x011A, 0x00, 0x10, 0},
	{0x42, 0x011B, 0x41, 0x10, 0},
	{0x42, 0x011C, 0x80, 0x10, 0},
	{0x42, 0x011D, 0x00, 0x10, 0},
	{0x42, 0x0120, 0x20, 0x10, 0},
	{0x42, 0x0121, 0x00, 0x10, 0},
	{0x42, 0x0122, 0x00, 0x10, 0},
	{0x42, 0x0123, 0x44, 0x10, 0},
	{0x42, 0x0124, 0x00, 0x10, 0},
	{0x42, 0x0125, 0x01, 0x10, 0},
	{0x42, 0x0128, 0x34, 0x10, 0},
	{0x42, 0x0129, 0x08, 0x10, 0},
	{0x42, 0x012A, 0x00, 0x10, 0},
	{0x42, 0x012B, 0xA4, 0x10, 0},
	{0x42, 0x012C, 0x00, 0x10, 0},
	{0x42, 0x012D, 0x01, 0x10, 0},
	{0x42, 0x0130, 0xD0, 0x10, 0},
	{0x42, 0x0131, 0x07, 0x10, 0},
	{0x42, 0x0132, 0x00, 0x10, 0},
	{0x42, 0x0133, 0xDA, 0x10, 0},
	{0x42, 0x0138, 0x00, 0x10, 0},		// PEDESTAL = 0
	{0x42, 0x013A, 0x00, 0x10, 0},
	{0x42, 0x013B, 0x01, 0x10, 0},		// PWL off
	{0x42, 0x013C, 0x00, 0x10, 0},
	{0x42, 0x013D, 0x00, 0x10, 0},
	{0x42, 0x013E, 0x00, 0x10, 0},
	{0x42, 0x0140, 0x00, 0x10, 0},
	{0x42, 0x0141, 0x00, 0x10, 0},
	{0x42, 0x0142, 0x00, 0x10, 0},
	{0x42, 0x0144, 0xE0, 0x10, 0},
	{0x42, 0x0145, 0x01, 0x10, 0},
	{0x42, 0x0146, 0x00, 0x10, 0},
	{0x42, 0x0148, 0xE0, 0x10, 0},
	{0x42, 0x0149, 0x01, 0x10, 0},
	{0x42, 0x014A, 0x00, 0x10, 0},
	{0x42, 0x014C, 0x9E, 0x10, 0},
	{0x42, 0x014D, 0x05, 0x10, 0},
	{0x42, 0x014E, 0x00, 0x10, 0},
	{0x42, 0x0150, 0x48, 0x10, 0},
	{0x42, 0x0151, 0x03, 0x10, 0},
	{0x42, 0x0152, 0x00, 0x10, 0},
	{0x42, 0x0154, 0xDB, 0x10, 0},
	{0x42, 0x0155, 0x10, 0x10, 0},
	{0x42, 0x0156, 0x00, 0x10, 0},
	{0x42, 0x0158, 0xD8, 0x10, 0},
	{0x42, 0x0159, 0x04, 0x10, 0},
	{0x42, 0x015A, 0x00, 0x10, 0},
	{0x42, 0x015C, 0x91, 0x10, 0},
	{0x42, 0x015D, 0x32, 0x10, 0},
	{0x42, 0x015E, 0x00, 0x10, 0},
	{0x42, 0x0160, 0xA0, 0x10, 0},
	{0x42, 0x0161, 0x06, 0x10, 0},
	{0x42, 0x0162, 0x00, 0x10, 0},
	{0x42, 0x0164, 0xB4, 0x10, 0},
	{0x42, 0x0165, 0x97, 0x10, 0},
	{0x42, 0x0166, 0x00, 0x10, 0},
	{0x42, 0x0168, 0x98, 0x10, 0},
	{0x42, 0x0169, 0x08, 0x10, 0},
	{0x42, 0x016A, 0x00, 0x10, 0},
	{0x42, 0x016C, 0x1C, 0x10, 0},
	{0x42, 0x016D, 0xC7, 0x10, 0},
	{0x42, 0x016E, 0x01, 0x10, 0},
	{0x42, 0x0170, 0xCC, 0x10, 0},
	{0x42, 0x0171, 0x0A, 0x10, 0},
	{0x42, 0x0172, 0x00, 0x10, 0},
	{0x42, 0x0174, 0x55, 0x10, 0},
	{0x42, 0x0175, 0x55, 0x10, 0},
	{0x42, 0x0176, 0x05, 0x10, 0},
	{0x42, 0x0178, 0x44, 0x10, 0},
	{0x42, 0x0179, 0x0D, 0x10, 0},
	{0x42, 0x017A, 0x00, 0x10, 0},
	{0x42, 0x017C, 0xFF, 0x10, 0},
	{0x42, 0x017D, 0xFF, 0x10, 0},
	{0x42, 0x017E, 0x0F, 0x10, 0},
	{0x42, 0x0180, 0xFC, 0x10, 0},
	{0x42, 0x0181, 0x0F, 0x10, 0},
	{0x42, 0x0182, 0x00, 0x10, 0},
	{0x42, 0x0184, 0xFF, 0x10, 0},
	{0x42, 0x0185, 0xFF, 0x10, 0},
	{0x42, 0x0186, 0x0F, 0x10, 0},
	{0x42, 0x0188, 0xFF, 0x10, 0},
	{0x42, 0x0189, 0x0F, 0x10, 0},
	{0x42, 0x018A, 0x00, 0x10, 0},
	{0x42, 0x018C, 0xFF, 0x10, 0},
	{0x42, 0x018D, 0xFF, 0x10, 0},
	{0x42, 0x018E, 0xFF, 0x10, 0},
	{0x42, 0x0190, 0xFF, 0x10, 0},
	{0x42, 0x0191, 0x0F, 0x10, 0},
	{0x42, 0x0192, 0x00, 0x10, 0},
	{0x42, 0x0194, 0xFF, 0x10, 0},
	{0x42, 0x0195, 0x0F, 0x10, 0},
	{0x42, 0x0196, 0x00, 0x10, 0},
	{0x42, 0x0198, 0x00, 0x10, 0},
	{0x42, 0x0199, 0x00, 0x10, 0},
	{0x42, 0x019A, 0x00, 0x10, 0},
	{0x42, 0x019B, 0x01, 0x10, 0},
	{0x42, 0x019C, 0x89, 0x10, 0},
	{0x42, 0x019D, 0x41, 0x10, 0},
	{0x42, 0x019E, 0x60, 0x10, 0},
	{0x42, 0x019F, 0x00, 0x10, 0},
	{0x42, 0x01A0, 0x81, 0x10, 0},
	{0x42, 0x01A1, 0x95, 0x10, 0},
	{0x42, 0x01A2, 0x23, 0x10, 0},
	{0x42, 0x01A3, 0x00, 0x10, 0},
	{0x42, 0x01A4, 0x93, 0x10, 0},
	{0x42, 0x01A5, 0x87, 0x10, 0},
	{0x42, 0x01A6, 0x0D, 0x10, 0},
	{0x42, 0x01A7, 0x00, 0x10, 0},
	{0x42, 0x01A8, 0x54, 0x10, 0},
	{0x42, 0x01A9, 0xFB, 0x10, 0},
	{0x42, 0x01AA, 0x04, 0x10, 0},
	{0x42, 0x01AB, 0x00, 0x10, 0},
	{0x42, 0x01AC, 0xE4, 0x10, 0},
	{0x42, 0x01AD, 0xDB, 0x10, 0},
	{0x42, 0x01AE, 0x01, 0x10, 0},
	{0x42, 0x01AF, 0x00, 0x10, 0},
	{0x42, 0x01B0, 0xB5, 0x10, 0},
	{0x42, 0x01B1, 0xB1, 0x10, 0},
	{0x42, 0x01B2, 0x00, 0x10, 0},
	{0x42, 0x01B3, 0x00, 0x10, 0},
	{0x42, 0x01B4, 0x99, 0x10, 0},
	{0x42, 0x01B5, 0x41, 0x10, 0},
	{0x42, 0x01B6, 0x00, 0x10, 0},
	{0x42, 0x01B7, 0x00, 0x10, 0},
	{0x42, 0x01B8, 0x00, 0x10, 0},
	{0x42, 0x01B9, 0x00, 0x10, 0},
	{0x42, 0x01BA, 0x00, 0x10, 0},
	{0x42, 0x01BB, 0x00, 0x10, 0},
	{0x42, 0x01BC, 0x00, 0x10, 0},
	{0x42, 0x01BD, 0x00, 0x10, 0},
	{0x42, 0x01BE, 0x00, 0x10, 0},
	{0x42, 0x01BF, 0x00, 0x10, 0},
	{0x42, 0x01C0, 0x00, 0x10, 0},
	{0x42, 0x01C1, 0x00, 0x10, 0},
	{0x42, 0x01C2, 0x00, 0x10, 0},
	{0x42, 0x01C3, 0x00, 0x10, 0},
	{0x42, 0x01C4, 0x00, 0x10, 0},
	{0x42, 0x01C5, 0x00, 0x10, 0},
	{0x42, 0x01CC, 0x01, 0x10, 0},
	{0x42, 0x01D0, 0x09, 0x10, 0},
	{0x42, 0x01D4, 0x01, 0x10, 0},
	{0x42, 0x0332, 0xEA, 0x10, 0},
	{0x42, 0x0333, 0x02, 0x10, 0},
	{0x42, 0x0390, 0x00, 0x10, 0},
	{0x42, 0x0391, 0x00, 0x10, 0},
	{0x42, 0x0392, 0x00, 0x10, 0},
	{0x42, 0x03C0, 0x0d, 0x10, 0},		// SM_CROP_ON_APL = 1, // inverted operation
	{0x42, 0x2000, 0x55, 0x10, 0},
	{0x42, 0x2001, 0x55, 0x10, 0},
	{0x42, 0x2002, 0x55, 0x10, 0},
	{0x42, 0x2003, 0x05, 0x10, 0},
	{0x42, 0x2004, 0x02, 0x10, 0},
	{0x42, 0x2008, 0x65, 0x10, 0},
	{0x42, 0x2009, 0x04, 0x10, 0},
	{0x42, 0x200A, 0x00, 0x10, 0},
	{0x42, 0x200C, 0x30, 0x10, 0},
	{0x42, 0x200D, 0x11, 0x10, 0},
	{0x42, 0x2010, 0x04, 0x10, 0},
	{0x42, 0x2014, 0x01, 0x10, 0},
	{0x42, 0x2018, 0x02, 0x10, 0},
	{0x42, 0x2019, 0x04, 0x10, 0},
	{0x42, 0x201A, 0x00, 0x10, 0},
	{0x42, 0x201C, 0x21, 0x10, 0},
	{0x42, 0x201D, 0x11, 0x10, 0},
	{0x42, 0x201E, 0x00, 0x10, 0},
	{0x42, 0x201F, 0x00, 0x10, 0},
	{0x42, 0x2020, 0xBC, 0x10, 0},
	{0x42, 0x2021, 0x00, 0x10, 0},
	{0x42, 0x2022, 0x7F, 0x10, 0},
	{0x42, 0x2023, 0x00, 0x10, 0},
	{0x42, 0x2024, 0xBA, 0x10, 0},
	{0x42, 0x2025, 0x00, 0x10, 0},
	{0x42, 0x2026, 0x81, 0x10, 0},
	{0x42, 0x2027, 0x00, 0x10, 0},
	{0x42, 0x2028, 0x7D, 0x10, 0},
	{0x42, 0x2029, 0x90, 0x10, 0},
	{0x42, 0x202A, 0x05, 0x10, 0},
	{0x42, 0x202C, 0xFC, 0x10, 0},
	{0x42, 0x202D, 0x02, 0x10, 0},
	{0x42, 0x202E, 0x25, 0x10, 0},
	{0x42, 0x202F, 0x03, 0x10, 0},
	{0x42, 0x2030, 0x05, 0x10, 0},
	{0x42, 0x2031, 0x02, 0x10, 0},
	{0x42, 0x2032, 0xCA, 0x10, 0},
	{0x42, 0x2033, 0x02, 0x10, 0},
	{0x42, 0x2034, 0xFC, 0x10, 0},
	{0x42, 0x2035, 0x02, 0x10, 0},
	{0x42, 0x2036, 0x25, 0x10, 0},
	{0x42, 0x2037, 0x03, 0x10, 0},
	{0x42, 0x2038, 0xF8, 0x10, 0},
	{0x42, 0x2039, 0xE4, 0x10, 0},
	{0x42, 0x203A, 0xE3, 0x10, 0},
	{0x42, 0x203B, 0x01, 0x10, 0},
	{0x42, 0x203C, 0xF5, 0x10, 0},
	{0x42, 0x203D, 0x8E, 0x10, 0},
	{0x42, 0x203E, 0x0C, 0x10, 0},
	{0x42, 0x203F, 0x2D, 0x10, 0},
	{0x42, 0x2040, 0x69, 0x10, 0},
	{0x42, 0x2041, 0x01, 0x10, 0},
	{0x42, 0x2042, 0x8E, 0x10, 0},
	{0x42, 0x2043, 0x01, 0x10, 0},
	{0x42, 0x2044, 0x0C, 0x10, 0},
	{0x42, 0x2045, 0x02, 0x10, 0},
	{0x42, 0x2046, 0x31, 0x10, 0},
	{0x42, 0x2047, 0x02, 0x10, 0},
	{0x42, 0x2048, 0x6A, 0x10, 0},
	{0x42, 0x2049, 0x01, 0x10, 0},
	{0x42, 0x204A, 0x8E, 0x10, 0},
	{0x42, 0x204B, 0x01, 0x10, 0},
	{0x42, 0x204C, 0x0D, 0x10, 0},
	{0x42, 0x204D, 0x02, 0x10, 0},
	{0x42, 0x204E, 0x31, 0x10, 0},
	{0x42, 0x204F, 0x02, 0x10, 0},
	{0x42, 0x2050, 0x7B, 0x10, 0},
	{0x42, 0x2051, 0x00, 0x10, 0},
	{0x42, 0x2052, 0x7D, 0x10, 0},
	{0x42, 0x2053, 0x00, 0x10, 0},
	{0x42, 0x2054, 0x95, 0x10, 0},
	{0x42, 0x2055, 0x00, 0x10, 0},
	{0x42, 0x2056, 0x97, 0x10, 0},
	{0x42, 0x2057, 0x00, 0x10, 0},
	{0x42, 0x2058, 0xAD, 0x10, 0},
	{0x42, 0x2059, 0x00, 0x10, 0},
	{0x42, 0x205A, 0xAF, 0x10, 0},
	{0x42, 0x205B, 0x00, 0x10, 0},
	{0x42, 0x205C, 0x92, 0x10, 0},
	{0x42, 0x205D, 0x00, 0x10, 0},
	{0x42, 0x205E, 0x94, 0x10, 0},
	{0x42, 0x205F, 0x00, 0x10, 0},
	{0x42, 0x2060, 0x8E, 0x10, 0},
	{0x42, 0x2061, 0x00, 0x10, 0},
	{0x42, 0x2062, 0x90, 0x10, 0},
	{0x42, 0x2063, 0x00, 0x10, 0},
	{0x42, 0x2064, 0xB1, 0x10, 0},
	{0x42, 0x2065, 0x00, 0x10, 0},
	{0x42, 0x2066, 0xB3, 0x10, 0},
	{0x42, 0x2067, 0x00, 0x10, 0},
	{0x42, 0x2068, 0x08, 0x10, 0},
	{0x42, 0x2069, 0x00, 0x10, 0},
	{0x42, 0x206A, 0x04, 0x10, 0},
	{0x42, 0x206B, 0x00, 0x10, 0},
	{0x42, 0x206C, 0x84, 0x10, 0},
	{0x42, 0x206D, 0x00, 0x10, 0},
	{0x42, 0x206E, 0x80, 0x10, 0},
	{0x42, 0x206F, 0x00, 0x10, 0},
	{0x42, 0x2070, 0x04, 0x10, 0},
	{0x42, 0x2071, 0x00, 0x10, 0},
	{0x42, 0x2072, 0x46, 0x10, 0},
	{0x42, 0x2073, 0x00, 0x10, 0},
	{0x42, 0x2074, 0xE9, 0x10, 0},
	{0x42, 0x2075, 0x01, 0x10, 0},
	{0x42, 0x2076, 0x74, 0x10, 0},
	{0x42, 0x2077, 0x02, 0x10, 0},
	{0x42, 0x2078, 0x80, 0x10, 0},
	{0x42, 0x2079, 0x00, 0x10, 0},
	{0x42, 0x207A, 0xC1, 0x10, 0},
	{0x42, 0x207B, 0x00, 0x10, 0},
	{0x42, 0x207C, 0xFF, 0x10, 0},
	{0x42, 0x207D, 0x03, 0x10, 0},
	{0x42, 0x207E, 0xFF, 0x10, 0},
	{0x42, 0x207F, 0x03, 0x10, 0},
	{0x42, 0x2080, 0x78, 0x10, 0},
	{0x42, 0x2081, 0x00, 0x10, 0},
	{0x42, 0x2082, 0x6A, 0x10, 0},
	{0x42, 0x2083, 0x01, 0x10, 0},
	{0x42, 0x2084, 0xE4, 0x10, 0},
	{0x42, 0x2085, 0x01, 0x10, 0},
	{0x42, 0x2086, 0x2B, 0x10, 0},
	{0x42, 0x2087, 0x03, 0x10, 0},
	{0x42, 0x2088, 0x00, 0x10, 0},
	{0x42, 0x2089, 0x00, 0x10, 0},
	{0x42, 0x208A, 0xFF, 0x10, 0},
	{0x42, 0x208B, 0x03, 0x10, 0},
	{0x42, 0x208C, 0xFF, 0x10, 0},
	{0x42, 0x208D, 0x03, 0x10, 0},
	{0x42, 0x208E, 0xFF, 0x10, 0},
	{0x42, 0x208F, 0x03, 0x10, 0},
	{0x42, 0x2090, 0x7D, 0x10, 0},
	{0x42, 0x2091, 0x00, 0x10, 0},
	{0x42, 0x2092, 0x62, 0x10, 0},
	{0x42, 0x2093, 0x01, 0x10, 0},
	{0x42, 0x2094, 0xE9, 0x10, 0},
	{0x42, 0x2095, 0x01, 0x10, 0},
	{0x42, 0x2096, 0x00, 0x10, 0},
	{0x42, 0x2097, 0x00, 0x10, 0},
	{0x42, 0x2098, 0x7C, 0x10, 0},
	{0x42, 0x2099, 0x00, 0x10, 0},
	{0x42, 0x209A, 0x21, 0x10, 0},
	{0x42, 0x209B, 0x03, 0x10, 0},
	{0x42, 0x209C, 0xE9, 0x10, 0},
	{0x42, 0x209D, 0x01, 0x10, 0},
	{0x42, 0x209E, 0x21, 0x10, 0},
	{0x42, 0x209F, 0x03, 0x10, 0},
	{0x42, 0x20A0, 0xFF, 0x10, 0},
	{0x42, 0x20A1, 0x03, 0x10, 0},
	{0x42, 0x20A2, 0xFF, 0x10, 0},
	{0x42, 0x20A3, 0x03, 0x10, 0},
	{0x42, 0x20A4, 0xFF, 0x10, 0},
	{0x42, 0x20A5, 0x03, 0x10, 0},
	{0x42, 0x20A6, 0xFF, 0x10, 0},
	{0x42, 0x20A7, 0x03, 0x10, 0},
	{0x42, 0x20A8, 0xFF, 0x10, 0},
	{0x42, 0x20A9, 0x03, 0x10, 0},
	{0x42, 0x20AA, 0xFF, 0x10, 0},
	{0x42, 0x20AB, 0x03, 0x10, 0},
	{0x42, 0x20AC, 0xFF, 0x10, 0},
	{0x42, 0x20AD, 0x03, 0x10, 0},
	{0x42, 0x20AE, 0xFF, 0x10, 0},
	{0x42, 0x20AF, 0x03, 0x10, 0},
	{0x42, 0x20B0, 0xFF, 0x10, 0},
	{0x42, 0x20B1, 0x03, 0x10, 0},
	{0x42, 0x20B2, 0xFF, 0x10, 0},
	{0x42, 0x20B3, 0x03, 0x10, 0},
	{0x42, 0x20B4, 0x87, 0x10, 0},
	{0x42, 0x20B5, 0xCC, 0x10, 0},
	{0x42, 0x20B6, 0x87, 0x10, 0},
	{0x42, 0x20B7, 0x08, 0x10, 0},
	{0x42, 0x20B8, 0xF4, 0x10, 0},
	{0x42, 0x20B9, 0xA5, 0x10, 0},
	{0x42, 0x20BA, 0x07, 0x10, 0},
	{0x42, 0x20BC, 0x1F, 0x10, 0},
	{0x42, 0x20BD, 0x01, 0x10, 0},
	{0x42, 0x20BE, 0xF6, 0x10, 0},
	{0x42, 0x20BF, 0x00, 0x10, 0},
	{0x42, 0x20C0, 0x90, 0x10, 0},
	{0x42, 0x20C1, 0x01, 0x10, 0},
	{0x42, 0x20C2, 0x67, 0x10, 0},
	{0x42, 0x20C3, 0x01, 0x10, 0},
	{0x42, 0x20C4, 0xFF, 0x10, 0},
	{0x42, 0x20C5, 0x03, 0x10, 0},
	{0x42, 0x20C6, 0xFF, 0x10, 0},
	{0x42, 0x20C7, 0x03, 0x10, 0},
	{0x42, 0x20C8, 0x33, 0x10, 0},
	{0x42, 0x20C9, 0x02, 0x10, 0},
	{0x42, 0x20CA, 0x0A, 0x10, 0},
	{0x42, 0x20CB, 0x02, 0x10, 0},
	{0x42, 0x20CC, 0x7F, 0x10, 0},
	{0x42, 0x20CD, 0x00, 0x10, 0},
	{0x42, 0x20CE, 0xD2, 0x10, 0},
	{0x42, 0x20CF, 0x00, 0x10, 0},
	{0x42, 0x20D0, 0x81, 0x10, 0},
	{0x42, 0x20D1, 0x00, 0x10, 0},
	{0x42, 0x20D2, 0x87, 0x10, 0},
	{0x42, 0x20D3, 0x00, 0x10, 0},
	{0x42, 0x20D4, 0x09, 0x10, 0},
	{0x42, 0x20D5, 0x00, 0x10, 0},
	{0x42, 0x20D8, 0x7F, 0x10, 0},
	{0x42, 0x20D9, 0x00, 0x10, 0},
	{0x42, 0x20DA, 0x62, 0x10, 0},
	{0x42, 0x20DB, 0x01, 0x10, 0},
	{0x42, 0x20DC, 0x7F, 0x10, 0},
	{0x42, 0x20DD, 0x00, 0x10, 0},
	{0x42, 0x20DE, 0x62, 0x10, 0},
	{0x42, 0x20DF, 0x01, 0x10, 0},
	{0x42, 0x20E0, 0x65, 0x10, 0},
	{0x42, 0x20E1, 0x00, 0x10, 0},
	{0x42, 0x20E2, 0x75, 0x10, 0},
	{0x42, 0x20E3, 0x00, 0x10, 0},
	{0x42, 0x20E4, 0xE0, 0x10, 0},
	{0x42, 0x20E5, 0x00, 0x10, 0},
	{0x42, 0x20E6, 0xF0, 0x10, 0},
	{0x42, 0x20E7, 0x00, 0x10, 0},
	{0x42, 0x20E8, 0x4C, 0x10, 0},
	{0x42, 0x20E9, 0x01, 0x10, 0},
	{0x42, 0x20EA, 0x5C, 0x10, 0},
	{0x42, 0x20EB, 0x01, 0x10, 0},
	{0x42, 0x20EC, 0xD1, 0x10, 0},
	{0x42, 0x20ED, 0x01, 0x10, 0},
	{0x42, 0x20EE, 0xE1, 0x10, 0},
	{0x42, 0x20EF, 0x01, 0x10, 0},
	{0x42, 0x20F0, 0x93, 0x10, 0},
	{0x42, 0x20F1, 0x02, 0x10, 0},
	{0x42, 0x20F2, 0xA3, 0x10, 0},
	{0x42, 0x20F3, 0x02, 0x10, 0},
	{0x42, 0x20F4, 0x0D, 0x10, 0},
	{0x42, 0x20F5, 0x03, 0x10, 0},
	{0x42, 0x20F6, 0x1D, 0x10, 0},
	{0x42, 0x20F7, 0x03, 0x10, 0},
	{0x42, 0x20F8, 0x57, 0x10, 0},
	{0x42, 0x20F9, 0x00, 0x10, 0},
	{0x42, 0x20FA, 0x7B, 0x10, 0},
	{0x42, 0x20FB, 0x00, 0x10, 0},
	{0x42, 0x20FC, 0xD2, 0x10, 0},
	{0x42, 0x20FD, 0x00, 0x10, 0},
	{0x42, 0x20FE, 0xF6, 0x10, 0},
	{0x42, 0x20FF, 0x00, 0x10, 0},
	{0x42, 0x2100, 0x3E, 0x10, 0},
	{0x42, 0x2101, 0x01, 0x10, 0},
	{0x42, 0x2102, 0x60, 0x10, 0},
	{0x42, 0x2103, 0x01, 0x10, 0},
	{0x42, 0x2104, 0xC3, 0x10, 0},
	{0x42, 0x2105, 0x01, 0x10, 0},
	{0x42, 0x2106, 0xE5, 0x10, 0},
	{0x42, 0x2107, 0x01, 0x10, 0},
	{0x42, 0x2108, 0x85, 0x10, 0},
	{0x42, 0x2109, 0x02, 0x10, 0},
	{0x42, 0x210A, 0xA9, 0x10, 0},
	{0x42, 0x210B, 0x02, 0x10, 0},
	{0x42, 0x210C, 0xFF, 0x10, 0},
	{0x42, 0x210D, 0x02, 0x10, 0},
	{0x42, 0x210E, 0x21, 0x10, 0},
	{0x42, 0x210F, 0x03, 0x10, 0},
	{0x42, 0x2110, 0xFF, 0x10, 0},
	{0x42, 0x2111, 0x03, 0x10, 0},
	{0x42, 0x2112, 0x00, 0x10, 0},
	{0x42, 0x2113, 0x00, 0x10, 0},
	{0x42, 0x2114, 0xFF, 0x10, 0},
	{0x42, 0x2115, 0x03, 0x10, 0},
	{0x42, 0x2116, 0xFF, 0x10, 0},
	{0x42, 0x2117, 0x03, 0x10, 0},
	{0x42, 0x2118, 0xFF, 0x10, 0},
	{0x42, 0x2119, 0x03, 0x10, 0},
	{0x42, 0x211A, 0xFF, 0x10, 0},
	{0x42, 0x211B, 0x03, 0x10, 0},
	{0x42, 0x211C, 0xFF, 0x10, 0},
	{0x42, 0x211D, 0x03, 0x10, 0},
	{0x42, 0x211E, 0xFF, 0x10, 0},
	{0x42, 0x211F, 0x03, 0x10, 0},
	{0x42, 0x2120, 0xFF, 0x10, 0},
	{0x42, 0x2121, 0x03, 0x10, 0},
	{0x42, 0x2122, 0xFF, 0x10, 0},
	{0x42, 0x2123, 0x03, 0x10, 0},
	{0x42, 0x2124, 0xFF, 0x10, 0},
	{0x42, 0x2125, 0x03, 0x10, 0},
	{0x42, 0x2126, 0xFF, 0x10, 0},
	{0x42, 0x2127, 0x03, 0x10, 0},
	{0x42, 0x2128, 0x7D, 0x10, 0},
	{0x42, 0x2129, 0x90, 0x10, 0},
	{0x42, 0x212A, 0xD5, 0x10, 0},
	{0x42, 0x212B, 0x07, 0x10, 0},
	{0x42, 0x212C, 0x64, 0x10, 0},
	{0x42, 0x212D, 0x01, 0x10, 0},
	{0x42, 0x2130, 0x5F, 0x10, 0},
	{0x42, 0x2131, 0x7D, 0x10, 0},
	{0x42, 0x2132, 0x05, 0x10, 0},
	{0x42, 0x2134, 0x78, 0x10, 0},
	{0x42, 0x2135, 0x00, 0x10, 0},
	{0x42, 0x2136, 0x76, 0x10, 0},
	{0x42, 0x2137, 0x00, 0x10, 0},
	{0x42, 0x2138, 0xF3, 0x10, 0},
	{0x42, 0x2139, 0x00, 0x10, 0},
	{0x42, 0x213A, 0xF1, 0x10, 0},
	{0x42, 0x213B, 0x00, 0x10, 0},
	{0x42, 0x213C, 0xA6, 0x10, 0},
	{0x42, 0x213D, 0x02, 0x10, 0},
	{0x42, 0x213E, 0xA4, 0x10, 0},
	{0x42, 0x213F, 0x02, 0x10, 0},
	{0x42, 0x2140, 0x7D, 0x10, 0},
	{0x42, 0x2141, 0x00, 0x10, 0},
	{0x42, 0x2142, 0x8D, 0x10, 0},
	{0x42, 0x2143, 0x00, 0x10, 0},
	{0x42, 0x2144, 0xA1, 0x10, 0},
	{0x42, 0x2145, 0x01, 0x10, 0},
	{0x42, 0x2146, 0xB1, 0x10, 0},
	{0x42, 0x2147, 0x01, 0x10, 0},
	{0x42, 0x2148, 0xAB, 0x10, 0},
	{0x42, 0x2149, 0x02, 0x10, 0},
	{0x42, 0x214A, 0xBB, 0x10, 0},
	{0x42, 0x214B, 0x02, 0x10, 0},
	{0x42, 0x214C, 0x17, 0x10, 0},
	{0x42, 0x214D, 0x5C, 0x10, 0},
	{0x42, 0x214E, 0x00, 0x10, 0},
	{0x42, 0x2150, 0x00, 0x10, 0},
	{0x42, 0x2151, 0x00, 0x10, 0},
	{0x42, 0x2152, 0xF8, 0x10, 0},
	{0x42, 0x2153, 0x00, 0x10, 0},
	{0x42, 0x2154, 0x45, 0x10, 0},
	{0x42, 0x2155, 0x00, 0x10, 0},
	{0x42, 0x2156, 0x00, 0x10, 0},
	{0x42, 0x2157, 0x00, 0x10, 0},
	{0x42, 0x2158, 0x25, 0x10, 0},
	{0x42, 0x2159, 0x00, 0x10, 0},
	{0x42, 0x215A, 0x7D, 0x10, 0},
	{0x42, 0x215B, 0x00, 0x10, 0},
	{0x42, 0x215C, 0x62, 0x10, 0},
	{0x42, 0x215D, 0x01, 0x10, 0},
	{0x42, 0x215E, 0xFF, 0x10, 0},
	{0x42, 0x215F, 0x03, 0x10, 0},
	{0x42, 0x2160, 0x26, 0x10, 0},
	{0x42, 0x2161, 0x00, 0x10, 0},
	{0x42, 0x2162, 0x7D, 0x10, 0},
	{0x42, 0x2163, 0x00, 0x10, 0},
	{0x42, 0x2164, 0x63, 0x10, 0},
	{0x42, 0x2165, 0x01, 0x10, 0},
	{0x42, 0x2166, 0xFF, 0x10, 0},
	{0x42, 0x2167, 0x03, 0x10, 0},
	{0x42, 0x2168, 0xCB, 0x10, 0},
	{0x42, 0x2169, 0x02, 0x10, 0},
	{0x42, 0x216A, 0xCF, 0x10, 0},
	{0x42, 0x216B, 0x02, 0x10, 0},
	{0x42, 0x216C, 0xFF, 0x10, 0},
	{0x42, 0x216D, 0x03, 0x10, 0},
	{0x42, 0x216E, 0xFF, 0x10, 0},
	{0x42, 0x216F, 0x03, 0x10, 0},
	{0x42, 0x2170, 0xFF, 0x10, 0},
	{0x42, 0x2171, 0x03, 0x10, 0},
	{0x42, 0x2172, 0xFF, 0x10, 0},
	{0x42, 0x2173, 0x03, 0x10, 0},
	{0x42, 0x2174, 0xFF, 0x10, 0},
	{0x42, 0x2175, 0x03, 0x10, 0},
	{0x42, 0x2176, 0xFF, 0x10, 0},
	{0x42, 0x2177, 0x03, 0x10, 0},
	{0x42, 0x2178, 0x7E, 0x10, 0},
	{0x42, 0x2179, 0x00, 0x10, 0},
	{0x42, 0x217A, 0xBD, 0x10, 0},
	{0x42, 0x217B, 0x00, 0x10, 0},
	{0x42, 0x217C, 0xEC, 0x10, 0},
	{0x42, 0x217D, 0x01, 0x10, 0},
	{0x42, 0x217E, 0x7B, 0x10, 0},
	{0x42, 0x217F, 0x02, 0x10, 0},
	{0x42, 0x2180, 0xD1, 0x10, 0},
	{0x42, 0x2181, 0x02, 0x10, 0},
	{0x42, 0x2182, 0x25, 0x10, 0},
	{0x42, 0x2183, 0x03, 0x10, 0},
	{0x42, 0x2184, 0x7F, 0x10, 0},
	{0x42, 0x2185, 0x00, 0x10, 0},
	{0x42, 0x2186, 0xBD, 0x10, 0},
	{0x42, 0x2187, 0x00, 0x10, 0},
	{0x42, 0x2188, 0xED, 0x10, 0},
	{0x42, 0x2189, 0x01, 0x10, 0},
	{0x42, 0x218A, 0x7B, 0x10, 0},
	{0x42, 0x218B, 0x02, 0x10, 0},
	{0x42, 0x218C, 0xD2, 0x10, 0},
	{0x42, 0x218D, 0x02, 0x10, 0},
	{0x42, 0x218E, 0x25, 0x10, 0},
	{0x42, 0x218F, 0x03, 0x10, 0},
	{0x42, 0x2190, 0xFF, 0x10, 0},
	{0x42, 0x2191, 0x03, 0x10, 0},
	{0x42, 0x2192, 0xFF, 0x10, 0},
	{0x42, 0x2193, 0x03, 0x10, 0},
	{0x42, 0x2194, 0xE9, 0x10, 0},
	{0x42, 0x2195, 0x01, 0x10, 0},
	{0x42, 0x2196, 0x21, 0x10, 0},
	{0x42, 0x2197, 0x03, 0x10, 0},
	{0x42, 0x2198, 0x17, 0x10, 0},
	{0x42, 0x2199, 0xFC, 0x10, 0},
	{0x42, 0x219A, 0x7F, 0x10, 0},
	{0x42, 0x219B, 0x01, 0x10, 0},
	{0x42, 0x219C, 0xFF, 0x10, 0},
	{0x42, 0x219D, 0x03, 0x10, 0},
	{0x42, 0x21A0, 0x1B, 0x10, 0},
	{0x42, 0x21A1, 0x1B, 0x10, 0},
	{0x42, 0x21A2, 0x1B, 0x10, 0},
	{0x42, 0x21A3, 0x01, 0x10, 0},
	{0x42, 0x21A4, 0x2E, 0x10, 0},
	{0x42, 0x21A5, 0x80, 0x10, 0},
	{0x42, 0x21A6, 0x00, 0x10, 0},
	{0x42, 0x21A8, 0x04, 0x10, 0},
	{0x42, 0x21A9, 0x98, 0x10, 0},
	{0x42, 0x21AA, 0x60, 0x10, 0},
	{0x42, 0x21AB, 0x03, 0x10, 0},
	{0x42, 0x21AC, 0x7F, 0x10, 0},
	{0x42, 0x21AD, 0x80, 0x10, 0},
	{0x42, 0x21AE, 0x09, 0x10, 0},
	{0x42, 0x21B0, 0x1C, 0x10, 0},
	{0x42, 0x21B1, 0x00, 0x10, 0},
	{0x42, 0x21B2, 0xA0, 0x10, 0},
	{0x42, 0x21B3, 0x00, 0x10, 0},
	{0x42, 0x21B4, 0x0C, 0x10, 0},
	{0x42, 0x21B5, 0x00, 0x10, 0},
	{0x42, 0x21B6, 0x2D, 0x10, 0},
	{0x42, 0x21B7, 0x00, 0x10, 0},
	{0x42, 0x21B8, 0x20, 0x10, 0},
	{0x42, 0x21B9, 0x00, 0x10, 0},
	{0x42, 0x21BA, 0x02, 0x10, 0},
	{0x42, 0x21BB, 0x00, 0x10, 0},
	{0x42, 0x21BC, 0xCC, 0x10, 0},
	{0x42, 0x21BD, 0x00, 0x10, 0},
	{0x42, 0x21BE, 0x4A, 0x10, 0},
	{0x42, 0x21BF, 0x00, 0x10, 0},
	{0x42, 0x21C0, 0xD0, 0x10, 0},
	{0x42, 0x21C1, 0x00, 0x10, 0},
	{0x42, 0x21C2, 0x44, 0x10, 0},
	{0x42, 0x21C3, 0x00, 0x10, 0},
	{0x42, 0x21C4, 0x00, 0x10, 0},
	{0x42, 0x21C5, 0xE0, 0x10, 0},
	{0x42, 0x21C6, 0x00, 0x10, 0},
	{0x42, 0x21C8, 0x11, 0x10, 0},
	{0x42, 0x21C9, 0x00, 0x10, 0},
	{0x42, 0x21CA, 0x02, 0x10, 0},
	{0x42, 0x21CC, 0x08, 0x10, 0},
	{0x42, 0x21CD, 0xC0, 0x10, 0},
	{0x42, 0x21CE, 0x0C, 0x10, 0},
	{0x42, 0x21D0, 0x44, 0x10, 0},
	{0x42, 0x21D1, 0x00, 0x10, 0},
	{0x42, 0x21D2, 0x02, 0x10, 0},
	{0x42, 0x21D4, 0x02, 0x10, 0},
	{0x42, 0x21D5, 0x20, 0x10, 0},
	{0x42, 0x21D6, 0x2C, 0x10, 0},
	{0x42, 0x21D8, 0xFE, 0x10, 0},
	{0x42, 0x21D9, 0x9D, 0x10, 0},
	{0x42, 0x21DA, 0xDF, 0x10, 0},
	{0x42, 0x21DB, 0x03, 0x10, 0},
	{0x42, 0x21DC, 0x62, 0x10, 0},
	{0x42, 0x21DD, 0x01, 0x10, 0},
	{0x42, 0x21DE, 0x7F, 0x10, 0},
	{0x42, 0x21DF, 0x00, 0x10, 0},
	{0x42, 0x21E0, 0xB7, 0x10, 0},
	{0x42, 0x21E1, 0x01, 0x10, 0},
	{0x42, 0x21E2, 0xB5, 0x10, 0},
	{0x42, 0x21E3, 0x01, 0x10, 0},
	{0x42, 0x21E4, 0xC1, 0x10, 0},
	{0x42, 0x21E5, 0x02, 0x10, 0},
	{0x42, 0x21E6, 0xBF, 0x10, 0},
	{0x42, 0x21E7, 0x02, 0x10, 0},
	{0x42, 0x21E8, 0xB3, 0x10, 0},
	{0x42, 0x21E9, 0x4D, 0x10, 0},
	{0x42, 0x21EA, 0x00, 0x10, 0},
	{0x42, 0x21EB, 0x04, 0x10, 0},
	{0x42, 0x21EC, 0x90, 0x10, 0},
	{0x42, 0x21ED, 0x07, 0x10, 0},
	{0x42, 0x21EE, 0x58, 0x10, 0},
	{0x42, 0x21EF, 0x04, 0x10, 0},
	{0x42, 0x21F0, 0x54, 0x10, 0},
	{0x42, 0x21F1, 0x04, 0x10, 0},
	{0x42, 0x21F4, 0x02, 0x10, 0},
	{0x42, 0x21F5, 0x00, 0x10, 0},
	{0x42, 0x21F6, 0x00, 0x10, 0},
	{0x42, 0x21F8, 0x3C, 0x10, 0},
	{0x42, 0x21F9, 0x00, 0x10, 0},
	{0x42, 0x21FC, 0x28, 0x10, 0},
	{0x42, 0x21FD, 0x00, 0x10, 0},
	{0x42, 0x21FE, 0x3C, 0x10, 0},
	{0x42, 0x21FF, 0x00, 0x10, 0},
	{0x42, 0x2200, 0x00, 0x10, 0},
	{0x42, 0x2204, 0x4C, 0x10, 0},
	{0x42, 0x2205, 0x04, 0x10, 0},
	{0x42, 0x2206, 0x65, 0x10, 0},
	{0x42, 0x2207, 0x04, 0x10, 0},
	{0x42, 0x2208, 0x0A, 0x10, 0},
	{0x42, 0x2209, 0x00, 0x10, 0},
	{0x42, 0x220C, 0x47, 0x10, 0},
	{0x42, 0x220D, 0x00, 0x10, 0},
	{0x42, 0x220E, 0x1F, 0x10, 0},
	{0x42, 0x220F, 0x00, 0x10, 0},
	{0x42, 0x2210, 0x17, 0x10, 0},
	{0x42, 0x2211, 0x00, 0x10, 0},
	{0x42, 0x2212, 0x0F, 0x10, 0},
	{0x42, 0x2213, 0x00, 0x10, 0},
	{0x42, 0x2214, 0x17, 0x10, 0},
	{0x42, 0x2215, 0x00, 0x10, 0},
	{0x42, 0x2216, 0x47, 0x10, 0},
	{0x42, 0x2217, 0x00, 0x10, 0},
	{0x42, 0x2218, 0x0F, 0x10, 0},
	{0x42, 0x2219, 0x00, 0x10, 0},
	{0x42, 0x221A, 0x0F, 0x10, 0},
	{0x42, 0x221B, 0x00, 0x10, 0},
	{0x42, 0x221C, 0x03, 0x10, 0},
	{0x42, 0x2220, 0x20, 0x10, 0},
	{0x42, 0x2221, 0x20, 0x10, 0},
	{0x42, 0x2222, 0x22, 0x10, 0},
	{0x42, 0x2223, 0x02, 0x10, 0},
	{0x42, 0x2224, 0xA7, 0x10, 0},
	{0x42, 0x2225, 0xAA, 0x10, 0},
	{0x42, 0x2226, 0x80, 0x10, 0},
	{0x42, 0x2227, 0x08, 0x10, 0},
	{0x42, 0x2228, 0x01, 0x10, 0},
	{0x42, 0x2260, 0xFF, 0x10, 0},
	{0x42, 0x2261, 0x1F, 0x10, 0},
	{0x42, 0x2262, 0x00, 0x10, 0},
	{0x42, 0x2263, 0x00, 0x10, 0},
	{0x42, 0x2264, 0x00, 0x10, 0},
	{0x42, 0x2265, 0x00, 0x10, 0},
	{0x42, 0x2266, 0xFF, 0x10, 0},
	{0x42, 0x2267, 0x1F, 0x10, 0},
	{0x42, 0x2268, 0x00, 0x10, 0},
	{0x42, 0x2269, 0x00, 0x10, 0},
	{0x42, 0x226A, 0xFF, 0x10, 0},
	{0x42, 0x226B, 0x1F, 0x10, 0},
	{0x42, 0x226C, 0x00, 0x10, 0},
	{0x42, 0x226D, 0x00, 0x10, 0},
	{0x42, 0x226E, 0xFF, 0x10, 0},
	{0x42, 0x226F, 0x1F, 0x10, 0},
	{0x42, 0x227C, 0xFF, 0x10, 0},
	{0x42, 0x227D, 0x1F, 0x10, 0},
	{0x42, 0x227E, 0x00, 0x10, 0},
	{0x42, 0x227F, 0x10, 0x10, 0},
	{0x42, 0x2280, 0xFF, 0x10, 0},
	{0x42, 0x2281, 0x1F, 0x10, 0},
	{0x42, 0x2282, 0x00, 0x10, 0},
	{0x42, 0x2283, 0x10, 0x10, 0},
	{0x42, 0x2284, 0xFF, 0x10, 0},
	{0x42, 0x2285, 0x1F, 0x10, 0},
	{0x42, 0x2286, 0x00, 0x10, 0},
	{0x42, 0x2287, 0x10, 0x10, 0},
	{0x42, 0x22B2, 0x92, 0x10, 0},
	{0x42, 0x22B4, 0x20, 0x10, 0},
	{0x42, 0x22B5, 0x00, 0x10, 0},
	{0x42, 0x22B6, 0x20, 0x10, 0},
	{0x42, 0x22B7, 0x00, 0x10, 0},
	{0x42, 0x22B8, 0x20, 0x10, 0},
	{0x42, 0x22B9, 0x00, 0x10, 0},
	{0x42, 0x22BA, 0x20, 0x10, 0},
	{0x42, 0x22BB, 0x00, 0x10, 0},
	{0x42, 0x22BC, 0x20, 0x10, 0},
	{0x42, 0x22BD, 0x00, 0x10, 0},
	{0x42, 0x22BE, 0x20, 0x10, 0},
	{0x42, 0x22BF, 0x00, 0x10, 0},
	{0x42, 0x22C0, 0x20, 0x10, 0},
	{0x42, 0x22C1, 0x00, 0x10, 0},
	{0x42, 0x22C2, 0x20, 0x10, 0},
	{0x42, 0x22C3, 0x00, 0x10, 0},
	{0x42, 0x22C4, 0x20, 0x10, 0},
	{0x42, 0x22C5, 0x00, 0x10, 0},
	{0x42, 0x22C6, 0x20, 0x10, 0},
	{0x42, 0x22C7, 0x00, 0x10, 0},
	{0x42, 0x22C8, 0x20, 0x10, 0},
	{0x42, 0x22C9, 0x00, 0x10, 0},
	{0x42, 0x22CA, 0x20, 0x10, 0},
	{0x42, 0x22CB, 0x00, 0x10, 0},
	{0x42, 0x22CC, 0x20, 0x10, 0},
	{0x42, 0x22CD, 0x00, 0x10, 0},
	{0x42, 0x22CE, 0x20, 0x10, 0},
	{0x42, 0x22CF, 0x00, 0x10, 0},
	{0x42, 0x22DA, 0x00, 0x10, 0},
	{0x42, 0x22EF, 0x82, 0x10, 0},
	{0x42, 0x2308, 0x01, 0x10, 0},
	{0x42, 0x2310, 0x73, 0x10, 0},
	{0x42, 0x2311, 0x09, 0x10, 0},
	{0x42, 0x2318, 0x40, 0x10, 0},
	{0x42, 0x2319, 0xCD, 0x10, 0},
	{0x42, 0x231A, 0x54, 0x10, 0},
	{0x42, 0x2324, 0x20, 0x10, 0},
	{0x42, 0x2325, 0x00, 0x10, 0},
	{0x42, 0x2328, 0x00, 0x10, 0},
	{0x42, 0x234A, 0x9F, 0x10, 0},
	{0x42, 0x234B, 0x07, 0x10, 0},
	{0x42, 0x2354, 0x0C, 0x10, 0},
	{0x42, 0x23C0, 0x5D, 0x10, 0},
	{0x42, 0x244C, 0x00, 0x10, 0},
	{0x42, 0x244D, 0x02, 0x10, 0},
	{0x42, 0x244E, 0x54, 0x10, 0},
	{0x42, 0x244F, 0x02, 0x10, 0},
	{0x42, 0x24A0, 0x00, 0x10, 0},
	{0x42, 0x24A4, 0x16, 0x10, 0},
	{0x42, 0x24A5, 0x01, 0x10, 0},
	{0x42, 0x24A6, 0xA6, 0x10, 0},
	{0x42, 0x24A7, 0x02, 0x10, 0},
	{0x42, 0x24A8, 0xD5, 0x10, 0},
	{0x42, 0x24A9, 0x02, 0x10, 0},
	{0x42, 0x24BC, 0x17, 0x10, 0},
	{0x42, 0x24BD, 0x01, 0x10, 0},
	{0x42, 0x24BE, 0xA7, 0x10, 0},
	{0x42, 0x24BF, 0x02, 0x10, 0},
	{0x42, 0x24C0, 0xD5, 0x10, 0},
	{0x42, 0x24C1, 0x02, 0x10, 0},
	{0x42, 0x24DA, 0x6F, 0x10, 0},
	{0x42, 0x24DB, 0x00, 0x10, 0},
	{0x42, 0x24DC, 0x62, 0x10, 0},
	{0x42, 0x24DD, 0x01, 0x10, 0},
	{0x42, 0x24EA, 0x32, 0x10, 0},
	{0x42, 0x24EB, 0x00, 0x10, 0},
	{0x42, 0x24EC, 0xDC, 0x10, 0},
	{0x42, 0x24ED, 0x00, 0x10, 0},
	{0x42, 0x24FA, 0x32, 0x10, 0},
	{0x42, 0x24FB, 0x00, 0x10, 0},
	{0x42, 0x24FC, 0xDD, 0x10, 0},
	{0x42, 0x24FD, 0x00, 0x10, 0},
	{0x42, 0x254A, 0x15, 0x10, 0},
	{0x42, 0x254B, 0x01, 0x10, 0},
	{0x42, 0x255A, 0x15, 0x10, 0},
	{0x42, 0x255B, 0x01, 0x10, 0},
	{0x42, 0x2560, 0x01, 0x10, 0},
	{0x42, 0x2561, 0x00, 0x10, 0},
	{0x42, 0x2562, 0x2A, 0x10, 0},
	{0x42, 0x2563, 0x00, 0x10, 0},
	{0x42, 0x2564, 0xF8, 0x10, 0},
	{0x42, 0x2565, 0x00, 0x10, 0},
	{0x42, 0x2566, 0x15, 0x10, 0},
	{0x42, 0x2567, 0x01, 0x10, 0},
	{0x42, 0x2568, 0x0C, 0x10, 0},
	{0x42, 0x2569, 0x02, 0x10, 0},
	{0x42, 0x256A, 0x31, 0x10, 0},
	{0x42, 0x256B, 0x02, 0x10, 0},
	{0x42, 0x2578, 0x90, 0x10, 0},
	{0x42, 0x2579, 0x01, 0x10, 0},
	{0x42, 0x257A, 0x92, 0x10, 0},
	{0x42, 0x257B, 0x01, 0x10, 0},
	{0x42, 0x257C, 0xB8, 0x10, 0},
	{0x42, 0x257D, 0x02, 0x10, 0},
	{0x42, 0x257E, 0xBA, 0x10, 0},
	{0x42, 0x257F, 0x02, 0x10, 0},
	{0x42, 0x2584, 0x90, 0x10, 0},
	{0x42, 0x2585, 0x01, 0x10, 0},
	{0x42, 0x2586, 0x92, 0x10, 0},
	{0x42, 0x2587, 0x01, 0x10, 0},
	{0x42, 0x2588, 0xB8, 0x10, 0},
	{0x42, 0x2589, 0x02, 0x10, 0},
	{0x42, 0x258A, 0xBA, 0x10, 0},
	{0x42, 0x258B, 0x02, 0x10, 0},
	{0x42, 0x267A, 0xF8, 0x10, 0},
	{0x42, 0x267B, 0x00, 0x10, 0},
	{0x42, 0x267C, 0x16, 0x10, 0},
	{0x42, 0x267D, 0x01, 0x10, 0},
	{0x42, 0x267E, 0xA6, 0x10, 0},
	{0x42, 0x267F, 0x02, 0x10, 0},
	{0x42, 0x2680, 0xD5, 0x10, 0},
	{0x42, 0x2681, 0x02, 0x10, 0},
	{0x42, 0x2690, 0xF8, 0x10, 0},
	{0x42, 0x2691, 0x00, 0x10, 0},
	{0x42, 0x2694, 0xA6, 0x10, 0},
	{0x42, 0x2695, 0x02, 0x10, 0},
	{0x42, 0x2696, 0x16, 0x10, 0},
	{0x42, 0x2697, 0x01, 0x10, 0},
	{0x42, 0x269A, 0xD5, 0x10, 0},
	{0x42, 0x269B, 0x02, 0x10, 0},
	{0x42, 0x26B8, 0x10, 0x10, 0},
	{0x42, 0x26B9, 0x00, 0x10, 0},
	{0x42, 0x26BA, 0x33, 0x10, 0},
	{0x42, 0x26BB, 0x00, 0x10, 0},
	{0x42, 0x26BC, 0x89, 0x10, 0},
	{0x42, 0x26BD, 0x00, 0x10, 0},
	{0x42, 0x26BE, 0xB0, 0x10, 0},
	{0x42, 0x26BF, 0x00, 0x10, 0},
	{0x42, 0x26C4, 0x4E, 0x10, 0},
	{0x42, 0x26C5, 0x00, 0x10, 0},
	{0x42, 0x26C8, 0xC9, 0x10, 0},
	{0x42, 0x26C9, 0x00, 0x10, 0},
	{0x42, 0x26CC, 0x35, 0x10, 0},
	{0x42, 0x26CD, 0x01, 0x10, 0},
	{0x42, 0x26D0, 0xBA, 0x10, 0},
	{0x42, 0x26D1, 0x01, 0x10, 0},
	{0x42, 0x26D4, 0x7C, 0x10, 0},
	{0x42, 0x26D5, 0x02, 0x10, 0},
	{0x42, 0x26D8, 0xF6, 0x10, 0},
	{0x42, 0x26D9, 0x02, 0x10, 0},
	{0x42, 0x26DE, 0x51, 0x10, 0},
	{0x42, 0x26DF, 0x00, 0x10, 0},
	{0x42, 0x26E0, 0x7F, 0x10, 0},
	{0x42, 0x26E1, 0x00, 0x10, 0},
	{0x42, 0x26E2, 0xCC, 0x10, 0},
	{0x42, 0x26E3, 0x00, 0x10, 0},
	{0x42, 0x26E4, 0xF8, 0x10, 0},
	{0x42, 0x26E5, 0x00, 0x10, 0},
	{0x42, 0x26E6, 0x38, 0x10, 0},
	{0x42, 0x26E7, 0x01, 0x10, 0},
	{0x42, 0x26E8, 0x65, 0x10, 0},
	{0x42, 0x26E9, 0x01, 0x10, 0},
	{0x42, 0x26EA, 0xBD, 0x10, 0},
	{0x42, 0x26EB, 0x01, 0x10, 0},
	{0x42, 0x26EE, 0x7F, 0x10, 0},
	{0x42, 0x26EF, 0x02, 0x10, 0},
	{0x42, 0x26F0, 0xAB, 0x10, 0},
	{0x42, 0x26F1, 0x02, 0x10, 0},
	{0x42, 0x26F2, 0xF9, 0x10, 0},
	{0x42, 0x26F3, 0x02, 0x10, 0},
	{0x42, 0x2722, 0x59, 0x10, 0},
	{0x42, 0x2723, 0x02, 0x10, 0},
	{0x42, 0x2938, 0x55, 0x10, 0},
	{0x42, 0x2939, 0x00, 0x10, 0},
	{0x42, 0x293A, 0x17, 0x10, 0},
	{0x42, 0x293B, 0x00, 0x10, 0},
	{0x42, 0x293C, 0xD0, 0x10, 0},
	{0x42, 0x293D, 0x00, 0x10, 0},
	{0x42, 0x293E, 0x91, 0x10, 0},
	{0x42, 0x293F, 0x00, 0x10, 0},
	{0x42, 0x2940, 0x3C, 0x10, 0},
	{0x42, 0x2941, 0x01, 0x10, 0},
	{0x42, 0x2942, 0x0C, 0x10, 0},
	{0x42, 0x2943, 0x01, 0x10, 0},
	{0x42, 0x2944, 0xC1, 0x10, 0},
	{0x42, 0x2945, 0x01, 0x10, 0},
	{0x42, 0x2946, 0x76, 0x10, 0},
	{0x42, 0x2947, 0x01, 0x10, 0},
	{0x42, 0x2948, 0x83, 0x10, 0},
	{0x42, 0x2949, 0x02, 0x10, 0},
	{0x42, 0x294A, 0xFB, 0x10, 0},
	{0x42, 0x294B, 0x01, 0x10, 0},
	{0x42, 0x294C, 0xFD, 0x10, 0},
	{0x42, 0x294D, 0x02, 0x10, 0},
	{0x42, 0x294E, 0xBF, 0x10, 0},
	{0x42, 0x294F, 0x02, 0x10, 0},
	{0x42, 0x2A06, 0x25, 0x10, 0},
	{0x42, 0x2A07, 0x03, 0x10, 0},
	{0x42, 0x2A0C, 0xBE, 0x10, 0},
	{0x42, 0x2A0D, 0x00, 0x10, 0},
	{0x42, 0x2A0E, 0x7D, 0x10, 0},
	{0x42, 0x2A0F, 0x00, 0x10, 0},
	{0x42, 0x2A20, 0x00, 0x10, 0},
	{0x42, 0x2A21, 0x00, 0x10, 0},
	{0x42, 0x2A22, 0x7D, 0x10, 0},
	{0x42, 0x2A23, 0x00, 0x10, 0},
	{0x42, 0x2B11, 0x19, 0x10, 0},
	{0x42, 0x2B13, 0x15, 0x10, 0},
	{0x42, 0x2B14, 0x14, 0x10, 0},
	{0x42, 0x2B15, 0x13, 0x10, 0},
	{0x42, 0x2B16, 0x12, 0x10, 0},
	{0x42, 0x2B17, 0x11, 0x10, 0},
	{0x42, 0x2B18, 0x10, 0x10, 0},
	{0x42, 0x2B19, 0x0F, 0x10, 0},
	{0x42, 0x2B1A, 0x0E, 0x10, 0},
	{0x42, 0x2B1B, 0x0D, 0x10, 0},
	{0x42, 0x2B1C, 0x0C, 0x10, 0},
	{0x42, 0x2B1D, 0x0B, 0x10, 0},
	{0x42, 0x2B1E, 0x0A, 0x10, 0},
	{0x42, 0x2B1F, 0x09, 0x10, 0},
	{0x42, 0x2B20, 0x08, 0x10, 0},
	{0x42, 0x2B21, 0x07, 0x10, 0},
	{0x42, 0x2B22, 0x06, 0x10, 0},
	{0x42, 0x2B23, 0x05, 0x10, 0},
	{0x42, 0x2B24, 0x04, 0x10, 0},
	{0x42, 0x2B25, 0x03, 0x10, 0},
	{0x42, 0x2B26, 0x03, 0x10, 0},
	{0x42, 0x2B38, 0x01, 0x10, 0},
	{0x42, 0x2B45, 0xE3, 0x10, 0},
	{0x42, 0x2B50, 0x01, 0x10, 0},
	{0x42, 0x2B51, 0x00, 0x10, 0},
	{0x42, 0x2B6D, 0x47, 0x10, 0},
	{0x42, 0x2B70, 0x04, 0x10, 0},
	{0x42, 0x2B71, 0x02, 0x10, 0},
	{0x42, 0x2B72, 0x02, 0x10, 0},
	{0x42, 0x2B7B, 0x42, 0x10, 0},
	{0x42, 0x2B7F, 0x7F, 0x10, 0},
	{0x42, 0x2B80, 0x94, 0x10, 0},
	{0x42, 0x2B81, 0x06, 0x10, 0},
	{0x42, 0x2B87, 0x1B, 0x10, 0},
	{0x42, 0x2B88, 0x1A, 0x10, 0},
	{0x42, 0x2B89, 0x17, 0x10, 0},
	{0x42, 0x2B8A, 0x12, 0x10, 0},
	{0x42, 0x2B8B, 0x01, 0x10, 0},
	{0x42, 0x2B8D, 0x2B, 0x10, 0},
	{0x42, 0x2B8E, 0x2B, 0x10, 0},
	{0x42, 0x2B8F, 0x1B, 0x10, 0},
	{0x42, 0x2B90, 0xBF, 0x10, 0},
	{0x42, 0x2B91, 0x0F, 0x10, 0},
	{0x42, 0x2B92, 0x73, 0x10, 0},
	{0x42, 0x2B93, 0x0E, 0x10, 0},
	{0x42, 0x2B94, 0xBF, 0x10, 0},
	{0x42, 0x2B95, 0x07, 0x10, 0},
	{0x42, 0x2B96, 0x73, 0x10, 0},
	{0x42, 0x2B97, 0x0E, 0x10, 0},
	{0x42, 0x2B98, 0xBF, 0x10, 0},
	{0x42, 0x2B99, 0x57, 0x10, 0},
	{0x42, 0x2B9B, 0x2A, 0x10, 0},
	{0x42, 0x2BA8, 0xBC, 0x10, 0},
	{0x42, 0x2BA9, 0x62, 0x10, 0},
	{0x42, 0x2BC5, 0x80, 0x10, 0},
	{0x42, 0x2BD5, 0x30, 0x10, 0},
	{0x42, 0x2BD6, 0xF0, 0x10, 0},
	{0x42, 0x2BD8, 0x5B, 0x10, 0},
	{0x42, 0x2BD9, 0xF0, 0x10, 0},
	{0x42, 0x2BDA, 0x21, 0x10, 0},
	{0x42, 0x2BDB, 0x0E, 0x10, 0},
	{0x42, 0x2BDC, 0x5E, 0x10, 0},
	{0x42, 0x2BFE, 0x02, 0x10, 0},
	{0x42, 0x2BFF, 0x00, 0x10, 0},
	{0x42, 0x2C98, 0xE1, 0x10, 0},
	{0x42, 0x2C99, 0x2E, 0x10, 0},
	{0x42, 0x2C9B, 0x80, 0x10, 0},
	{0x42, 0x2CA9, 0x80, 0x10, 0},
	{0x42, 0x2CAA, 0x01, 0x10, 0},
	{0x42, 0x2CBF, 0x08, 0x10, 0},
	{0x42, 0x2D39, 0x0E, 0x10, 0},
	{0x42, 0x2D50, 0x80, 0x10, 0},
	{0x42, 0x2D54, 0x00, 0x10, 0},
	{0x42, 0x2D5B, 0x58, 0x10, 0},
	{0x42, 0x2DFD, 0x01, 0x10, 0},
	{0x42, 0x2E18, 0x00, 0x10, 0},		// rear EBD off
	{0x42, 0x3000, 0x00, 0x10, 0},
	{0x42, 0x3001, 0x00, 0x10, 0},
	{0x42, 0x3002, 0x23, 0x10, 0},
	{0x42, 0x3003, 0xA1, 0x10, 0},
	{0x42, 0x3004, 0x00, 0x10, 0},
	{0x42, 0x3005, 0x20, 0x10, 0},
	{0x42, 0x3006, 0x84, 0x10, 0},
	{0x42, 0x3007, 0x00, 0x10, 0},
	{0x42, 0x3008, 0x06, 0x10, 0},
	{0x42, 0x3009, 0xB4, 0x10, 0},
	{0x42, 0x300A, 0x1F, 0x10, 0},
	{0x42, 0x300B, 0x00, 0x10, 0},
	{0x42, 0x300C, 0x00, 0x10, 0},
	{0x42, 0x300D, 0x1B, 0x10, 0},
	{0x42, 0x300E, 0x90, 0x10, 0},
	{0x42, 0x300F, 0x97, 0x10, 0},
	{0x42, 0x3010, 0x00, 0x10, 0},
	{0x42, 0x3011, 0x00, 0x10, 0},
	{0x42, 0x3012, 0x21, 0x10, 0},
	{0x42, 0x3013, 0x21, 0x10, 0},
	{0x42, 0x3014, 0x00, 0x10, 0},
	{0x42, 0x3015, 0x20, 0x10, 0},
	{0x42, 0x3016, 0x84, 0x10, 0},
	{0x42, 0x3017, 0x00, 0x10, 0},
	{0x42, 0x3018, 0x30, 0x10, 0},
	{0x42, 0x3019, 0x09, 0x10, 0},
	{0x42, 0x301A, 0x46, 0x10, 0},
	{0x42, 0x301B, 0x00, 0x10, 0},
	{0x42, 0x30A0, 0xCD, 0x10, 0},
	{0x42, 0x30A1, 0x0C, 0x10, 0},
	{0x42, 0x30A2, 0xBA, 0x10, 0},
	{0x42, 0x30A3, 0x0C, 0x10, 0},
	{0x42, 0x30A4, 0x5F, 0x10, 0},
	{0x42, 0x30A5, 0x00, 0x10, 0},
	{0x42, 0x30A6, 0x43, 0x10, 0},
	{0x42, 0x30A7, 0x00, 0x10, 0},
	{0x42, 0x30A8, 0xC8, 0x10, 0},
	{0x42, 0x30A9, 0x0A, 0x10, 0},
	{0x42, 0x30AA, 0x0B, 0x10, 0},
	{0x42, 0x30AB, 0x08, 0x10, 0},
	{0x42, 0x30AC, 0x4B, 0x10, 0},
	{0x42, 0x30AD, 0x03, 0x10, 0},
	{0x42, 0x30AE, 0x37, 0x10, 0},
	{0x42, 0x30AF, 0x03, 0x10, 0},
	{0x42, 0x30B0, 0x65, 0x10, 0},
	{0x42, 0x30B1, 0x09, 0x10, 0},
	{0x42, 0x30B2, 0x7A, 0x10, 0},
	{0x42, 0x30B3, 0x09, 0x10, 0},
	{0x42, 0x30B4, 0x20, 0x10, 0},
	{0x42, 0x30B5, 0x00, 0x10, 0},
	{0x42, 0x30B6, 0x28, 0x10, 0},
	{0x42, 0x30B7, 0x00, 0x10, 0},
	{0x42, 0x30B8, 0x91, 0x10, 0},
	{0x42, 0x30B9, 0x04, 0x10, 0},
	{0x42, 0x30BA, 0x75, 0x10, 0},
	{0x42, 0x30BB, 0x05, 0x10, 0},
	{0x42, 0x30BC, 0x7C, 0x10, 0},
	{0x42, 0x30BD, 0x01, 0x10, 0},
	{0x42, 0x30BE, 0x87, 0x10, 0},
	{0x42, 0x30BF, 0x01, 0x10, 0},
	{0x42, 0x3370, 0x00, 0x10, 0},
	{0x42, 0x3372, 0xF0, 0x10, 0},
	{0x42, 0x3373, 0x00, 0x10, 0},
	{0x42, 0x3376, 0x01, 0x10, 0},
	{0x42, 0x3377, 0x00, 0x10, 0},
	{0x42, 0x3410, 0x80, 0x10, 0},		// CROP_H_SIZE = 1920
	{0x42, 0x3411, 0x07, 0x10, 0},
	{0x42, 0x3418, 0x38, 0x10, 0},		// CROP_V_SIZE = 1080
	{0x42, 0x3419, 0x04, 0x10, 0},
	{0x42, 0x3450, 0x00, 0x10, 0},		// Continuous Clock operation
	{0x42, 0x34BE, 0x7A, 0x10, 0},
	{0x42, 0x34BF, 0x02, 0x10, 0},
	{0x42, 0x3584, 0x00, 0x10, 0},
	{0x42, 0x3586, 0x00, 0x10, 0},
	{0x42, 0x3587, 0x01, 0x10, 0},
	{0x42, 0x3588, 0xE6, 0x10, 0},
	{0x42, 0x3589, 0x00, 0x10, 0},
	{0x42, 0x3590, 0x00, 0x10, 0},
	{0x42, 0x3591, 0x00, 0x10, 0},
	{0x42, 0x3594, 0x40, 0x10, 0},
	{0x42, 0x3598, 0x03, 0x10, 0},
	{0x42, 0x3599, 0x00, 0x10, 0},
	{0x42, 0x359A, 0x80, 0x10, 0},
	{0x42, 0x359B, 0x00, 0x10, 0},
	{0x42, 0x359C, 0x00, 0x10, 0},
	{0x42, 0x359D, 0x01, 0x10, 0},
	{0x42, 0x359E, 0x00, 0x10, 0},
	{0x42, 0x359F, 0x02, 0x10, 0},
	{0x42, 0x35A0, 0x00, 0x10, 0},
	{0x42, 0x35A1, 0x04, 0x10, 0},
	{0x42, 0x35A2, 0x20, 0x10, 0},
	{0x42, 0x35A3, 0x00, 0x10, 0},
	{0x42, 0x35A4, 0x40, 0x10, 0},
	{0x42, 0x35A5, 0x00, 0x10, 0},
	{0x42, 0x35A6, 0x80, 0x10, 0},
	{0x42, 0x35A7, 0x00, 0x10, 0},
	{0x42, 0x35A8, 0x00, 0x10, 0},
	{0x42, 0x35A9, 0x01, 0x10, 0},
	{0x42, 0x35AC, 0x80, 0x10, 0},
	{0x42, 0x35AD, 0x00, 0x10, 0},
	{0x42, 0x35AE, 0x00, 0x10, 0},
	{0x42, 0x35AF, 0x01, 0x10, 0},
	{0x42, 0x35B0, 0x00, 0x10, 0},
	{0x42, 0x35B1, 0x02, 0x10, 0},
	{0x42, 0x35B2, 0x00, 0x10, 0},
	{0x42, 0x35B3, 0x04, 0x10, 0},
	{0x42, 0x35B4, 0x02, 0x10, 0},
	{0x42, 0x35B5, 0x00, 0x10, 0},
	{0x42, 0x35B6, 0x04, 0x10, 0},
	{0x42, 0x35B7, 0x00, 0x10, 0},
	{0x42, 0x35B8, 0x08, 0x10, 0},
	{0x42, 0x35B9, 0x00, 0x10, 0},
	{0x42, 0x35BA, 0x10, 0x10, 0},
	{0x42, 0x35BB, 0x00, 0x10, 0},
	{0x42, 0x35C8, 0x00, 0x10, 0},
	{0x42, 0x35C9, 0x01, 0x10, 0},
	{0x42, 0x35CA, 0x00, 0x10, 0},
	{0x42, 0x35CB, 0x04, 0x10, 0},
	{0x42, 0x35CC, 0x00, 0x10, 0},
	{0x42, 0x35CD, 0x10, 0x10, 0},
	{0x42, 0x35CE, 0x00, 0x10, 0},
	{0x42, 0x35CF, 0x40, 0x10, 0},
	{0x42, 0x35D0, 0x00, 0x10, 0},
	{0x42, 0x35D1, 0x0C, 0x10, 0},
	{0x42, 0x35D2, 0x00, 0x10, 0},
	{0x42, 0x35D3, 0x0C, 0x10, 0},
	{0x42, 0x35D4, 0x00, 0x10, 0},
	{0x42, 0x35D5, 0x0C, 0x10, 0},
	{0x42, 0x35D6, 0x00, 0x10, 0},
	{0x42, 0x35D7, 0x0C, 0x10, 0},
	{0x42, 0x35D8, 0x00, 0x10, 0},
	{0x42, 0x35D9, 0x00, 0x10, 0},
	{0x42, 0x35DA, 0x08, 0x10, 0},
	{0x42, 0x35DB, 0x00, 0x10, 0},
	{0x42, 0x35DC, 0xD8, 0x10, 0},
	{0x42, 0x35DD, 0x0E, 0x10, 0},
	{0x42, 0x35F0, 0x00, 0x10, 0},
	{0x42, 0x35F1, 0x10, 0x10, 0},
	{0x42, 0x35F2, 0x00, 0x10, 0},
	{0x42, 0x35F3, 0x10, 0x10, 0},
	{0x42, 0x35F4, 0x00, 0x10, 0},
	{0x42, 0x35F5, 0x10, 0x10, 0},
	{0x42, 0x35F6, 0x00, 0x10, 0},
	{0x42, 0x35F7, 0x03, 0x10, 0},
	{0x42, 0x35F8, 0x00, 0x10, 0},
	{0x42, 0x35F9, 0x02, 0x10, 0},
	{0x42, 0x35FA, 0x38, 0x10, 0},
	{0x42, 0x35FB, 0x00, 0x10, 0},
	{0x42, 0x35FC, 0xB3, 0x10, 0},
	{0x42, 0x35FD, 0x01, 0x10, 0},
	{0x42, 0x35FE, 0x00, 0x10, 0},
	{0x42, 0x35FF, 0x00, 0x10, 0},
	{0x42, 0x3600, 0x05, 0x10, 0},
	{0x42, 0x3601, 0x06, 0x10, 0},
	{0x42, 0x3604, 0x03, 0x10, 0},
	{0x42, 0x3605, 0x00, 0x10, 0},
	{0x42, 0x3608, 0x03, 0x10, 0},
	{0x42, 0x3609, 0x00, 0x10, 0},
	{0x42, 0x360C, 0x01, 0x10, 0},
	{0x42, 0x360D, 0x00, 0x10, 0},
	{0x42, 0x3610, 0x10, 0x10, 0},
	{0x42, 0x3611, 0x01, 0x10, 0},
	{0x42, 0x3612, 0x00, 0x10, 0},
	{0x42, 0x3613, 0x00, 0x10, 0},
	{0x42, 0x3614, 0x00, 0x10, 0},
	{0x42, 0x3615, 0x00, 0x10, 0},
	{0x42, 0x361C, 0x00, 0x10, 0},
	{0x42, 0x361D, 0x01, 0x10, 0},
	{0x42, 0x361E, 0x01, 0x10, 0},
	{0x42, 0x361F, 0x00, 0x10, 0},
	{0x42, 0x3620, 0x00, 0x10, 0},
	{0x42, 0x3621, 0x01, 0x10, 0},
	{0x42, 0x3622, 0xB0, 0x10, 0},
	{0x42, 0x3623, 0x04, 0x10, 0},
	{0x42, 0x3624, 0xDC, 0x10, 0},
	{0x42, 0x3625, 0x05, 0x10, 0},
	{0x42, 0x3626, 0x00, 0x10, 0},
	{0x42, 0x3627, 0x01, 0x10, 0},
	{0x42, 0x3628, 0xFF, 0x10, 0},
	{0x42, 0x3629, 0x0F, 0x10, 0},
	{0x42, 0x362A, 0x00, 0x10, 0},
	{0x42, 0x362B, 0x10, 0x10, 0},
	{0x42, 0x362C, 0x00, 0x10, 0},
	{0x42, 0x362D, 0x01, 0x10, 0},
	{0x42, 0x3630, 0x42, 0x10, 0},
	{0x42, 0x3631, 0x00, 0x10, 0},
	{0x42, 0x3632, 0x42, 0x10, 0},
	{0x42, 0x3633, 0x00, 0x10, 0},
	{0x42, 0x3634, 0x42, 0x10, 0},
	{0x42, 0x3635, 0x00, 0x10, 0},
	{0x42, 0x3636, 0x42, 0x10, 0},
	{0x42, 0x3637, 0x00, 0x10, 0},
	{0x42, 0x3638, 0x45, 0x10, 0},
	{0x42, 0x3639, 0x00, 0x10, 0},
	{0x42, 0x363A, 0x45, 0x10, 0},
	{0x42, 0x363B, 0x00, 0x10, 0},
	{0x42, 0x363C, 0x45, 0x10, 0},
	{0x42, 0x363D, 0x00, 0x10, 0},
	{0x42, 0x363E, 0x44, 0x10, 0},
	{0x42, 0x363F, 0x00, 0x10, 0},
	{0x42, 0x36C4, 0xFF, 0x10, 0},
	{0x42, 0x36C5, 0x0F, 0x10, 0},
	{0x42, 0x36C6, 0xFF, 0x10, 0},
	{0x42, 0x36C7, 0x0F, 0x10, 0},
	{0x42, 0x36C8, 0xFF, 0x10, 0},
	{0x42, 0x36C9, 0x0F, 0x10, 0},
	{0x42, 0x36CC, 0x00, 0x10, 0},
	{0x42, 0x36CD, 0x00, 0x10, 0},
	{0x42, 0x36CE, 0x00, 0x10, 0},
	{0x42, 0x36CF, 0x00, 0x10, 0},
	{0x42, 0x36D0, 0x00, 0x10, 0},
	{0x42, 0x36D1, 0x00, 0x10, 0},
	{0x42, 0x36D4, 0xFF, 0x10, 0},
	{0x42, 0x36D5, 0x0F, 0x10, 0},
	{0x42, 0x36D6, 0xFF, 0x10, 0},
	{0x42, 0x36D7, 0x0F, 0x10, 0},
	{0x42, 0x36D8, 0xFF, 0x10, 0},
	{0x42, 0x36D9, 0x0F, 0x10, 0},
	{0x42, 0x36DC, 0xFF, 0x10, 0},
	{0x42, 0x36DD, 0x0F, 0x10, 0},
	{0x42, 0x36DE, 0xFF, 0x10, 0},
	{0x42, 0x36DF, 0x0F, 0x10, 0},
	{0x42, 0x36E0, 0xFF, 0x10, 0},
	{0x42, 0x36E1, 0x0F, 0x10, 0},
	{0x42, 0x36E4, 0xFF, 0x10, 0},
	{0x42, 0x36E5, 0x0F, 0x10, 0},
	{0x42, 0x36E6, 0xFF, 0x10, 0},
	{0x42, 0x36E7, 0x0F, 0x10, 0},
	{0x42, 0x36E8, 0xFF, 0x10, 0},
	{0x42, 0x36E9, 0x0F, 0x10, 0},
	{0x42, 0x36EE, 0x00, 0x10, 0},
	{0x42, 0x36EF, 0x00, 0x10, 0},
	{0x42, 0x36F0, 0x00, 0x10, 0},
	{0x42, 0x36F1, 0x80, 0x10, 0},
	{0x42, 0x36F8, 0x00, 0x10, 0},
	{0x42, 0x3700, 0x03, 0x10, 0},
	{0x42, 0x3701, 0x05, 0x10, 0},
	{0x42, 0x3702, 0x03, 0x10, 0},
	{0x42, 0x3703, 0x04, 0x10, 0},
	{0x42, 0x3704, 0x08, 0x10, 0},
	{0x42, 0x3705, 0x03, 0x10, 0},
	{0x42, 0x3706, 0x03, 0x10, 0},
	{0x42, 0x3707, 0x03, 0x10, 0},
	{0x42, 0x3708, 0x03, 0x10, 0},
	{0x42, 0x3709, 0x03, 0x10, 0},
	{0x42, 0x370A, 0x03, 0x10, 0},
	{0x42, 0x370B, 0x03, 0x10, 0},
	{0x42, 0x370C, 0x03, 0x10, 0},
	{0x42, 0x370D, 0x03, 0x10, 0},
	{0x42, 0x370E, 0x0E, 0x10, 0},
	{0x42, 0x3718, 0x62, 0x10, 0},
	{0x42, 0x3719, 0x4A, 0x10, 0},
	{0x42, 0x371A, 0x38, 0x10, 0},
	{0x42, 0x371B, 0x20, 0x10, 0},
	{0x42, 0x371C, 0x64, 0x10, 0},
	{0x42, 0x371D, 0x42, 0x10, 0},
	{0x42, 0x371E, 0x32, 0x10, 0},
	{0x42, 0x371F, 0x1B, 0x10, 0},
	{0x42, 0x3720, 0x98, 0x10, 0},
	{0x42, 0x3721, 0xA0, 0x10, 0},
	{0x42, 0x3722, 0xA8, 0x10, 0},
	{0x42, 0x3723, 0xB0, 0x10, 0},
	{0x42, 0x3748, 0xA5, 0x10, 0},
	{0x42, 0x3749, 0x9B, 0x10, 0},
	{0x42, 0x374A, 0x91, 0x10, 0},
	{0x42, 0x374B, 0x7D, 0x10, 0},
	{0x42, 0x37C0, 0x00, 0x10, 0},
	{0x42, 0x37C1, 0x00, 0x10, 0},
	{0x42, 0x37C2, 0x00, 0x10, 0},
	{0x42, 0x37C4, 0x00, 0x10, 0},
	{0x42, 0x37C5, 0x00, 0x10, 0},
	{0x42, 0x37C6, 0x00, 0x10, 0},
	{0x42, 0x37C8, 0x00, 0x10, 0},
	{0x42, 0x37C9, 0x00, 0x10, 0},
	{0x42, 0x37CA, 0x00, 0x10, 0},
	{0x42, 0x37CC, 0x00, 0x10, 0},
	{0x42, 0x37CD, 0x00, 0x10, 0},
	{0x42, 0x37CE, 0x00, 0x10, 0},
	{0x42, 0x37D0, 0x00, 0x10, 0},
	{0x42, 0x37D1, 0x00, 0x10, 0},
	{0x42, 0x37D2, 0x00, 0x10, 0},
	{0x42, 0x37D4, 0x00, 0x10, 0},
	{0x42, 0x37D5, 0x00, 0x10, 0},
	{0x42, 0x37D6, 0x00, 0x10, 0},
	{0x42, 0x37D8, 0x00, 0x10, 0},
	{0x42, 0x37D9, 0x00, 0x10, 0},
	{0x42, 0x37DA, 0x00, 0x10, 0},
	{0x42, 0x37DC, 0x00, 0x10, 0},
	{0x42, 0x37DD, 0x00, 0x10, 0},
	{0x42, 0x37DE, 0x00, 0x10, 0},
	{0x42, 0x37E0, 0x00, 0x10, 0},
	{0x42, 0x37E1, 0x00, 0x10, 0},
	{0x42, 0x37E2, 0x00, 0x10, 0},
	{0x42, 0x37E4, 0x00, 0x10, 0},
	{0x42, 0x37E5, 0x00, 0x10, 0},
	{0x42, 0x37E6, 0x00, 0x10, 0},
	{0x42, 0x37E8, 0x00, 0x10, 0},
	{0x42, 0x37E9, 0x00, 0x10, 0},
	{0x42, 0x37EA, 0x00, 0x10, 0},
	{0x42, 0x37EC, 0x00, 0x10, 0},
	{0x42, 0x37ED, 0x00, 0x10, 0},
	{0x42, 0x37EE, 0x00, 0x10, 0},
	{0x42, 0x37F0, 0x00, 0x10, 0},
	{0x42, 0x37F4, 0x00, 0x10, 0},
	{0x42, 0x37F5, 0x1E, 0x10, 0},
	{0x42, 0x37F6, 0x34, 0x10, 0},
	{0x42, 0x37F7, 0x00, 0x10, 0},
	{0x42, 0x37F8, 0xFF, 0x10, 0},
	{0x42, 0x37F9, 0xFF, 0x10, 0},
	{0x42, 0x37FA, 0x03, 0x10, 0},
	{0x42, 0x37FC, 0x00, 0x10, 0},
	{0x42, 0x37FD, 0x00, 0x10, 0},
	{0x42, 0x37FE, 0x04, 0x10, 0},
	{0x42, 0x3800, 0xFF, 0x10, 0},
	{0x42, 0x3801, 0xFF, 0x10, 0},
	{0x42, 0x3802, 0x03, 0x10, 0},
	{0x42, 0x3804, 0x00, 0x10, 0},
	{0x42, 0x3805, 0x00, 0x10, 0},
	{0x42, 0x3806, 0x04, 0x10, 0},
	{0x42, 0x3808, 0x00, 0x10, 0},
	{0x42, 0x3809, 0x00, 0x10, 0},
	{0x42, 0x380A, 0x00, 0x10, 0},
	{0x42, 0x380C, 0x00, 0x10, 0},
	{0x42, 0x380D, 0x00, 0x10, 0},
	{0x42, 0x380E, 0x00, 0x10, 0},
	{0x42, 0x3810, 0x00, 0x10, 0},
	{0x42, 0x3811, 0x00, 0x10, 0},
	{0x42, 0x3812, 0x00, 0x10, 0},
	{0x42, 0x3814, 0x00, 0x10, 0},
	{0x42, 0x3815, 0x00, 0x10, 0},
	{0x42, 0x3816, 0x00, 0x10, 0},
	{0x42, 0x3818, 0x00, 0x10, 0},
	{0x42, 0x3819, 0x00, 0x10, 0},
	{0x42, 0x381A, 0x00, 0x10, 0},
	{0x42, 0x381C, 0x00, 0x10, 0},
	{0x42, 0x381D, 0x00, 0x10, 0},
	{0x42, 0x381E, 0x00, 0x10, 0},
	{0x42, 0x3820, 0x00, 0x10, 0},
	{0x42, 0x3821, 0x00, 0x10, 0},
	{0x42, 0x3822, 0x00, 0x10, 0},
	{0x42, 0x3824, 0x00, 0x10, 0},
	{0x42, 0x3825, 0x00, 0x10, 0},
	{0x42, 0x3826, 0x00, 0x10, 0},
	{0x42, 0x3828, 0x00, 0x10, 0},
	{0x42, 0x3829, 0x00, 0x10, 0},
	{0x42, 0x382A, 0x00, 0x10, 0},
	{0x42, 0x382C, 0x00, 0x10, 0},
	{0x42, 0x382D, 0x00, 0x10, 0},
	{0x42, 0x382E, 0x00, 0x10, 0},
	{0x42, 0x3830, 0x00, 0x10, 0},
	{0x42, 0x3831, 0x00, 0x10, 0},
	{0x42, 0x3832, 0x00, 0x10, 0},
	{0x42, 0x3834, 0x00, 0x10, 0},
	{0x42, 0x3835, 0x00, 0x10, 0},
	{0x42, 0x3836, 0x00, 0x10, 0},
	{0x42, 0x3838, 0xF7, 0x10, 0},
	{0x42, 0x3839, 0xFF, 0x10, 0},
	{0x42, 0x383A, 0x1D, 0x10, 0},
	{0x42, 0x383B, 0x00, 0x10, 0},
	{0x42, 0x383C, 0x0A, 0x10, 0},
	{0x42, 0x383D, 0x00, 0x10, 0},
	{0x42, 0x383E, 0x2F, 0x10, 0},
	{0x42, 0x383F, 0x00, 0x10, 0},
	{0x42, 0x3840, 0xF8, 0x10, 0},
	{0x42, 0x3841, 0xFF, 0x10, 0},
	{0x42, 0x3842, 0xFA, 0x10, 0},
	{0x42, 0x3843, 0xFF, 0x10, 0},
	{0x42, 0x3844, 0xF9, 0x10, 0},
	{0x42, 0x3845, 0xFF, 0x10, 0},
	{0x42, 0x3846, 0xF8, 0x10, 0},
	{0x42, 0x3847, 0xFF, 0x10, 0},
	{0x42, 0x3848, 0xCA, 0x10, 0},
	{0x42, 0x3849, 0xFF, 0x10, 0},
	{0x42, 0x384A, 0xD3, 0x10, 0},
	{0x42, 0x384B, 0xFF, 0x10, 0},
	{0x42, 0x384C, 0xD1, 0x10, 0},
	{0x42, 0x384D, 0xFF, 0x10, 0},
	{0x42, 0x384E, 0xD3, 0x10, 0},
	{0x42, 0x384F, 0xFF, 0x10, 0},
	{0x42, 0x3850, 0xFF, 0x10, 0},
	{0x42, 0x3851, 0x0F, 0x10, 0},
	{0x42, 0x3852, 0x00, 0x10, 0},
	{0x42, 0x3853, 0x10, 0x10, 0},
	{0x42, 0x3854, 0xFF, 0x10, 0},
	{0x42, 0x3855, 0x0F, 0x10, 0},
	{0x42, 0x3856, 0x00, 0x10, 0},
	{0x42, 0x3857, 0x10, 0x10, 0},
	{0x42, 0x3858, 0xFF, 0x10, 0},
	{0x42, 0x3859, 0x0F, 0x10, 0},
	{0x42, 0x385A, 0x00, 0x10, 0},
	{0x42, 0x385B, 0x10, 0x10, 0},
	{0x42, 0x385C, 0x02, 0x10, 0},
	{0x42, 0x385D, 0x00, 0x10, 0},
	{0x42, 0x385E, 0x06, 0x10, 0},
	{0x42, 0x385F, 0x00, 0x10, 0},
	{0x42, 0x3860, 0x06, 0x10, 0},
	{0x42, 0x3861, 0x00, 0x10, 0},
	{0x42, 0x3862, 0x08, 0x10, 0},
	{0x42, 0x3863, 0x00, 0x10, 0},
	{0x42, 0x3864, 0x02, 0x10, 0},
	{0x42, 0x3865, 0x00, 0x10, 0},
	{0x42, 0x3870, 0x00, 0x10, 0},
	{0x42, 0x3871, 0x01, 0x10, 0},
	{0x42, 0x38A0, 0x01, 0x10, 0},
	{0x42, 0x38A1, 0x01, 0x10, 0},
	{0x42, 0x38A2, 0x00, 0x10, 0},
	{0x42, 0x38A3, 0x01, 0x10, 0},
	{0x42, 0x38A4, 0x03, 0x10, 0},
	{0x42, 0x38A5, 0x00, 0x10, 0},
	{0x42, 0x38A6, 0x04, 0x10, 0},
	{0x42, 0x38A7, 0x04, 0x10, 0},
	{0x42, 0x38A8, 0x00, 0x10, 0},
	{0x42, 0x38A9, 0x00, 0x10, 0},
	{0x42, 0x38AC, 0x00, 0x10, 0},
	{0x42, 0x38AD, 0x00, 0x10, 0},
	{0x42, 0x38AE, 0x01, 0x10, 0},
	{0x42, 0x38B0, 0x02, 0x10, 0},
	{0x42, 0x38B2, 0x06, 0x10, 0},
	{0x42, 0x38B3, 0x00, 0x10, 0},
	{0x42, 0x38B4, 0x02, 0x10, 0},
	{0x42, 0x38B5, 0x00, 0x10, 0},
	{0x42, 0x38B6, 0x01, 0x10, 0},
	{0x42, 0x38B7, 0x00, 0x10, 0},
	{0x42, 0x38B8, 0x01, 0x10, 0},
	{0x42, 0x38B9, 0x00, 0x10, 0},
	{0x42, 0x38BA, 0x20, 0x10, 0},
	{0x42, 0x38BB, 0x00, 0x10, 0},
	{0x42, 0x38BC, 0x14, 0x10, 0},
	{0x42, 0x38BD, 0x00, 0x10, 0},
	{0x42, 0x38BE, 0x0C, 0x10, 0},
	{0x42, 0x38BF, 0x00, 0x10, 0},
	{0x42, 0x38C0, 0x09, 0x10, 0},
	{0x42, 0x38C1, 0x00, 0x10, 0},
	{0x42, 0x38C2, 0x27, 0x10, 0},
	{0x42, 0x38C3, 0x00, 0x10, 0},
	{0x42, 0x38C4, 0x20, 0x10, 0},
	{0x42, 0x38C5, 0x00, 0x10, 0},
	{0x42, 0x38C6, 0x13, 0x10, 0},
	{0x42, 0x38C7, 0x00, 0x10, 0},
	{0x42, 0x38C8, 0x0C, 0x10, 0},
	{0x42, 0x38C9, 0x00, 0x10, 0},
	{0x42, 0x38CA, 0x35, 0x10, 0},
	{0x42, 0x38CB, 0x00, 0x10, 0},
	{0x42, 0x38CC, 0x25, 0x10, 0},
	{0x42, 0x38CD, 0x00, 0x10, 0},
	{0x42, 0x38CE, 0x1B, 0x10, 0},
	{0x42, 0x38CF, 0x00, 0x10, 0},
	{0x42, 0x38D0, 0x11, 0x10, 0},
	{0x42, 0x38D1, 0x00, 0x10, 0},
	{0x42, 0x38D2, 0x4E, 0x10, 0},
	{0x42, 0x38D3, 0x00, 0x10, 0},
	{0x42, 0x38D4, 0x31, 0x10, 0},
	{0x42, 0x38D5, 0x00, 0x10, 0},
	{0x42, 0x38D6, 0x25, 0x10, 0},
	{0x42, 0x38D7, 0x00, 0x10, 0},
	{0x42, 0x38D8, 0x18, 0x10, 0},
	{0x42, 0x38D9, 0x00, 0x10, 0},
	{0x42, 0x38DA, 0x6E, 0x10, 0},
	{0x42, 0x38DB, 0x00, 0x10, 0},
	{0x42, 0x38DC, 0x46, 0x10, 0},
	{0x42, 0x38DD, 0x00, 0x10, 0},
	{0x42, 0x38DE, 0x32, 0x10, 0},
	{0x42, 0x38DF, 0x00, 0x10, 0},
	{0x42, 0x38E0, 0x22, 0x10, 0},
	{0x42, 0x38E1, 0x00, 0x10, 0},
	{0x42, 0x38E2, 0x93, 0x10, 0},
	{0x42, 0x38E3, 0x00, 0x10, 0},
	{0x42, 0x38E4, 0x5F, 0x10, 0},
	{0x42, 0x38E5, 0x00, 0x10, 0},
	{0x42, 0x38E6, 0x44, 0x10, 0},
	{0x42, 0x38E7, 0x00, 0x10, 0},
	{0x42, 0x38E8, 0x31, 0x10, 0},
	{0x42, 0x38E9, 0x00, 0x10, 0},
	{0x42, 0x38EA, 0xD8, 0x10, 0},
	{0x42, 0x38EB, 0x00, 0x10, 0},
	{0x42, 0x38EC, 0x8D, 0x10, 0},
	{0x42, 0x38ED, 0x00, 0x10, 0},
	{0x42, 0x38EE, 0x6A, 0x10, 0},
	{0x42, 0x38EF, 0x00, 0x10, 0},
	{0x42, 0x38F0, 0x49, 0x10, 0},
	{0x42, 0x38F1, 0x00, 0x10, 0},
	{0x42, 0x38F2, 0x22, 0x10, 0},
	{0x42, 0x38F3, 0x01, 0x10, 0},
	{0x42, 0x38F4, 0xC8, 0x10, 0},
	{0x42, 0x38F5, 0x00, 0x10, 0},
	{0x42, 0x38F6, 0x8E, 0x10, 0},
	{0x42, 0x38F7, 0x00, 0x10, 0},
	{0x42, 0x38F8, 0x60, 0x10, 0},
	{0x42, 0x38F9, 0x00, 0x10, 0},
	{0x42, 0x38FA, 0x00, 0x10, 0},
	{0x42, 0x38FB, 0x01, 0x10, 0},
	{0x42, 0x38FC, 0x00, 0x10, 0},
	{0x42, 0x38FD, 0x01, 0x10, 0},
	{0x42, 0x38FE, 0x00, 0x10, 0},
	{0x42, 0x38FF, 0x01, 0x10, 0},
	{0x42, 0x3900, 0x00, 0x10, 0},
	{0x42, 0x3901, 0x01, 0x10, 0},
	{0x42, 0x3902, 0x60, 0x10, 0},
	{0x42, 0x3903, 0x00, 0x10, 0},
	{0x42, 0x3904, 0x25, 0x10, 0},
	{0x42, 0x3905, 0x00, 0x10, 0},
	{0x42, 0x3906, 0x18, 0x10, 0},
	{0x42, 0x3907, 0x00, 0x10, 0},
	{0x42, 0x3908, 0x10, 0x10, 0},
	{0x42, 0x3909, 0x00, 0x10, 0},
	{0x42, 0x390A, 0xFF, 0x10, 0},
	{0x42, 0x390B, 0x00, 0x10, 0},
	{0x42, 0x390C, 0xD5, 0x10, 0},
	{0x42, 0x390D, 0x00, 0x10, 0},
	{0x42, 0x390E, 0xAA, 0x10, 0},
	{0x42, 0x390F, 0x00, 0x10, 0},
	{0x42, 0x3910, 0x85, 0x10, 0},
	{0x42, 0x3911, 0x00, 0x10, 0},
	{0x42, 0x3912, 0xFF, 0x10, 0},
	{0x42, 0x3913, 0x00, 0x10, 0},
	{0x42, 0x3914, 0xD5, 0x10, 0},
	{0x42, 0x3915, 0x00, 0x10, 0},
	{0x42, 0x3916, 0xAA, 0x10, 0},
	{0x42, 0x3917, 0x00, 0x10, 0},
	{0x42, 0x3918, 0x85, 0x10, 0},
	{0x42, 0x3919, 0x00, 0x10, 0},
	{0x42, 0x391A, 0xFF, 0x10, 0},
	{0x42, 0x391B, 0x00, 0x10, 0},
	{0x42, 0x391C, 0xD5, 0x10, 0},
	{0x42, 0x391D, 0x00, 0x10, 0},
	{0x42, 0x391E, 0xAA, 0x10, 0},
	{0x42, 0x391F, 0x00, 0x10, 0},
	{0x42, 0x3920, 0x85, 0x10, 0},
	{0x42, 0x3921, 0x00, 0x10, 0},
	{0x42, 0x3922, 0x40, 0x10, 0},
	{0x42, 0x3923, 0x00, 0x10, 0},
	{0x42, 0x3924, 0x40, 0x10, 0},
	{0x42, 0x3925, 0x00, 0x10, 0},
	{0x42, 0x3926, 0x40, 0x10, 0},
	{0x42, 0x3927, 0x00, 0x10, 0},
	{0x42, 0x3928, 0x40, 0x10, 0},
	{0x42, 0x3929, 0x00, 0x10, 0},
	{0x42, 0x392A, 0x80, 0x10, 0},
	{0x42, 0x392B, 0x00, 0x10, 0},
	{0x42, 0x392C, 0x80, 0x10, 0},
	{0x42, 0x392D, 0x00, 0x10, 0},
	{0x42, 0x392E, 0x80, 0x10, 0},
	{0x42, 0x392F, 0x00, 0x10, 0},
	{0x42, 0x3930, 0x80, 0x10, 0},
	{0x42, 0x3931, 0x00, 0x10, 0},
	{0x42, 0x3932, 0x4C, 0x10, 0},
	{0x42, 0x3933, 0x4C, 0x10, 0},
	{0x42, 0x3934, 0x4C, 0x10, 0},
	{0x42, 0x3940, 0x01, 0x10, 0},
	{0x42, 0x3941, 0x01, 0x10, 0},
	{0x42, 0x3942, 0x00, 0x10, 0},
	{0x42, 0x3943, 0x01, 0x10, 0},
	{0x42, 0x3944, 0x03, 0x10, 0},
	{0x42, 0x3945, 0x00, 0x10, 0},
	{0x42, 0x3946, 0x04, 0x10, 0},
	{0x42, 0x3947, 0x04, 0x10, 0},
	{0x42, 0x3948, 0x00, 0x10, 0},
	{0x42, 0x3949, 0x00, 0x10, 0},
	{0x42, 0x394C, 0x00, 0x10, 0},
	{0x42, 0x394D, 0x00, 0x10, 0},
	{0x42, 0x394E, 0x01, 0x10, 0},
	{0x42, 0x3950, 0x03, 0x10, 0},
	{0x42, 0x3952, 0x05, 0x10, 0},
	{0x42, 0x3953, 0x00, 0x10, 0},
	{0x42, 0x3954, 0x02, 0x10, 0},
	{0x42, 0x3955, 0x00, 0x10, 0},
	{0x42, 0x3956, 0x02, 0x10, 0},
	{0x42, 0x3957, 0x00, 0x10, 0},
	{0x42, 0x3958, 0x01, 0x10, 0},
	{0x42, 0x3959, 0x00, 0x10, 0},
	{0x42, 0x395A, 0x12, 0x10, 0},
	{0x42, 0x395B, 0x00, 0x10, 0},
	{0x42, 0x395C, 0x09, 0x10, 0},
	{0x42, 0x395D, 0x00, 0x10, 0},
	{0x42, 0x395E, 0x07, 0x10, 0},
	{0x42, 0x395F, 0x00, 0x10, 0},
	{0x42, 0x3960, 0x04, 0x10, 0},
	{0x42, 0x3961, 0x00, 0x10, 0},
	{0x42, 0x3962, 0x1A, 0x10, 0},
	{0x42, 0x3963, 0x00, 0x10, 0},
	{0x42, 0x3964, 0x0E, 0x10, 0},
	{0x42, 0x3965, 0x00, 0x10, 0},
	{0x42, 0x3966, 0x09, 0x10, 0},
	{0x42, 0x3967, 0x00, 0x10, 0},
	{0x42, 0x3968, 0x06, 0x10, 0},
	{0x42, 0x3969, 0x00, 0x10, 0},
	{0x42, 0x396A, 0x21, 0x10, 0},
	{0x42, 0x396B, 0x00, 0x10, 0},
	{0x42, 0x396C, 0x11, 0x10, 0},
	{0x42, 0x396D, 0x00, 0x10, 0},
	{0x42, 0x396E, 0x0C, 0x10, 0},
	{0x42, 0x396F, 0x00, 0x10, 0},
	{0x42, 0x3970, 0x08, 0x10, 0},
	{0x42, 0x3971, 0x00, 0x10, 0},
	{0x42, 0x3972, 0x29, 0x10, 0},
	{0x42, 0x3973, 0x00, 0x10, 0},
	{0x42, 0x3974, 0x18, 0x10, 0},
	{0x42, 0x3975, 0x00, 0x10, 0},
	{0x42, 0x3976, 0x11, 0x10, 0},
	{0x42, 0x3977, 0x00, 0x10, 0},
	{0x42, 0x3978, 0x0D, 0x10, 0},
	{0x42, 0x3979, 0x00, 0x10, 0},
	{0x42, 0x397A, 0x3A, 0x10, 0},
	{0x42, 0x397B, 0x00, 0x10, 0},
	{0x42, 0x397C, 0x21, 0x10, 0},
	{0x42, 0x397D, 0x00, 0x10, 0},
	{0x42, 0x397E, 0x19, 0x10, 0},
	{0x42, 0x397F, 0x00, 0x10, 0},
	{0x42, 0x3980, 0x12, 0x10, 0},
	{0x42, 0x3981, 0x00, 0x10, 0},
	{0x42, 0x3982, 0x52, 0x10, 0},
	{0x42, 0x3983, 0x00, 0x10, 0},
	{0x42, 0x3984, 0x2F, 0x10, 0},
	{0x42, 0x3985, 0x00, 0x10, 0},
	{0x42, 0x3986, 0x24, 0x10, 0},
	{0x42, 0x3987, 0x00, 0x10, 0},
	{0x42, 0x3988, 0x18, 0x10, 0},
	{0x42, 0x3989, 0x00, 0x10, 0},
	{0x42, 0x398A, 0x78, 0x10, 0},
	{0x42, 0x398B, 0x00, 0x10, 0},
	{0x42, 0x398C, 0x44, 0x10, 0},
	{0x42, 0x398D, 0x00, 0x10, 0},
	{0x42, 0x398E, 0x34, 0x10, 0},
	{0x42, 0x398F, 0x00, 0x10, 0},
	{0x42, 0x3990, 0x27, 0x10, 0},
	{0x42, 0x3991, 0x00, 0x10, 0},
	{0x42, 0x3992, 0xA1, 0x10, 0},
	{0x42, 0x3993, 0x00, 0x10, 0},
	{0x42, 0x3994, 0x61, 0x10, 0},
	{0x42, 0x3995, 0x00, 0x10, 0},
	{0x42, 0x3996, 0x4E, 0x10, 0},
	{0x42, 0x3997, 0x00, 0x10, 0},
	{0x42, 0x3998, 0x37, 0x10, 0},
	{0x42, 0x3999, 0x00, 0x10, 0},
	{0x42, 0x399A, 0x00, 0x10, 0},
	{0x42, 0x399B, 0x01, 0x10, 0},
	{0x42, 0x399C, 0x00, 0x10, 0},
	{0x42, 0x399D, 0x01, 0x10, 0},
	{0x42, 0x399E, 0x00, 0x10, 0},
	{0x42, 0x399F, 0x01, 0x10, 0},
	{0x42, 0x39A0, 0x00, 0x10, 0},
	{0x42, 0x39A1, 0x01, 0x10, 0},
	{0x42, 0x39A2, 0x60, 0x10, 0},
	{0x42, 0x39A3, 0x00, 0x10, 0},
	{0x42, 0x39A4, 0x20, 0x10, 0},
	{0x42, 0x39A5, 0x00, 0x10, 0},
	{0x42, 0x39A6, 0x15, 0x10, 0},
	{0x42, 0x39A7, 0x00, 0x10, 0},
	{0x42, 0x39A8, 0x10, 0x10, 0},
	{0x42, 0x39A9, 0x00, 0x10, 0},
	{0x42, 0x39AA, 0xFF, 0x10, 0},
	{0x42, 0x39AB, 0x00, 0x10, 0},
	{0x42, 0x39AC, 0xD5, 0x10, 0},
	{0x42, 0x39AD, 0x00, 0x10, 0},
	{0x42, 0x39AE, 0xAA, 0x10, 0},
	{0x42, 0x39AF, 0x00, 0x10, 0},
	{0x42, 0x39B0, 0x85, 0x10, 0},
	{0x42, 0x39B1, 0x00, 0x10, 0},
	{0x42, 0x39B2, 0xFF, 0x10, 0},
	{0x42, 0x39B3, 0x00, 0x10, 0},
	{0x42, 0x39B4, 0xD5, 0x10, 0},
	{0x42, 0x39B5, 0x00, 0x10, 0},
	{0x42, 0x39B6, 0xAA, 0x10, 0},
	{0x42, 0x39B7, 0x00, 0x10, 0},
	{0x42, 0x39B8, 0x85, 0x10, 0},
	{0x42, 0x39B9, 0x00, 0x10, 0},
	{0x42, 0x39BA, 0xFF, 0x10, 0},
	{0x42, 0x39BB, 0x00, 0x10, 0},
	{0x42, 0x39BC, 0xD5, 0x10, 0},
	{0x42, 0x39BD, 0x00, 0x10, 0},
	{0x42, 0x39BE, 0xAA, 0x10, 0},
	{0x42, 0x39BF, 0x00, 0x10, 0},
	{0x42, 0x39C0, 0x85, 0x10, 0},
	{0x42, 0x39C1, 0x00, 0x10, 0},
	{0x42, 0x39C2, 0x40, 0x10, 0},
	{0x42, 0x39C3, 0x00, 0x10, 0},
	{0x42, 0x39C4, 0x40, 0x10, 0},
	{0x42, 0x39C5, 0x00, 0x10, 0},
	{0x42, 0x39C6, 0x40, 0x10, 0},
	{0x42, 0x39C7, 0x00, 0x10, 0},
	{0x42, 0x39C8, 0x40, 0x10, 0},
	{0x42, 0x39C9, 0x00, 0x10, 0},
	{0x42, 0x39CA, 0x80, 0x10, 0},
	{0x42, 0x39CB, 0x00, 0x10, 0},
	{0x42, 0x39CC, 0x80, 0x10, 0},
	{0x42, 0x39CD, 0x00, 0x10, 0},
	{0x42, 0x39CE, 0x80, 0x10, 0},
	{0x42, 0x39CF, 0x00, 0x10, 0},
	{0x42, 0x39D0, 0x80, 0x10, 0},
	{0x42, 0x39D1, 0x00, 0x10, 0},
	{0x42, 0x39D2, 0x4C, 0x10, 0},
	{0x42, 0x39D3, 0x4C, 0x10, 0},
	{0x42, 0x39D4, 0x4C, 0x10, 0},
	{0x42, 0x39E0, 0x01, 0x10, 0},
	{0x42, 0x39E1, 0x01, 0x10, 0},
	{0x42, 0x39E4, 0x40, 0x10, 0},
	{0x42, 0x39E5, 0x01, 0x10, 0},
	{0x42, 0x39E6, 0x01, 0x10, 0},
	{0x42, 0x39E8, 0x00, 0x10, 0},
	{0x42, 0x39E9, 0x01, 0x10, 0},
	{0x42, 0x39EA, 0x00, 0x10, 0},
	{0x42, 0x39EB, 0x00, 0x10, 0},
	{0x42, 0x39EC, 0x01, 0x10, 0},
	{0x42, 0x39ED, 0x00, 0x10, 0},
	{0x42, 0x39EE, 0x01, 0x10, 0},
	{0x42, 0x39F0, 0x03, 0x10, 0},
	{0x42, 0x39F1, 0x04, 0x10, 0},
	{0x42, 0x39F2, 0x0E, 0x10, 0},
	{0x42, 0x39F4, 0x0B, 0x10, 0},
	{0x42, 0x39F5, 0x00, 0x10, 0},
	{0x42, 0x39F6, 0x07, 0x10, 0},
	{0x42, 0x39F7, 0x00, 0x10, 0},
	{0x42, 0x39F8, 0x05, 0x10, 0},
	{0x42, 0x39F9, 0x00, 0x10, 0},
	{0x42, 0x39FA, 0x02, 0x10, 0},
	{0x42, 0x39FB, 0x00, 0x10, 0},
	{0x42, 0x39FC, 0x34, 0x10, 0},
	{0x42, 0x39FD, 0x00, 0x10, 0},
	{0x42, 0x39FE, 0x1B, 0x10, 0},
	{0x42, 0x39FF, 0x00, 0x10, 0},
	{0x42, 0x3A00, 0x13, 0x10, 0},
	{0x42, 0x3A01, 0x00, 0x10, 0},
	{0x42, 0x3A02, 0x09, 0x10, 0},
	{0x42, 0x3A03, 0x00, 0x10, 0},
	{0x42, 0x3A04, 0x4D, 0x10, 0},
	{0x42, 0x3A05, 0x00, 0x10, 0},
	{0x42, 0x3A06, 0x22, 0x10, 0},
	{0x42, 0x3A07, 0x00, 0x10, 0},
	{0x42, 0x3A08, 0x14, 0x10, 0},
	{0x42, 0x3A09, 0x00, 0x10, 0},
	{0x42, 0x3A0A, 0x09, 0x10, 0},
	{0x42, 0x3A0B, 0x00, 0x10, 0},
	{0x42, 0x3A0C, 0x61, 0x10, 0},
	{0x42, 0x3A0D, 0x00, 0x10, 0},
	{0x42, 0x3A0E, 0x22, 0x10, 0},
	{0x42, 0x3A0F, 0x00, 0x10, 0},
	{0x42, 0x3A10, 0x15, 0x10, 0},
	{0x42, 0x3A11, 0x00, 0x10, 0},
	{0x42, 0x3A12, 0x0A, 0x10, 0},
	{0x42, 0x3A13, 0x00, 0x10, 0},
	{0x42, 0x3A14, 0x6D, 0x10, 0},
	{0x42, 0x3A15, 0x00, 0x10, 0},
	{0x42, 0x3A16, 0x24, 0x10, 0},
	{0x42, 0x3A17, 0x00, 0x10, 0},
	{0x42, 0x3A18, 0x16, 0x10, 0},
	{0x42, 0x3A19, 0x00, 0x10, 0},
	{0x42, 0x3A1A, 0x0B, 0x10, 0},
	{0x42, 0x3A1B, 0x00, 0x10, 0},
	{0x42, 0x3A1C, 0x6F, 0x10, 0},
	{0x42, 0x3A1D, 0x00, 0x10, 0},
	{0x42, 0x3A1E, 0x26, 0x10, 0},
	{0x42, 0x3A1F, 0x00, 0x10, 0},
	{0x42, 0x3A20, 0x18, 0x10, 0},
	{0x42, 0x3A21, 0x00, 0x10, 0},
	{0x42, 0x3A22, 0x0E, 0x10, 0},
	{0x42, 0x3A23, 0x00, 0x10, 0},
	{0x42, 0x3A24, 0x72, 0x10, 0},
	{0x42, 0x3A25, 0x00, 0x10, 0},
	{0x42, 0x3A26, 0x2B, 0x10, 0},
	{0x42, 0x3A27, 0x00, 0x10, 0},
	{0x42, 0x3A28, 0x1E, 0x10, 0},
	{0x42, 0x3A29, 0x00, 0x10, 0},
	{0x42, 0x3A2A, 0x13, 0x10, 0},
	{0x42, 0x3A2B, 0x00, 0x10, 0},
	{0x42, 0x3A2C, 0x7B, 0x10, 0},
	{0x42, 0x3A2D, 0x00, 0x10, 0},
	{0x42, 0x3A2E, 0x37, 0x10, 0},
	{0x42, 0x3A2F, 0x00, 0x10, 0},
	{0x42, 0x3A30, 0x29, 0x10, 0},
	{0x42, 0x3A31, 0x00, 0x10, 0},
	{0x42, 0x3A32, 0x1F, 0x10, 0},
	{0x42, 0x3A33, 0x00, 0x10, 0},
	{0x42, 0x3A34, 0x94, 0x10, 0},
	{0x42, 0x3A35, 0x00, 0x10, 0},
	{0x42, 0x3A36, 0x4E, 0x10, 0},
	{0x42, 0x3A37, 0x00, 0x10, 0},
	{0x42, 0x3A38, 0x42, 0x10, 0},
	{0x42, 0x3A39, 0x00, 0x10, 0},
	{0x42, 0x3A3A, 0x36, 0x10, 0},
	{0x42, 0x3A3B, 0x00, 0x10, 0},
	{0x42, 0x3A3C, 0x00, 0x10, 0},
	{0x42, 0x3A3D, 0x01, 0x10, 0},
	{0x42, 0x3A3E, 0x00, 0x10, 0},
	{0x42, 0x3A3F, 0x01, 0x10, 0},
	{0x42, 0x3A40, 0x00, 0x10, 0},
	{0x42, 0x3A41, 0x01, 0x10, 0},
	{0x42, 0x3A42, 0x00, 0x10, 0},
	{0x42, 0x3A43, 0x01, 0x10, 0},
	{0x42, 0x3A44, 0x70, 0x10, 0},
	{0x42, 0x3A45, 0x00, 0x10, 0},
	{0x42, 0x3A46, 0x25, 0x10, 0},
	{0x42, 0x3A47, 0x00, 0x10, 0},
	{0x42, 0x3A48, 0x18, 0x10, 0},
	{0x42, 0x3A49, 0x00, 0x10, 0},
	{0x42, 0x3A4A, 0x10, 0x10, 0},
	{0x42, 0x3A4B, 0x00, 0x10, 0},
	{0x42, 0x3A4C, 0xFF, 0x10, 0},
	{0x42, 0x3A4D, 0x00, 0x10, 0},
	{0x42, 0x3A4E, 0xD5, 0x10, 0},
	{0x42, 0x3A4F, 0x00, 0x10, 0},
	{0x42, 0x3A50, 0xAA, 0x10, 0},
	{0x42, 0x3A51, 0x00, 0x10, 0},
	{0x42, 0x3A52, 0x85, 0x10, 0},
	{0x42, 0x3A53, 0x00, 0x10, 0},
	{0x42, 0x3A54, 0xFF, 0x10, 0},
	{0x42, 0x3A55, 0x00, 0x10, 0},
	{0x42, 0x3A56, 0xD5, 0x10, 0},
	{0x42, 0x3A57, 0x00, 0x10, 0},
	{0x42, 0x3A58, 0xAA, 0x10, 0},
	{0x42, 0x3A59, 0x00, 0x10, 0},
	{0x42, 0x3A5A, 0x85, 0x10, 0},
	{0x42, 0x3A5B, 0x00, 0x10, 0},
	{0x42, 0x3A5C, 0xFF, 0x10, 0},
	{0x42, 0x3A5D, 0x00, 0x10, 0},
	{0x42, 0x3A5E, 0xD5, 0x10, 0},
	{0x42, 0x3A5F, 0x00, 0x10, 0},
	{0x42, 0x3A60, 0xAA, 0x10, 0},
	{0x42, 0x3A61, 0x00, 0x10, 0},
	{0x42, 0x3A62, 0x85, 0x10, 0},
	{0x42, 0x3A63, 0x00, 0x10, 0},
	{0x42, 0x3A64, 0x1C, 0x10, 0},
	{0x42, 0x3A65, 0x00, 0x10, 0},
	{0x42, 0x3A66, 0x13, 0x10, 0},
	{0x42, 0x3A67, 0x00, 0x10, 0},
	{0x42, 0x3A68, 0x0D, 0x10, 0},
	{0x42, 0x3A69, 0x00, 0x10, 0},
	{0x42, 0x3A6A, 0x07, 0x10, 0},
	{0x42, 0x3A6B, 0x00, 0x10, 0},
	{0x42, 0x3A6C, 0x0D, 0x10, 0},
	{0x42, 0x3A6D, 0x00, 0x10, 0},
	{0x42, 0x3A6E, 0x0B, 0x10, 0},
	{0x42, 0x3A6F, 0x00, 0x10, 0},
	{0x42, 0x3A70, 0x06, 0x10, 0},
	{0x42, 0x3A71, 0x00, 0x10, 0},
	{0x42, 0x3A72, 0x05, 0x10, 0},
	{0x42, 0x3A73, 0x00, 0x10, 0},
	{0x42, 0x3A74, 0x19, 0x10, 0},
	{0x42, 0x3A75, 0x00, 0x10, 0},
	{0x42, 0x3A76, 0x14, 0x10, 0},
	{0x42, 0x3A77, 0x00, 0x10, 0},
	{0x42, 0x3A78, 0x0F, 0x10, 0},
	{0x42, 0x3A79, 0x00, 0x10, 0},
	{0x42, 0x3A7A, 0x0A, 0x10, 0},
	{0x42, 0x3A7B, 0x00, 0x10, 0},
	{0x42, 0x3A7C, 0x80, 0x10, 0},
	{0x42, 0x3A7D, 0x00, 0x10, 0},
	{0x42, 0x3A7E, 0x80, 0x10, 0},
	{0x42, 0x3A7F, 0x00, 0x10, 0},
	{0x42, 0x3A80, 0x80, 0x10, 0},
	{0x42, 0x3A81, 0x00, 0x10, 0},
	{0x42, 0x3A82, 0x80, 0x10, 0},
	{0x42, 0x3A83, 0x00, 0x10, 0},
	{0x42, 0x3A84, 0x08, 0x10, 0},
	{0x42, 0x3A85, 0x00, 0x10, 0},
	{0x42, 0x3A86, 0x05, 0x10, 0},
	{0x42, 0x3A87, 0x00, 0x10, 0},
	{0x42, 0x3A88, 0x04, 0x10, 0},
	{0x42, 0x3A89, 0x00, 0x10, 0},
	{0x42, 0x3A8A, 0x03, 0x10, 0},
	{0x42, 0x3A8B, 0x00, 0x10, 0},
	{0x42, 0x3A8C, 0xCD, 0x10, 0},
	{0x42, 0x3A8D, 0x00, 0x10, 0},
	{0x42, 0x3A8E, 0xAA, 0x10, 0},
	{0x42, 0x3A8F, 0x00, 0x10, 0},
	{0x42, 0x3A90, 0x8C, 0x10, 0},
	{0x42, 0x3A91, 0x00, 0x10, 0},
	{0x42, 0x3A92, 0x64, 0x10, 0},
	{0x42, 0x3A93, 0x00, 0x10, 0},
	{0x42, 0x3A94, 0xCD, 0x10, 0},
	{0x42, 0x3A95, 0x00, 0x10, 0},
	{0x42, 0x3A96, 0xAA, 0x10, 0},
	{0x42, 0x3A97, 0x00, 0x10, 0},
	{0x42, 0x3A98, 0x8C, 0x10, 0},
	{0x42, 0x3A99, 0x00, 0x10, 0},
	{0x42, 0x3A9A, 0x64, 0x10, 0},
	{0x42, 0x3A9B, 0x00, 0x10, 0},
	{0x42, 0x3A9C, 0x08, 0x10, 0},
	{0x42, 0x3A9D, 0x10, 0x10, 0},
	{0x42, 0x3A9E, 0x4C, 0x10, 0},
	{0x42, 0x3A9F, 0x4C, 0x10, 0},
	{0x42, 0x3AA0, 0x4C, 0x10, 0},
	{0x42, 0x3AA1, 0x04, 0x10, 0},
	{0x42, 0x3AA2, 0x04, 0x10, 0},
	{0x42, 0x3AC0, 0x01, 0x10, 0},
	{0x42, 0x3AC4, 0x81, 0x10, 0},
	{0x42, 0x3AC5, 0x00, 0x10, 0},
	{0x42, 0x3AC6, 0x00, 0x10, 0},
	{0x42, 0x3AC7, 0x00, 0x10, 0},
	{0x42, 0x3AC8, 0x00, 0x10, 0},
	{0x42, 0x3AC9, 0x00, 0x10, 0},
	{0x42, 0x3ACA, 0x00, 0x10, 0},
	{0x42, 0x3ACB, 0x00, 0x10, 0},
	{0x42, 0x3ACC, 0x02, 0x10, 0},
	{0x42, 0x3ACD, 0x00, 0x10, 0},
	{0x42, 0x3ACE, 0x81, 0x10, 0},
	{0x42, 0x3ACF, 0x00, 0x10, 0},
	{0x42, 0x3AD0, 0x00, 0x10, 0},
	{0x42, 0x3AD1, 0x00, 0x10, 0},
	{0x42, 0x3AD2, 0xFD, 0x10, 0},
	{0x42, 0x3AD3, 0x03, 0x10, 0},
	{0x42, 0x3AD4, 0x02, 0x10, 0},
	{0x42, 0x3AD5, 0x00, 0x10, 0},
	{0x42, 0x3AD6, 0x00, 0x10, 0},
	{0x42, 0x3AD7, 0x00, 0x10, 0},
	{0x42, 0x3AD8, 0x81, 0x10, 0},
	{0x42, 0x3AD9, 0x00, 0x10, 0},
	{0x42, 0x3ADA, 0xFD, 0x10, 0},
	{0x42, 0x3ADB, 0x03, 0x10, 0},
	{0x42, 0x3ADC, 0xFF, 0x10, 0},
	{0x42, 0x3ADD, 0x03, 0x10, 0},
	{0x42, 0x3ADE, 0x01, 0x10, 0},
	{0x42, 0x3ADF, 0x00, 0x10, 0},
	{0x42, 0x3AE0, 0x01, 0x10, 0},
	{0x42, 0x3AE1, 0x00, 0x10, 0},
	{0x42, 0x3AE2, 0x7E, 0x10, 0},
	{0x42, 0x3AE3, 0x00, 0x10, 0},
	{0x42, 0x3AF4, 0x00, 0x10, 0},
	{0x42, 0x3AF6, 0x40, 0x10, 0},
	{0x42, 0x3AF7, 0x1E, 0x10, 0},
	{0x42, 0x3AF8, 0x00, 0x10, 0},
	{0x42, 0x3AFA, 0x00, 0x10, 0},
	{0x42, 0x3AFB, 0x00, 0x10, 0},
	{0x42, 0x3AFC, 0x00, 0x10, 0},
	{0x42, 0x3AFD, 0x00, 0x10, 0},
	{0x42, 0x3AFE, 0x00, 0x10, 0},
	{0x42, 0x3AFF, 0x00, 0x10, 0},
	{0x42, 0x3B00, 0x00, 0x10, 0},
	{0x42, 0x3B01, 0x00, 0x10, 0},
	{0x42, 0x3B02, 0x00, 0x10, 0},
	{0x42, 0x3B03, 0x00, 0x10, 0},
	{0x42, 0x3B04, 0x00, 0x10, 0},
	{0x42, 0x3B05, 0x00, 0x10, 0},
	{0x42, 0x3B06, 0x00, 0x10, 0},
	{0x42, 0x3B07, 0x00, 0x10, 0},
	{0x42, 0x3B08, 0x00, 0x10, 0},
	{0x42, 0x3B09, 0x00, 0x10, 0},
	{0x42, 0x3B0A, 0x00, 0x10, 0},
	{0x42, 0x3B0B, 0x00, 0x10, 0},
	{0x42, 0x3B0C, 0x00, 0x10, 0},
	{0x42, 0x3B0D, 0x00, 0x10, 0},
	{0x42, 0x3B0E, 0x00, 0x10, 0},
	{0x42, 0x3B0F, 0x00, 0x10, 0},
	{0x42, 0x3B10, 0x00, 0x10, 0},
	{0x42, 0x3B11, 0x00, 0x10, 0},
	{0x42, 0x3B12, 0x00, 0x10, 0},
	{0x42, 0x3B13, 0x00, 0x10, 0},
	{0x42, 0x3B14, 0x00, 0x10, 0},
	{0x42, 0x3B15, 0x00, 0x10, 0},
	{0x42, 0x3B16, 0x00, 0x10, 0},
	{0x42, 0x3B17, 0x00, 0x10, 0},
	{0x42, 0x3B18, 0x00, 0x10, 0},
	{0x42, 0x3B19, 0x00, 0x10, 0},
	{0x42, 0x3B1A, 0x00, 0x10, 0},
	{0x42, 0x3B1B, 0x00, 0x10, 0},
	{0x42, 0x3B1C, 0x00, 0x10, 0},
	{0x42, 0x3B1D, 0x00, 0x10, 0},
	{0x42, 0x3B1E, 0x00, 0x10, 0},
	{0x42, 0x3B1F, 0x00, 0x10, 0},
	{0x42, 0x3B20, 0x00, 0x10, 0},
	{0x42, 0x3B21, 0x00, 0x10, 0},
	{0x42, 0x3B22, 0x00, 0x10, 0},
	{0x42, 0x3B23, 0x00, 0x10, 0},
	{0x42, 0x3B24, 0x00, 0x10, 0},
	{0x42, 0x3B25, 0x00, 0x10, 0},
	{0x42, 0x3B26, 0x00, 0x10, 0},
	{0x42, 0x3B27, 0x00, 0x10, 0},
	{0x42, 0x3B28, 0x00, 0x10, 0},
	{0x42, 0x3B29, 0x00, 0x10, 0},
	{0x42, 0x3B2A, 0x00, 0x10, 0},
	{0x42, 0x3B2C, 0x00, 0x10, 0},
	{0x42, 0x3B2E, 0x00, 0x10, 0},
	{0x42, 0x3B30, 0x00, 0x10, 0},
	{0x42, 0x3B32, 0x0C, 0x10, 0},
	{0x42, 0x4000, 0x95, 0x10, 0},
	{0x42, 0x4001, 0x94, 0x10, 0},
	{0x42, 0x4002, 0x95, 0x10, 0},
	{0x42, 0x4003, 0x92, 0x10, 0},
	{0x42, 0x4004, 0x8B, 0x10, 0},
	{0x42, 0x4005, 0x8A, 0x10, 0},
	{0x42, 0x4006, 0x8B, 0x10, 0},
	{0x42, 0x4007, 0x89, 0x10, 0},
	{0x42, 0x4008, 0x84, 0x10, 0},
	{0x42, 0x4009, 0x84, 0x10, 0},
	{0x42, 0x400A, 0x84, 0x10, 0},
	{0x42, 0x400B, 0x83, 0x10, 0},
	{0x42, 0x400C, 0x81, 0x10, 0},
	{0x42, 0x400D, 0x81, 0x10, 0},
	{0x42, 0x400E, 0x81, 0x10, 0},
	{0x42, 0x400F, 0x80, 0x10, 0},
	{0x42, 0x4010, 0x80, 0x10, 0},
	{0x42, 0x4011, 0x80, 0x10, 0},
	{0x42, 0x4012, 0x80, 0x10, 0},
	{0x42, 0x4013, 0x7F, 0x10, 0},
	{0x42, 0x4014, 0x82, 0x10, 0},
	{0x42, 0x4015, 0x82, 0x10, 0},
	{0x42, 0x4016, 0x82, 0x10, 0},
	{0x42, 0x4017, 0x81, 0x10, 0},
	{0x42, 0x4018, 0x89, 0x10, 0},
	{0x42, 0x4019, 0x88, 0x10, 0},
	{0x42, 0x401A, 0x88, 0x10, 0},
	{0x42, 0x401B, 0x86, 0x10, 0},
	{0x42, 0x401C, 0x92, 0x10, 0},
	{0x42, 0x401D, 0x91, 0x10, 0},
	{0x42, 0x401E, 0x91, 0x10, 0},
	{0x42, 0x401F, 0x8E, 0x10, 0},
	{0x42, 0x4020, 0x9F, 0x10, 0},
	{0x42, 0x4021, 0x9D, 0x10, 0},
	{0x42, 0x4022, 0x9D, 0x10, 0},
	{0x42, 0x4023, 0x9A, 0x10, 0},
	{0x42, 0x4024, 0x92, 0x10, 0},
	{0x42, 0x4025, 0x91, 0x10, 0},
	{0x42, 0x4026, 0x91, 0x10, 0},
	{0x42, 0x4027, 0x8F, 0x10, 0},
	{0x42, 0x4028, 0x8D, 0x10, 0},
	{0x42, 0x4029, 0x8C, 0x10, 0},
	{0x42, 0x402A, 0x8C, 0x10, 0},
	{0x42, 0x402B, 0x8B, 0x10, 0},
	{0x42, 0x402C, 0x83, 0x10, 0},
	{0x42, 0x402D, 0x83, 0x10, 0},
	{0x42, 0x402E, 0x83, 0x10, 0},
	{0x42, 0x402F, 0x83, 0x10, 0},
	{0x42, 0x4030, 0x7F, 0x10, 0},
	{0x42, 0x4031, 0x7F, 0x10, 0},
	{0x42, 0x4032, 0x7F, 0x10, 0},
	{0x42, 0x4033, 0x7F, 0x10, 0},
	{0x42, 0x4034, 0x7F, 0x10, 0},
	{0x42, 0x4035, 0x7F, 0x10, 0},
	{0x42, 0x4036, 0x7F, 0x10, 0},
	{0x42, 0x4037, 0x7F, 0x10, 0},
	{0x42, 0x4038, 0x81, 0x10, 0},
	{0x42, 0x4039, 0x81, 0x10, 0},
	{0x42, 0x403A, 0x81, 0x10, 0},
	{0x42, 0x403B, 0x80, 0x10, 0},
	{0x42, 0x403C, 0x87, 0x10, 0},
	{0x42, 0x403D, 0x86, 0x10, 0},
	{0x42, 0x403E, 0x86, 0x10, 0},
	{0x42, 0x403F, 0x85, 0x10, 0},
	{0x42, 0x4040, 0x91, 0x10, 0},
	{0x42, 0x4041, 0x90, 0x10, 0},
	{0x42, 0x4042, 0x90, 0x10, 0},
	{0x42, 0x4043, 0x8F, 0x10, 0},
	{0x42, 0x4044, 0x9A, 0x10, 0},
	{0x42, 0x4045, 0x99, 0x10, 0},
	{0x42, 0x4046, 0x99, 0x10, 0},
	{0x42, 0x4047, 0x96, 0x10, 0},
	{0x42, 0x4048, 0x91, 0x10, 0},
	{0x42, 0x4049, 0x90, 0x10, 0},
	{0x42, 0x404A, 0x90, 0x10, 0},
	{0x42, 0x404B, 0x8F, 0x10, 0},
	{0x42, 0x404C, 0x89, 0x10, 0},
	{0x42, 0x404D, 0x88, 0x10, 0},
	{0x42, 0x404E, 0x89, 0x10, 0},
	{0x42, 0x404F, 0x88, 0x10, 0},
	{0x42, 0x4050, 0x80, 0x10, 0},
	{0x42, 0x4051, 0x80, 0x10, 0},
	{0x42, 0x4052, 0x80, 0x10, 0},
	{0x42, 0x4053, 0x80, 0x10, 0},
	{0x42, 0x4054, 0x7F, 0x10, 0},
	{0x42, 0x4055, 0x7F, 0x10, 0},
	{0x42, 0x4056, 0x7F, 0x10, 0},
	{0x42, 0x4057, 0x7F, 0x10, 0},
	{0x42, 0x4058, 0x80, 0x10, 0},
	{0x42, 0x4059, 0x80, 0x10, 0},
	{0x42, 0x405A, 0x80, 0x10, 0},
	{0x42, 0x405B, 0x7F, 0x10, 0},
	{0x42, 0x405C, 0x80, 0x10, 0},
	{0x42, 0x405D, 0x80, 0x10, 0},
	{0x42, 0x405E, 0x80, 0x10, 0},
	{0x42, 0x405F, 0x80, 0x10, 0},
	{0x42, 0x4060, 0x83, 0x10, 0},
	{0x42, 0x4061, 0x83, 0x10, 0},
	{0x42, 0x4062, 0x83, 0x10, 0},
	{0x42, 0x4063, 0x82, 0x10, 0},
	{0x42, 0x4064, 0x8E, 0x10, 0},
	{0x42, 0x4065, 0x8D, 0x10, 0},
	{0x42, 0x4066, 0x8D, 0x10, 0},
	{0x42, 0x4067, 0x8B, 0x10, 0},
	{0x42, 0x4068, 0x99, 0x10, 0},
	{0x42, 0x4069, 0x97, 0x10, 0},
	{0x42, 0x406A, 0x97, 0x10, 0},
	{0x42, 0x406B, 0x95, 0x10, 0},
	{0x42, 0x406C, 0x91, 0x10, 0},
	{0x42, 0x406D, 0x90, 0x10, 0},
	{0x42, 0x406E, 0x90, 0x10, 0},
	{0x42, 0x406F, 0x8E, 0x10, 0},
	{0x42, 0x4070, 0x89, 0x10, 0},
	{0x42, 0x4071, 0x88, 0x10, 0},
	{0x42, 0x4072, 0x88, 0x10, 0},
	{0x42, 0x4073, 0x87, 0x10, 0},
	{0x42, 0x4074, 0x80, 0x10, 0},
	{0x42, 0x4075, 0x80, 0x10, 0},
	{0x42, 0x4076, 0x80, 0x10, 0},
	{0x42, 0x4077, 0x80, 0x10, 0},
	{0x42, 0x4078, 0x7F, 0x10, 0},
	{0x42, 0x4079, 0x7F, 0x10, 0},
	{0x42, 0x407A, 0x7F, 0x10, 0},
	{0x42, 0x407B, 0x7F, 0x10, 0},
	{0x42, 0x407C, 0x7F, 0x10, 0},
	{0x42, 0x407D, 0x7F, 0x10, 0},
	{0x42, 0x407E, 0x7F, 0x10, 0},
	{0x42, 0x407F, 0x7F, 0x10, 0},
	{0x42, 0x4080, 0x80, 0x10, 0},
	{0x42, 0x4081, 0x80, 0x10, 0},
	{0x42, 0x4082, 0x80, 0x10, 0},
	{0x42, 0x4083, 0x80, 0x10, 0},
	{0x42, 0x4084, 0x83, 0x10, 0},
	{0x42, 0x4085, 0x83, 0x10, 0},
	{0x42, 0x4086, 0x83, 0x10, 0},
	{0x42, 0x4087, 0x82, 0x10, 0},
	{0x42, 0x4088, 0x8E, 0x10, 0},
	{0x42, 0x4089, 0x8D, 0x10, 0},
	{0x42, 0x408A, 0x8D, 0x10, 0},
	{0x42, 0x408B, 0x8C, 0x10, 0},
	{0x42, 0x408C, 0x99, 0x10, 0},
	{0x42, 0x408D, 0x97, 0x10, 0},
	{0x42, 0x408E, 0x97, 0x10, 0},
	{0x42, 0x408F, 0x95, 0x10, 0},
	{0x42, 0x4090, 0x92, 0x10, 0},
	{0x42, 0x4091, 0x91, 0x10, 0},
	{0x42, 0x4092, 0x91, 0x10, 0},
	{0x42, 0x4093, 0x8F, 0x10, 0},
	{0x42, 0x4094, 0x8D, 0x10, 0},
	{0x42, 0x4095, 0x8C, 0x10, 0},
	{0x42, 0x4096, 0x8C, 0x10, 0},
	{0x42, 0x4097, 0x8B, 0x10, 0},
	{0x42, 0x4098, 0x83, 0x10, 0},
	{0x42, 0x4099, 0x83, 0x10, 0},
	{0x42, 0x409A, 0x83, 0x10, 0},
	{0x42, 0x409B, 0x82, 0x10, 0},
	{0x42, 0x409C, 0x7F, 0x10, 0},
	{0x42, 0x409D, 0x7F, 0x10, 0},
	{0x42, 0x409E, 0x7F, 0x10, 0},
	{0x42, 0x409F, 0x7F, 0x10, 0},
	{0x42, 0x40A0, 0x7F, 0x10, 0},
	{0x42, 0x40A1, 0x7F, 0x10, 0},
	{0x42, 0x40A2, 0x7F, 0x10, 0},
	{0x42, 0x40A3, 0x7F, 0x10, 0},
	{0x42, 0x40A4, 0x81, 0x10, 0},
	{0x42, 0x40A5, 0x80, 0x10, 0},
	{0x42, 0x40A6, 0x80, 0x10, 0},
	{0x42, 0x40A7, 0x80, 0x10, 0},
	{0x42, 0x40A8, 0x87, 0x10, 0},
	{0x42, 0x40A9, 0x86, 0x10, 0},
	{0x42, 0x40AA, 0x86, 0x10, 0},
	{0x42, 0x40AB, 0x85, 0x10, 0},
	{0x42, 0x40AC, 0x92, 0x10, 0},
	{0x42, 0x40AD, 0x90, 0x10, 0},
	{0x42, 0x40AE, 0x90, 0x10, 0},
	{0x42, 0x40AF, 0x8F, 0x10, 0},
	{0x42, 0x40B0, 0x9B, 0x10, 0},
	{0x42, 0x40B1, 0x98, 0x10, 0},
	{0x42, 0x40B2, 0x98, 0x10, 0},
	{0x42, 0x40B3, 0x96, 0x10, 0},
	{0x42, 0x40B4, 0x95, 0x10, 0},
	{0x42, 0x40B5, 0x94, 0x10, 0},
	{0x42, 0x40B6, 0x94, 0x10, 0},
	{0x42, 0x40B7, 0x92, 0x10, 0},
	{0x42, 0x40B8, 0x8B, 0x10, 0},
	{0x42, 0x40B9, 0x8A, 0x10, 0},
	{0x42, 0x40BA, 0x8A, 0x10, 0},
	{0x42, 0x40BB, 0x88, 0x10, 0},
	{0x42, 0x40BC, 0x84, 0x10, 0},
	{0x42, 0x40BD, 0x84, 0x10, 0},
	{0x42, 0x40BE, 0x84, 0x10, 0},
	{0x42, 0x40BF, 0x82, 0x10, 0},
	{0x42, 0x40C0, 0x80, 0x10, 0},
	{0x42, 0x40C1, 0x80, 0x10, 0},
	{0x42, 0x40C2, 0x80, 0x10, 0},
	{0x42, 0x40C3, 0x7F, 0x10, 0},
	{0x42, 0x40C4, 0x80, 0x10, 0},
	{0x42, 0x40C5, 0x7F, 0x10, 0},
	{0x42, 0x40C6, 0x7F, 0x10, 0},
	{0x42, 0x40C7, 0x7E, 0x10, 0},
	{0x42, 0x40C8, 0x82, 0x10, 0},
	{0x42, 0x40C9, 0x81, 0x10, 0},
	{0x42, 0x40CA, 0x81, 0x10, 0},
	{0x42, 0x40CB, 0x80, 0x10, 0},
	{0x42, 0x40CC, 0x88, 0x10, 0},
	{0x42, 0x40CD, 0x87, 0x10, 0},
	{0x42, 0x40CE, 0x87, 0x10, 0},
	{0x42, 0x40CF, 0x86, 0x10, 0},
	{0x42, 0x40D0, 0x92, 0x10, 0},
	{0x42, 0x40D1, 0x90, 0x10, 0},
	{0x42, 0x40D2, 0x90, 0x10, 0},
	{0x42, 0x40D3, 0x8E, 0x10, 0},
	{0x42, 0x40D4, 0xA0, 0x10, 0},
	{0x42, 0x40D5, 0x9D, 0x10, 0},
	{0x42, 0x40D6, 0x9C, 0x10, 0},
	{0x42, 0x40D7, 0x9A, 0x10, 0},
	{0x42, 0x4100, 0x80, 0x10, 0},
	{0x42, 0x4101, 0x80, 0x10, 0},
	{0x42, 0x4102, 0x80, 0x10, 0},
	{0x42, 0x4103, 0x80, 0x10, 0},
	{0x42, 0x4104, 0x80, 0x10, 0},
	{0x42, 0x4105, 0x80, 0x10, 0},
	{0x42, 0x4106, 0x80, 0x10, 0},
	{0x42, 0x4107, 0x80, 0x10, 0},
	{0x42, 0x4108, 0x80, 0x10, 0},
	{0x42, 0x4109, 0x80, 0x10, 0},
	{0x42, 0x410A, 0x80, 0x10, 0},
	{0x42, 0x410B, 0x80, 0x10, 0},
	{0x42, 0x410C, 0x80, 0x10, 0},
	{0x42, 0x410D, 0x80, 0x10, 0},
	{0x42, 0x410E, 0x80, 0x10, 0},
	{0x42, 0x410F, 0x80, 0x10, 0},
	{0x42, 0x4110, 0x80, 0x10, 0},
	{0x42, 0x4111, 0x80, 0x10, 0},
	{0x42, 0x4112, 0x80, 0x10, 0},
	{0x42, 0x4113, 0x80, 0x10, 0},
	{0x42, 0x4114, 0x80, 0x10, 0},
	{0x42, 0x4115, 0x80, 0x10, 0},
	{0x42, 0x4116, 0x80, 0x10, 0},
	{0x42, 0x4117, 0x80, 0x10, 0},
	{0x42, 0x4118, 0x80, 0x10, 0},
	{0x42, 0x4119, 0x80, 0x10, 0},
	{0x42, 0x411A, 0x80, 0x10, 0},
	{0x42, 0x411B, 0x80, 0x10, 0},
	{0x42, 0x411C, 0x80, 0x10, 0},
	{0x42, 0x411D, 0x80, 0x10, 0},
	{0x42, 0x411E, 0x80, 0x10, 0},
	{0x42, 0x411F, 0x80, 0x10, 0},
	{0x42, 0x4120, 0x80, 0x10, 0},
	{0x42, 0x4121, 0x80, 0x10, 0},
	{0x42, 0x4122, 0x80, 0x10, 0},
	{0x42, 0x4123, 0x80, 0x10, 0},
	{0x42, 0x4124, 0x80, 0x10, 0},
	{0x42, 0x4125, 0x80, 0x10, 0},
	{0x42, 0x4126, 0x80, 0x10, 0},
	{0x42, 0x4127, 0x80, 0x10, 0},
	{0x42, 0x4128, 0x80, 0x10, 0},
	{0x42, 0x4129, 0x80, 0x10, 0},
	{0x42, 0x412A, 0x80, 0x10, 0},
	{0x42, 0x412B, 0x80, 0x10, 0},
	{0x42, 0x412C, 0x80, 0x10, 0},
	{0x42, 0x412D, 0x80, 0x10, 0},
	{0x42, 0x412E, 0x80, 0x10, 0},
	{0x42, 0x412F, 0x80, 0x10, 0},
	{0x42, 0x4130, 0x80, 0x10, 0},
	{0x42, 0x4131, 0x80, 0x10, 0},
	{0x42, 0x4132, 0x80, 0x10, 0},
	{0x42, 0x4133, 0x80, 0x10, 0},
	{0x42, 0x4134, 0x80, 0x10, 0},
	{0x42, 0x4135, 0x80, 0x10, 0},
	{0x42, 0x4136, 0x80, 0x10, 0},
	{0x42, 0x4137, 0x80, 0x10, 0},
	{0x42, 0x4138, 0x80, 0x10, 0},
	{0x42, 0x4139, 0x80, 0x10, 0},
	{0x42, 0x413A, 0x80, 0x10, 0},
	{0x42, 0x413B, 0x80, 0x10, 0},
	{0x42, 0x413C, 0x80, 0x10, 0},
	{0x42, 0x413D, 0x80, 0x10, 0},
	{0x42, 0x413E, 0x80, 0x10, 0},
	{0x42, 0x413F, 0x80, 0x10, 0},
	{0x42, 0x4140, 0x80, 0x10, 0},
	{0x42, 0x4141, 0x80, 0x10, 0},
	{0x42, 0x4142, 0x80, 0x10, 0},
	{0x42, 0x4143, 0x80, 0x10, 0},
	{0x42, 0x4144, 0x80, 0x10, 0},
	{0x42, 0x4145, 0x80, 0x10, 0},
	{0x42, 0x4146, 0x80, 0x10, 0},
	{0x42, 0x4147, 0x80, 0x10, 0},
	{0x42, 0x4148, 0x80, 0x10, 0},
	{0x42, 0x4149, 0x80, 0x10, 0},
	{0x42, 0x414A, 0x80, 0x10, 0},
	{0x42, 0x414B, 0x80, 0x10, 0},
	{0x42, 0x414C, 0x80, 0x10, 0},
	{0x42, 0x414D, 0x80, 0x10, 0},
	{0x42, 0x414E, 0x80, 0x10, 0},
	{0x42, 0x414F, 0x80, 0x10, 0},
	{0x42, 0x4150, 0x80, 0x10, 0},
	{0x42, 0x4151, 0x80, 0x10, 0},
	{0x42, 0x4152, 0x80, 0x10, 0},
	{0x42, 0x4153, 0x80, 0x10, 0},
	{0x42, 0x4154, 0x80, 0x10, 0},
	{0x42, 0x4155, 0x80, 0x10, 0},
	{0x42, 0x4156, 0x80, 0x10, 0},
	{0x42, 0x4157, 0x80, 0x10, 0},
	{0x42, 0x4158, 0x80, 0x10, 0},
	{0x42, 0x4159, 0x80, 0x10, 0},
	{0x42, 0x415A, 0x80, 0x10, 0},
	{0x42, 0x415B, 0x80, 0x10, 0},
	{0x42, 0x415C, 0x80, 0x10, 0},
	{0x42, 0x415D, 0x80, 0x10, 0},
	{0x42, 0x415E, 0x80, 0x10, 0},
	{0x42, 0x415F, 0x80, 0x10, 0},
	{0x42, 0x4160, 0x80, 0x10, 0},
	{0x42, 0x4161, 0x80, 0x10, 0},
	{0x42, 0x4162, 0x80, 0x10, 0},
	{0x42, 0x4163, 0x80, 0x10, 0},
	{0x42, 0x4164, 0x80, 0x10, 0},
	{0x42, 0x4165, 0x80, 0x10, 0},
	{0x42, 0x4166, 0x80, 0x10, 0},
	{0x42, 0x4167, 0x80, 0x10, 0},
	{0x42, 0x4168, 0x80, 0x10, 0},
	{0x42, 0x4169, 0x80, 0x10, 0},
	{0x42, 0x416A, 0x80, 0x10, 0},
	{0x42, 0x416B, 0x80, 0x10, 0},
	{0x42, 0x416C, 0x80, 0x10, 0},
	{0x42, 0x416D, 0x80, 0x10, 0},
	{0x42, 0x416E, 0x80, 0x10, 0},
	{0x42, 0x416F, 0x80, 0x10, 0},
	{0x42, 0x4170, 0x80, 0x10, 0},
	{0x42, 0x4171, 0x80, 0x10, 0},
	{0x42, 0x4172, 0x80, 0x10, 0},
	{0x42, 0x4173, 0x80, 0x10, 0},
	{0x42, 0x4174, 0x80, 0x10, 0},
	{0x42, 0x4175, 0x80, 0x10, 0},
	{0x42, 0x4176, 0x80, 0x10, 0},
	{0x42, 0x4177, 0x80, 0x10, 0},
	{0x42, 0x4178, 0x80, 0x10, 0},
	{0x42, 0x4179, 0x80, 0x10, 0},
	{0x42, 0x417A, 0x80, 0x10, 0},
	{0x42, 0x417B, 0x80, 0x10, 0},
	{0x42, 0x417C, 0x80, 0x10, 0},
	{0x42, 0x417D, 0x80, 0x10, 0},
	{0x42, 0x417E, 0x80, 0x10, 0},
	{0x42, 0x417F, 0x80, 0x10, 0},
	{0x42, 0x4180, 0x80, 0x10, 0},
	{0x42, 0x4181, 0x80, 0x10, 0},
	{0x42, 0x4182, 0x80, 0x10, 0},
	{0x42, 0x4183, 0x80, 0x10, 0},
	{0x42, 0x4184, 0x80, 0x10, 0},
	{0x42, 0x4185, 0x80, 0x10, 0},
	{0x42, 0x4186, 0x80, 0x10, 0},
	{0x42, 0x4187, 0x80, 0x10, 0},
	{0x42, 0x4188, 0x80, 0x10, 0},
	{0x42, 0x4189, 0x80, 0x10, 0},
	{0x42, 0x418A, 0x80, 0x10, 0},
	{0x42, 0x418B, 0x80, 0x10, 0},
	{0x42, 0x418C, 0x80, 0x10, 0},
	{0x42, 0x418D, 0x80, 0x10, 0},
	{0x42, 0x418E, 0x80, 0x10, 0},
	{0x42, 0x418F, 0x80, 0x10, 0},
	{0x42, 0x4190, 0x80, 0x10, 0},
	{0x42, 0x4191, 0x80, 0x10, 0},
	{0x42, 0x4192, 0x80, 0x10, 0},
	{0x42, 0x4193, 0x80, 0x10, 0},
	{0x42, 0x4194, 0x80, 0x10, 0},
	{0x42, 0x4195, 0x80, 0x10, 0},
	{0x42, 0x4196, 0x80, 0x10, 0},
	{0x42, 0x4197, 0x80, 0x10, 0},
	{0x42, 0x4198, 0x80, 0x10, 0},
	{0x42, 0x4199, 0x80, 0x10, 0},
	{0x42, 0x419A, 0x80, 0x10, 0},
	{0x42, 0x419B, 0x80, 0x10, 0},
	{0x42, 0x419C, 0x80, 0x10, 0},
	{0x42, 0x419D, 0x80, 0x10, 0},
	{0x42, 0x419E, 0x80, 0x10, 0},
	{0x42, 0x419F, 0x80, 0x10, 0},
	{0x42, 0x41A0, 0x80, 0x10, 0},
	{0x42, 0x41A1, 0x80, 0x10, 0},
	{0x42, 0x41A2, 0x80, 0x10, 0},
	{0x42, 0x41A3, 0x80, 0x10, 0},
	{0x42, 0x41A4, 0x80, 0x10, 0},
	{0x42, 0x41A5, 0x80, 0x10, 0},
	{0x42, 0x41A6, 0x80, 0x10, 0},
	{0x42, 0x41A7, 0x80, 0x10, 0},
	{0x42, 0x41A8, 0x80, 0x10, 0},
	{0x42, 0x41A9, 0x80, 0x10, 0},
	{0x42, 0x41AA, 0x80, 0x10, 0},
	{0x42, 0x41AB, 0x80, 0x10, 0},
	{0x42, 0x41AC, 0x80, 0x10, 0},
	{0x42, 0x41AD, 0x80, 0x10, 0},
	{0x42, 0x41AE, 0x80, 0x10, 0},
	{0x42, 0x41AF, 0x80, 0x10, 0},
	{0x42, 0x41B0, 0x80, 0x10, 0},
	{0x42, 0x41B1, 0x80, 0x10, 0},
	{0x42, 0x41B2, 0x80, 0x10, 0},
	{0x42, 0x41B3, 0x80, 0x10, 0},
	{0x42, 0x41B4, 0x80, 0x10, 0},
	{0x42, 0x41B5, 0x80, 0x10, 0},
	{0x42, 0x41B6, 0x80, 0x10, 0},
	{0x42, 0x41B7, 0x80, 0x10, 0},
	{0x42, 0x41B8, 0x80, 0x10, 0},
	{0x42, 0x41B9, 0x80, 0x10, 0},
	{0x42, 0x41BA, 0x80, 0x10, 0},
	{0x42, 0x41BB, 0x80, 0x10, 0},
	{0x42, 0x41BC, 0x80, 0x10, 0},
	{0x42, 0x41BD, 0x80, 0x10, 0},
	{0x42, 0x41BE, 0x80, 0x10, 0},
	{0x42, 0x41BF, 0x80, 0x10, 0},
	{0x42, 0x41C0, 0x80, 0x10, 0},
	{0x42, 0x41C1, 0x80, 0x10, 0},
	{0x42, 0x41C2, 0x80, 0x10, 0},
	{0x42, 0x41C3, 0x80, 0x10, 0},
	{0x42, 0x41C4, 0x80, 0x10, 0},
	{0x42, 0x41C5, 0x80, 0x10, 0},
	{0x42, 0x41C6, 0x80, 0x10, 0},
	{0x42, 0x41C7, 0x80, 0x10, 0},
	{0x42, 0x41C8, 0x80, 0x10, 0},
	{0x42, 0x41C9, 0x80, 0x10, 0},
	{0x42, 0x41CA, 0x80, 0x10, 0},
	{0x42, 0x41CB, 0x80, 0x10, 0},
	{0x42, 0x41CC, 0x80, 0x10, 0},
	{0x42, 0x41CD, 0x80, 0x10, 0},
	{0x42, 0x41CE, 0x80, 0x10, 0},
	{0x42, 0x41CF, 0x80, 0x10, 0},
	{0x42, 0x41D0, 0x80, 0x10, 0},
	{0x42, 0x41D1, 0x80, 0x10, 0},
	{0x42, 0x41D2, 0x80, 0x10, 0},
	{0x42, 0x41D3, 0x80, 0x10, 0},
	{0x42, 0x41D4, 0x80, 0x10, 0},
	{0x42, 0x41D5, 0x80, 0x10, 0},
	{0x42, 0x41D6, 0x80, 0x10, 0},
	{0x42, 0x41D7, 0x80, 0x10, 0},
	{0x42, 0x4200, 0x80, 0x10, 0},
	{0x42, 0x4201, 0x80, 0x10, 0},
	{0x42, 0x4202, 0x80, 0x10, 0},
	{0x42, 0x4203, 0x80, 0x10, 0},
	{0x42, 0x4204, 0x80, 0x10, 0},
	{0x42, 0x4205, 0x80, 0x10, 0},
	{0x42, 0x4206, 0x80, 0x10, 0},
	{0x42, 0x4207, 0x80, 0x10, 0},
	{0x42, 0x4208, 0x80, 0x10, 0},
	{0x42, 0x4209, 0x80, 0x10, 0},
	{0x42, 0x420A, 0x80, 0x10, 0},
	{0x42, 0x420B, 0x80, 0x10, 0},
	{0x42, 0x420C, 0x80, 0x10, 0},
	{0x42, 0x420D, 0x80, 0x10, 0},
	{0x42, 0x420E, 0x80, 0x10, 0},
	{0x42, 0x420F, 0x80, 0x10, 0},
	{0x42, 0x4210, 0x80, 0x10, 0},
	{0x42, 0x4211, 0x80, 0x10, 0},
	{0x42, 0x4212, 0x80, 0x10, 0},
	{0x42, 0x4213, 0x80, 0x10, 0},
	{0x42, 0x4214, 0x80, 0x10, 0},
	{0x42, 0x4215, 0x80, 0x10, 0},
	{0x42, 0x4216, 0x80, 0x10, 0},
	{0x42, 0x4217, 0x80, 0x10, 0},
	{0x42, 0x4218, 0x80, 0x10, 0},
	{0x42, 0x4219, 0x80, 0x10, 0},
	{0x42, 0x421A, 0x80, 0x10, 0},
	{0x42, 0x421B, 0x80, 0x10, 0},
	{0x42, 0x421C, 0x80, 0x10, 0},
	{0x42, 0x421D, 0x80, 0x10, 0},
	{0x42, 0x421E, 0x80, 0x10, 0},
	{0x42, 0x421F, 0x80, 0x10, 0},
	{0x42, 0x4220, 0x80, 0x10, 0},
	{0x42, 0x4221, 0x80, 0x10, 0},
	{0x42, 0x4222, 0x80, 0x10, 0},
	{0x42, 0x4223, 0x80, 0x10, 0},
	{0x42, 0x4224, 0x80, 0x10, 0},
	{0x42, 0x4225, 0x80, 0x10, 0},
	{0x42, 0x4226, 0x80, 0x10, 0},
	{0x42, 0x4227, 0x80, 0x10, 0},
	{0x42, 0x4228, 0x80, 0x10, 0},
	{0x42, 0x4229, 0x80, 0x10, 0},
	{0x42, 0x422A, 0x80, 0x10, 0},
	{0x42, 0x422B, 0x80, 0x10, 0},
	{0x42, 0x422C, 0x80, 0x10, 0},
	{0x42, 0x422D, 0x80, 0x10, 0},
	{0x42, 0x422E, 0x80, 0x10, 0},
	{0x42, 0x422F, 0x80, 0x10, 0},
	{0x42, 0x4230, 0x80, 0x10, 0},
	{0x42, 0x4231, 0x80, 0x10, 0},
	{0x42, 0x4232, 0x80, 0x10, 0},
	{0x42, 0x4233, 0x80, 0x10, 0},
	{0x42, 0x4234, 0x80, 0x10, 0},
	{0x42, 0x4235, 0x80, 0x10, 0},
	{0x42, 0x4236, 0x80, 0x10, 0},
	{0x42, 0x4237, 0x80, 0x10, 0},
	{0x42, 0x4238, 0x80, 0x10, 0},
	{0x42, 0x4239, 0x80, 0x10, 0},
	{0x42, 0x423A, 0x80, 0x10, 0},
	{0x42, 0x423B, 0x80, 0x10, 0},
	{0x42, 0x423C, 0x80, 0x10, 0},
	{0x42, 0x423D, 0x80, 0x10, 0},
	{0x42, 0x423E, 0x80, 0x10, 0},
	{0x42, 0x423F, 0x80, 0x10, 0},
	{0x42, 0x4240, 0x80, 0x10, 0},
	{0x42, 0x4241, 0x80, 0x10, 0},
	{0x42, 0x4242, 0x80, 0x10, 0},
	{0x42, 0x4243, 0x80, 0x10, 0},
	{0x42, 0x4244, 0x80, 0x10, 0},
	{0x42, 0x4245, 0x80, 0x10, 0},
	{0x42, 0x4246, 0x80, 0x10, 0},
	{0x42, 0x4247, 0x80, 0x10, 0},
	{0x42, 0x4248, 0x80, 0x10, 0},
	{0x42, 0x4249, 0x80, 0x10, 0},
	{0x42, 0x424A, 0x80, 0x10, 0},
	{0x42, 0x424B, 0x80, 0x10, 0},
	{0x42, 0x424C, 0x80, 0x10, 0},
	{0x42, 0x424D, 0x80, 0x10, 0},
	{0x42, 0x424E, 0x80, 0x10, 0},
	{0x42, 0x424F, 0x80, 0x10, 0},
	{0x42, 0x4250, 0x80, 0x10, 0},
	{0x42, 0x4251, 0x80, 0x10, 0},
	{0x42, 0x4252, 0x80, 0x10, 0},
	{0x42, 0x4253, 0x80, 0x10, 0},
	{0x42, 0x4254, 0x80, 0x10, 0},
	{0x42, 0x4255, 0x80, 0x10, 0},
	{0x42, 0x4256, 0x80, 0x10, 0},
	{0x42, 0x4257, 0x80, 0x10, 0},
	{0x42, 0x4258, 0x80, 0x10, 0},
	{0x42, 0x4259, 0x80, 0x10, 0},
	{0x42, 0x425A, 0x80, 0x10, 0},
	{0x42, 0x425B, 0x80, 0x10, 0},
	{0x42, 0x425C, 0x80, 0x10, 0},
	{0x42, 0x425D, 0x80, 0x10, 0},
	{0x42, 0x425E, 0x80, 0x10, 0},
	{0x42, 0x425F, 0x80, 0x10, 0},
	{0x42, 0x4260, 0x80, 0x10, 0},
	{0x42, 0x4261, 0x80, 0x10, 0},
	{0x42, 0x4262, 0x80, 0x10, 0},
	{0x42, 0x4263, 0x80, 0x10, 0},
	{0x42, 0x4264, 0x80, 0x10, 0},
	{0x42, 0x4265, 0x80, 0x10, 0},
	{0x42, 0x4266, 0x80, 0x10, 0},
	{0x42, 0x4267, 0x80, 0x10, 0},
	{0x42, 0x4268, 0x80, 0x10, 0},
	{0x42, 0x4269, 0x80, 0x10, 0},
	{0x42, 0x426A, 0x80, 0x10, 0},
	{0x42, 0x426B, 0x80, 0x10, 0},
	{0x42, 0x426C, 0x80, 0x10, 0},
	{0x42, 0x426D, 0x80, 0x10, 0},
	{0x42, 0x426E, 0x80, 0x10, 0},
	{0x42, 0x426F, 0x80, 0x10, 0},
	{0x42, 0x4270, 0x80, 0x10, 0},
	{0x42, 0x4271, 0x80, 0x10, 0},
	{0x42, 0x4272, 0x80, 0x10, 0},
	{0x42, 0x4273, 0x80, 0x10, 0},
	{0x42, 0x4274, 0x80, 0x10, 0},
	{0x42, 0x4275, 0x80, 0x10, 0},
	{0x42, 0x4276, 0x80, 0x10, 0},
	{0x42, 0x4277, 0x80, 0x10, 0},
	{0x42, 0x4278, 0x80, 0x10, 0},
	{0x42, 0x4279, 0x80, 0x10, 0},
	{0x42, 0x427A, 0x80, 0x10, 0},
	{0x42, 0x427B, 0x80, 0x10, 0},
	{0x42, 0x427C, 0x80, 0x10, 0},
	{0x42, 0x427D, 0x80, 0x10, 0},
	{0x42, 0x427E, 0x80, 0x10, 0},
	{0x42, 0x427F, 0x80, 0x10, 0},
	{0x42, 0x4280, 0x80, 0x10, 0},
	{0x42, 0x4281, 0x80, 0x10, 0},
	{0x42, 0x4282, 0x80, 0x10, 0},
	{0x42, 0x4283, 0x80, 0x10, 0},
	{0x42, 0x4284, 0x80, 0x10, 0},
	{0x42, 0x4285, 0x80, 0x10, 0},
	{0x42, 0x4286, 0x80, 0x10, 0},
	{0x42, 0x4287, 0x80, 0x10, 0},
	{0x42, 0x4288, 0x80, 0x10, 0},
	{0x42, 0x4289, 0x80, 0x10, 0},
	{0x42, 0x428A, 0x80, 0x10, 0},
	{0x42, 0x428B, 0x80, 0x10, 0},
	{0x42, 0x428C, 0x80, 0x10, 0},
	{0x42, 0x428D, 0x80, 0x10, 0},
	{0x42, 0x428E, 0x80, 0x10, 0},
	{0x42, 0x428F, 0x80, 0x10, 0},
	{0x42, 0x4290, 0x80, 0x10, 0},
	{0x42, 0x4291, 0x80, 0x10, 0},
	{0x42, 0x4292, 0x80, 0x10, 0},
	{0x42, 0x4293, 0x80, 0x10, 0},
	{0x42, 0x4294, 0x80, 0x10, 0},
	{0x42, 0x4295, 0x80, 0x10, 0},
	{0x42, 0x4296, 0x80, 0x10, 0},
	{0x42, 0x4297, 0x80, 0x10, 0},
	{0x42, 0x4298, 0x80, 0x10, 0},
	{0x42, 0x4299, 0x80, 0x10, 0},
	{0x42, 0x429A, 0x80, 0x10, 0},
	{0x42, 0x429B, 0x80, 0x10, 0},
	{0x42, 0x429C, 0x80, 0x10, 0},
	{0x42, 0x429D, 0x80, 0x10, 0},
	{0x42, 0x429E, 0x80, 0x10, 0},
	{0x42, 0x429F, 0x80, 0x10, 0},
	{0x42, 0x42A0, 0x80, 0x10, 0},
	{0x42, 0x42A1, 0x80, 0x10, 0},
	{0x42, 0x42A2, 0x80, 0x10, 0},
	{0x42, 0x42A3, 0x80, 0x10, 0},
	{0x42, 0x42A4, 0x80, 0x10, 0},
	{0x42, 0x42A5, 0x80, 0x10, 0},
	{0x42, 0x42A6, 0x80, 0x10, 0},
	{0x42, 0x42A7, 0x80, 0x10, 0},
	{0x42, 0x42A8, 0x80, 0x10, 0},
	{0x42, 0x42A9, 0x80, 0x10, 0},
	{0x42, 0x42AA, 0x80, 0x10, 0},
	{0x42, 0x42AB, 0x80, 0x10, 0},
	{0x42, 0x42AC, 0x80, 0x10, 0},
	{0x42, 0x42AD, 0x80, 0x10, 0},
	{0x42, 0x42AE, 0x80, 0x10, 0},
	{0x42, 0x42AF, 0x80, 0x10, 0},
	{0x42, 0x42B0, 0x80, 0x10, 0},
	{0x42, 0x42B1, 0x80, 0x10, 0},
	{0x42, 0x42B2, 0x80, 0x10, 0},
	{0x42, 0x42B3, 0x80, 0x10, 0},
	{0x42, 0x42B4, 0x80, 0x10, 0},
	{0x42, 0x42B5, 0x80, 0x10, 0},
	{0x42, 0x42B6, 0x80, 0x10, 0},
	{0x42, 0x42B7, 0x80, 0x10, 0},
	{0x42, 0x42B8, 0x80, 0x10, 0},
	{0x42, 0x42B9, 0x80, 0x10, 0},
	{0x42, 0x42BA, 0x80, 0x10, 0},
	{0x42, 0x42BB, 0x80, 0x10, 0},
	{0x42, 0x42BC, 0x80, 0x10, 0},
	{0x42, 0x42BD, 0x80, 0x10, 0},
	{0x42, 0x42BE, 0x80, 0x10, 0},
	{0x42, 0x42BF, 0x80, 0x10, 0},
	{0x42, 0x42C0, 0x80, 0x10, 0},
	{0x42, 0x42C1, 0x80, 0x10, 0},
	{0x42, 0x42C2, 0x80, 0x10, 0},
	{0x42, 0x42C3, 0x80, 0x10, 0},
	{0x42, 0x42C4, 0x80, 0x10, 0},
	{0x42, 0x42C5, 0x80, 0x10, 0},
	{0x42, 0x42C6, 0x80, 0x10, 0},
	{0x42, 0x42C7, 0x80, 0x10, 0},
	{0x42, 0x42C8, 0x80, 0x10, 0},
	{0x42, 0x42C9, 0x80, 0x10, 0},
	{0x42, 0x42CA, 0x80, 0x10, 0},
	{0x42, 0x42CB, 0x80, 0x10, 0},
	{0x42, 0x42CC, 0x80, 0x10, 0},
	{0x42, 0x42CD, 0x80, 0x10, 0},
	{0x42, 0x42CE, 0x80, 0x10, 0},
	{0x42, 0x42CF, 0x80, 0x10, 0},
	{0x42, 0x42D0, 0x80, 0x10, 0},
	{0x42, 0x42D1, 0x80, 0x10, 0},
	{0x42, 0x42D2, 0x80, 0x10, 0},
	{0x42, 0x42D3, 0x80, 0x10, 0},
	{0x42, 0x42D4, 0x80, 0x10, 0},
	{0x42, 0x42D5, 0x80, 0x10, 0},
	{0x42, 0x42D6, 0x80, 0x10, 0},
	{0x42, 0x42D7, 0x80, 0x10, 0},
	{0x42, 0x42D8, 0x00, 0x10, 0},
	{0x42, 0x42D9, 0x00, 0x10, 0},
	{0x42, 0x4300, 0x96, 0x10, 0},
	{0x42, 0x4301, 0x91, 0x10, 0},
	{0x42, 0x4302, 0x91, 0x10, 0},
	{0x42, 0x4303, 0x91, 0x10, 0},
	{0x42, 0x4304, 0x90, 0x10, 0},
	{0x42, 0x4305, 0x8C, 0x10, 0},
	{0x42, 0x4306, 0x8B, 0x10, 0},
	{0x42, 0x4307, 0x8C, 0x10, 0},
	{0x42, 0x4308, 0x89, 0x10, 0},
	{0x42, 0x4309, 0x88, 0x10, 0},
	{0x42, 0x430A, 0x87, 0x10, 0},
	{0x42, 0x430B, 0x88, 0x10, 0},
	{0x42, 0x430C, 0x87, 0x10, 0},
	{0x42, 0x430D, 0x87, 0x10, 0},
	{0x42, 0x430E, 0x87, 0x10, 0},
	{0x42, 0x430F, 0x87, 0x10, 0},
	{0x42, 0x4310, 0x85, 0x10, 0},
	{0x42, 0x4311, 0x85, 0x10, 0},
	{0x42, 0x4312, 0x85, 0x10, 0},
	{0x42, 0x4313, 0x86, 0x10, 0},
	{0x42, 0x4314, 0x86, 0x10, 0},
	{0x42, 0x4315, 0x87, 0x10, 0},
	{0x42, 0x4316, 0x87, 0x10, 0},
	{0x42, 0x4317, 0x88, 0x10, 0},
	{0x42, 0x4318, 0x87, 0x10, 0},
	{0x42, 0x4319, 0x87, 0x10, 0},
	{0x42, 0x431A, 0x87, 0x10, 0},
	{0x42, 0x431B, 0x88, 0x10, 0},
	{0x42, 0x431C, 0x8E, 0x10, 0},
	{0x42, 0x431D, 0x8C, 0x10, 0},
	{0x42, 0x431E, 0x8C, 0x10, 0},
	{0x42, 0x431F, 0x8E, 0x10, 0},
	{0x42, 0x4320, 0x92, 0x10, 0},
	{0x42, 0x4321, 0x91, 0x10, 0},
	{0x42, 0x4322, 0x91, 0x10, 0},
	{0x42, 0x4323, 0x93, 0x10, 0},
	{0x42, 0x4324, 0x93, 0x10, 0},
	{0x42, 0x4325, 0x8F, 0x10, 0},
	{0x42, 0x4326, 0x8F, 0x10, 0},
	{0x42, 0x4327, 0x8F, 0x10, 0},
	{0x42, 0x4328, 0x8B, 0x10, 0},
	{0x42, 0x4329, 0x89, 0x10, 0},
	{0x42, 0x432A, 0x89, 0x10, 0},
	{0x42, 0x432B, 0x89, 0x10, 0},
	{0x42, 0x432C, 0x86, 0x10, 0},
	{0x42, 0x432D, 0x85, 0x10, 0},
	{0x42, 0x432E, 0x84, 0x10, 0},
	{0x42, 0x432F, 0x85, 0x10, 0},
	{0x42, 0x4330, 0x83, 0x10, 0},
	{0x42, 0x4331, 0x82, 0x10, 0},
	{0x42, 0x4332, 0x82, 0x10, 0},
	{0x42, 0x4333, 0x83, 0x10, 0},
	{0x42, 0x4334, 0x81, 0x10, 0},
	{0x42, 0x4335, 0x81, 0x10, 0},
	{0x42, 0x4336, 0x81, 0x10, 0},
	{0x42, 0x4337, 0x82, 0x10, 0},
	{0x42, 0x4338, 0x83, 0x10, 0},
	{0x42, 0x4339, 0x83, 0x10, 0},
	{0x42, 0x433A, 0x83, 0x10, 0},
	{0x42, 0x433B, 0x84, 0x10, 0},
	{0x42, 0x433C, 0x85, 0x10, 0},
	{0x42, 0x433D, 0x86, 0x10, 0},
	{0x42, 0x433E, 0x86, 0x10, 0},
	{0x42, 0x433F, 0x86, 0x10, 0},
	{0x42, 0x4340, 0x8A, 0x10, 0},
	{0x42, 0x4341, 0x8A, 0x10, 0},
	{0x42, 0x4342, 0x8A, 0x10, 0},
	{0x42, 0x4343, 0x8B, 0x10, 0},
	{0x42, 0x4344, 0x91, 0x10, 0},
	{0x42, 0x4345, 0x90, 0x10, 0},
	{0x42, 0x4346, 0x90, 0x10, 0},
	{0x42, 0x4347, 0x92, 0x10, 0},
	{0x42, 0x4348, 0x8F, 0x10, 0},
	{0x42, 0x4349, 0x8E, 0x10, 0},
	{0x42, 0x434A, 0x8D, 0x10, 0},
	{0x42, 0x434B, 0x8F, 0x10, 0},
	{0x42, 0x434C, 0x89, 0x10, 0},
	{0x42, 0x434D, 0x88, 0x10, 0},
	{0x42, 0x434E, 0x88, 0x10, 0},
	{0x42, 0x434F, 0x89, 0x10, 0},
	{0x42, 0x4350, 0x84, 0x10, 0},
	{0x42, 0x4351, 0x84, 0x10, 0},
	{0x42, 0x4352, 0x84, 0x10, 0},
	{0x42, 0x4353, 0x84, 0x10, 0},
	{0x42, 0x4354, 0x81, 0x10, 0},
	{0x42, 0x4355, 0x80, 0x10, 0},
	{0x42, 0x4356, 0x80, 0x10, 0},
	{0x42, 0x4357, 0x81, 0x10, 0},
	{0x42, 0x4358, 0x80, 0x10, 0},
	{0x42, 0x4359, 0x80, 0x10, 0},
	{0x42, 0x435A, 0x80, 0x10, 0},
	{0x42, 0x435B, 0x80, 0x10, 0},
	{0x42, 0x435C, 0x81, 0x10, 0},
	{0x42, 0x435D, 0x81, 0x10, 0},
	{0x42, 0x435E, 0x81, 0x10, 0},
	{0x42, 0x435F, 0x81, 0x10, 0},
	{0x42, 0x4360, 0x85, 0x10, 0},
	{0x42, 0x4361, 0x85, 0x10, 0},
	{0x42, 0x4362, 0x85, 0x10, 0},
	{0x42, 0x4363, 0x85, 0x10, 0},
	{0x42, 0x4364, 0x88, 0x10, 0},
	{0x42, 0x4365, 0x89, 0x10, 0},
	{0x42, 0x4366, 0x89, 0x10, 0},
	{0x42, 0x4367, 0x89, 0x10, 0},
	{0x42, 0x4368, 0x8D, 0x10, 0},
	{0x42, 0x4369, 0x8E, 0x10, 0},
	{0x42, 0x436A, 0x8E, 0x10, 0},
	{0x42, 0x436B, 0x8E, 0x10, 0},
	{0x42, 0x436C, 0x91, 0x10, 0},
	{0x42, 0x436D, 0x8E, 0x10, 0},
	{0x42, 0x436E, 0x8E, 0x10, 0},
	{0x42, 0x436F, 0x90, 0x10, 0},
	{0x42, 0x4370, 0x8A, 0x10, 0},
	{0x42, 0x4371, 0x89, 0x10, 0},
	{0x42, 0x4372, 0x89, 0x10, 0},
	{0x42, 0x4373, 0x8A, 0x10, 0},
	{0x42, 0x4374, 0x85, 0x10, 0},
	{0x42, 0x4375, 0x85, 0x10, 0},
	{0x42, 0x4376, 0x85, 0x10, 0},
	{0x42, 0x4377, 0x85, 0x10, 0},
	{0x42, 0x4378, 0x82, 0x10, 0},
	{0x42, 0x4379, 0x81, 0x10, 0},
	{0x42, 0x437A, 0x81, 0x10, 0},
	{0x42, 0x437B, 0x82, 0x10, 0},
	{0x42, 0x437C, 0x80, 0x10, 0},
	{0x42, 0x437D, 0x81, 0x10, 0},
	{0x42, 0x437E, 0x81, 0x10, 0},
	{0x42, 0x437F, 0x80, 0x10, 0},
	{0x42, 0x4380, 0x81, 0x10, 0},
	{0x42, 0x4381, 0x82, 0x10, 0},
	{0x42, 0x4382, 0x82, 0x10, 0},
	{0x42, 0x4383, 0x81, 0x10, 0},
	{0x42, 0x4384, 0x85, 0x10, 0},
	{0x42, 0x4385, 0x86, 0x10, 0},
	{0x42, 0x4386, 0x86, 0x10, 0},
	{0x42, 0x4387, 0x84, 0x10, 0},
	{0x42, 0x4388, 0x89, 0x10, 0},
	{0x42, 0x4389, 0x8A, 0x10, 0},
	{0x42, 0x438A, 0x8A, 0x10, 0},
	{0x42, 0x438B, 0x89, 0x10, 0},
	{0x42, 0x438C, 0x8F, 0x10, 0},
	{0x42, 0x438D, 0x8F, 0x10, 0},
	{0x42, 0x438E, 0x8F, 0x10, 0},
	{0x42, 0x438F, 0x8E, 0x10, 0},
	{0x42, 0x4390, 0x95, 0x10, 0},
	{0x42, 0x4391, 0x92, 0x10, 0},
	{0x42, 0x4392, 0x92, 0x10, 0},
	{0x42, 0x4393, 0x96, 0x10, 0},
	{0x42, 0x4394, 0x8D, 0x10, 0},
	{0x42, 0x4395, 0x8B, 0x10, 0},
	{0x42, 0x4396, 0x8C, 0x10, 0},
	{0x42, 0x4397, 0x8E, 0x10, 0},
	{0x42, 0x4398, 0x87, 0x10, 0},
	{0x42, 0x4399, 0x87, 0x10, 0},
	{0x42, 0x439A, 0x87, 0x10, 0},
	{0x42, 0x439B, 0x88, 0x10, 0},
	{0x42, 0x439C, 0x84, 0x10, 0},
	{0x42, 0x439D, 0x84, 0x10, 0},
	{0x42, 0x439E, 0x85, 0x10, 0},
	{0x42, 0x439F, 0x85, 0x10, 0},
	{0x42, 0x43A0, 0x82, 0x10, 0},
	{0x42, 0x43A1, 0x83, 0x10, 0},
	{0x42, 0x43A2, 0x83, 0x10, 0},
	{0x42, 0x43A3, 0x83, 0x10, 0},
	{0x42, 0x43A4, 0x83, 0x10, 0},
	{0x42, 0x43A5, 0x84, 0x10, 0},
	{0x42, 0x43A6, 0x84, 0x10, 0},
	{0x42, 0x43A7, 0x83, 0x10, 0},
	{0x42, 0x43A8, 0x86, 0x10, 0},
	{0x42, 0x43A9, 0x87, 0x10, 0},
	{0x42, 0x43AA, 0x87, 0x10, 0},
	{0x42, 0x43AB, 0x85, 0x10, 0},
	{0x42, 0x43AC, 0x8B, 0x10, 0},
	{0x42, 0x43AD, 0x8C, 0x10, 0},
	{0x42, 0x43AE, 0x8C, 0x10, 0},
	{0x42, 0x43AF, 0x8A, 0x10, 0},
	{0x42, 0x43B0, 0x93, 0x10, 0},
	{0x42, 0x43B1, 0x94, 0x10, 0},
	{0x42, 0x43B2, 0x94, 0x10, 0},
	{0x42, 0x43B3, 0x92, 0x10, 0},
	{0x42, 0x43B4, 0x99, 0x10, 0},
	{0x42, 0x43B5, 0x95, 0x10, 0},
	{0x42, 0x43B6, 0x95, 0x10, 0},
	{0x42, 0x43B7, 0x9A, 0x10, 0},
	{0x42, 0x43B8, 0x92, 0x10, 0},
	{0x42, 0x43B9, 0x90, 0x10, 0},
	{0x42, 0x43BA, 0x90, 0x10, 0},
	{0x42, 0x43BB, 0x94, 0x10, 0},
	{0x42, 0x43BC, 0x8C, 0x10, 0},
	{0x42, 0x43BD, 0x8B, 0x10, 0},
	{0x42, 0x43BE, 0x8B, 0x10, 0},
	{0x42, 0x43BF, 0x8C, 0x10, 0},
	{0x42, 0x43C0, 0x88, 0x10, 0},
	{0x42, 0x43C1, 0x8A, 0x10, 0},
	{0x42, 0x43C2, 0x8A, 0x10, 0},
	{0x42, 0x43C3, 0x8A, 0x10, 0},
	{0x42, 0x43C4, 0x87, 0x10, 0},
	{0x42, 0x43C5, 0x88, 0x10, 0},
	{0x42, 0x43C6, 0x88, 0x10, 0},
	{0x42, 0x43C7, 0x88, 0x10, 0},
	{0x42, 0x43C8, 0x86, 0x10, 0},
	{0x42, 0x43C9, 0x88, 0x10, 0},
	{0x42, 0x43CA, 0x88, 0x10, 0},
	{0x42, 0x43CB, 0x86, 0x10, 0},
	{0x42, 0x43CC, 0x87, 0x10, 0},
	{0x42, 0x43CD, 0x89, 0x10, 0},
	{0x42, 0x43CE, 0x89, 0x10, 0},
	{0x42, 0x43CF, 0x86, 0x10, 0},
	{0x42, 0x43D0, 0x8E, 0x10, 0},
	{0x42, 0x43D1, 0x8F, 0x10, 0},
	{0x42, 0x43D2, 0x90, 0x10, 0},
	{0x42, 0x43D3, 0x8D, 0x10, 0},
	{0x42, 0x43D4, 0x94, 0x10, 0},
	{0x42, 0x43D5, 0x94, 0x10, 0},
	{0x42, 0x43D6, 0x94, 0x10, 0},
	{0x42, 0x43D7, 0x92, 0x10, 0},
	{0x42, 0x4400, 0x80, 0x10, 0},
	{0x42, 0x4401, 0x80, 0x10, 0},
	{0x42, 0x4402, 0x80, 0x10, 0},
	{0x42, 0x4403, 0x80, 0x10, 0},
	{0x42, 0x4404, 0x80, 0x10, 0},
	{0x42, 0x4405, 0x80, 0x10, 0},
	{0x42, 0x4406, 0x80, 0x10, 0},
	{0x42, 0x4407, 0x80, 0x10, 0},
	{0x42, 0x4408, 0x80, 0x10, 0},
	{0x42, 0x4409, 0x80, 0x10, 0},
	{0x42, 0x440A, 0x80, 0x10, 0},
	{0x42, 0x440B, 0x80, 0x10, 0},
	{0x42, 0x440C, 0x80, 0x10, 0},
	{0x42, 0x440D, 0x80, 0x10, 0},
	{0x42, 0x440E, 0x80, 0x10, 0},
	{0x42, 0x440F, 0x80, 0x10, 0},
	{0x42, 0x4410, 0x80, 0x10, 0},
	{0x42, 0x4411, 0x80, 0x10, 0},
	{0x42, 0x4412, 0x80, 0x10, 0},
	{0x42, 0x4413, 0x80, 0x10, 0},
	{0x42, 0x4414, 0x80, 0x10, 0},
	{0x42, 0x4415, 0x80, 0x10, 0},
	{0x42, 0x4416, 0x80, 0x10, 0},
	{0x42, 0x4417, 0x80, 0x10, 0},
	{0x42, 0x4418, 0x80, 0x10, 0},
	{0x42, 0x4419, 0x80, 0x10, 0},
	{0x42, 0x441A, 0x80, 0x10, 0},
	{0x42, 0x441B, 0x80, 0x10, 0},
	{0x42, 0x441C, 0x80, 0x10, 0},
	{0x42, 0x441D, 0x80, 0x10, 0},
	{0x42, 0x441E, 0x80, 0x10, 0},
	{0x42, 0x441F, 0x80, 0x10, 0},
	{0x42, 0x4420, 0x80, 0x10, 0},
	{0x42, 0x4421, 0x80, 0x10, 0},
	{0x42, 0x4422, 0x80, 0x10, 0},
	{0x42, 0x4423, 0x80, 0x10, 0},
	{0x42, 0x4424, 0x80, 0x10, 0},
	{0x42, 0x4425, 0x80, 0x10, 0},
	{0x42, 0x4426, 0x80, 0x10, 0},
	{0x42, 0x4427, 0x80, 0x10, 0},
	{0x42, 0x4428, 0x80, 0x10, 0},
	{0x42, 0x4429, 0x80, 0x10, 0},
	{0x42, 0x442A, 0x80, 0x10, 0},
	{0x42, 0x442B, 0x80, 0x10, 0},
	{0x42, 0x442C, 0x80, 0x10, 0},
	{0x42, 0x442D, 0x80, 0x10, 0},
	{0x42, 0x442E, 0x80, 0x10, 0},
	{0x42, 0x442F, 0x80, 0x10, 0},
	{0x42, 0x4430, 0x80, 0x10, 0},
	{0x42, 0x4431, 0x80, 0x10, 0},
	{0x42, 0x4432, 0x80, 0x10, 0},
	{0x42, 0x4433, 0x80, 0x10, 0},
	{0x42, 0x4434, 0x80, 0x10, 0},
	{0x42, 0x4435, 0x80, 0x10, 0},
	{0x42, 0x4436, 0x80, 0x10, 0},
	{0x42, 0x4437, 0x80, 0x10, 0},
	{0x42, 0x4438, 0x80, 0x10, 0},
	{0x42, 0x4439, 0x80, 0x10, 0},
	{0x42, 0x443A, 0x80, 0x10, 0},
	{0x42, 0x443B, 0x80, 0x10, 0},
	{0x42, 0x443C, 0x80, 0x10, 0},
	{0x42, 0x443D, 0x80, 0x10, 0},
	{0x42, 0x443E, 0x80, 0x10, 0},
	{0x42, 0x443F, 0x80, 0x10, 0},
	{0x42, 0x4440, 0x80, 0x10, 0},
	{0x42, 0x4441, 0x80, 0x10, 0},
	{0x42, 0x4442, 0x80, 0x10, 0},
	{0x42, 0x4443, 0x80, 0x10, 0},
	{0x42, 0x4444, 0x80, 0x10, 0},
	{0x42, 0x4445, 0x80, 0x10, 0},
	{0x42, 0x4446, 0x80, 0x10, 0},
	{0x42, 0x4447, 0x80, 0x10, 0},
	{0x42, 0x4448, 0x80, 0x10, 0},
	{0x42, 0x4449, 0x80, 0x10, 0},
	{0x42, 0x444A, 0x80, 0x10, 0},
	{0x42, 0x444B, 0x80, 0x10, 0},
	{0x42, 0x444C, 0x80, 0x10, 0},
	{0x42, 0x444D, 0x80, 0x10, 0},
	{0x42, 0x444E, 0x80, 0x10, 0},
	{0x42, 0x444F, 0x80, 0x10, 0},
	{0x42, 0x4450, 0x80, 0x10, 0},
	{0x42, 0x4451, 0x80, 0x10, 0},
	{0x42, 0x4452, 0x80, 0x10, 0},
	{0x42, 0x4453, 0x80, 0x10, 0},
	{0x42, 0x4454, 0x80, 0x10, 0},
	{0x42, 0x4455, 0x80, 0x10, 0},
	{0x42, 0x4456, 0x80, 0x10, 0},
	{0x42, 0x4457, 0x80, 0x10, 0},
	{0x42, 0x4458, 0x80, 0x10, 0},
	{0x42, 0x4459, 0x80, 0x10, 0},
	{0x42, 0x445A, 0x80, 0x10, 0},
	{0x42, 0x445B, 0x80, 0x10, 0},
	{0x42, 0x445C, 0x80, 0x10, 0},
	{0x42, 0x445D, 0x80, 0x10, 0},
	{0x42, 0x445E, 0x80, 0x10, 0},
	{0x42, 0x445F, 0x80, 0x10, 0},
	{0x42, 0x4460, 0x80, 0x10, 0},
	{0x42, 0x4461, 0x80, 0x10, 0},
	{0x42, 0x4462, 0x80, 0x10, 0},
	{0x42, 0x4463, 0x80, 0x10, 0},
	{0x42, 0x4464, 0x80, 0x10, 0},
	{0x42, 0x4465, 0x80, 0x10, 0},
	{0x42, 0x4466, 0x80, 0x10, 0},
	{0x42, 0x4467, 0x80, 0x10, 0},
	{0x42, 0x4468, 0x80, 0x10, 0},
	{0x42, 0x4469, 0x80, 0x10, 0},
	{0x42, 0x446A, 0x80, 0x10, 0},
	{0x42, 0x446B, 0x80, 0x10, 0},
	{0x42, 0x446C, 0x80, 0x10, 0},
	{0x42, 0x446D, 0x80, 0x10, 0},
	{0x42, 0x446E, 0x80, 0x10, 0},
	{0x42, 0x446F, 0x80, 0x10, 0},
	{0x42, 0x4470, 0x80, 0x10, 0},
	{0x42, 0x4471, 0x80, 0x10, 0},
	{0x42, 0x4472, 0x80, 0x10, 0},
	{0x42, 0x4473, 0x80, 0x10, 0},
	{0x42, 0x4474, 0x80, 0x10, 0},
	{0x42, 0x4475, 0x80, 0x10, 0},
	{0x42, 0x4476, 0x80, 0x10, 0},
	{0x42, 0x4477, 0x80, 0x10, 0},
	{0x42, 0x4478, 0x80, 0x10, 0},
	{0x42, 0x4479, 0x80, 0x10, 0},
	{0x42, 0x447A, 0x80, 0x10, 0},
	{0x42, 0x447B, 0x80, 0x10, 0},
	{0x42, 0x447C, 0x80, 0x10, 0},
	{0x42, 0x447D, 0x80, 0x10, 0},
	{0x42, 0x447E, 0x80, 0x10, 0},
	{0x42, 0x447F, 0x80, 0x10, 0},
	{0x42, 0x4480, 0x80, 0x10, 0},
	{0x42, 0x4481, 0x80, 0x10, 0},
	{0x42, 0x4482, 0x80, 0x10, 0},
	{0x42, 0x4483, 0x80, 0x10, 0},
	{0x42, 0x4484, 0x80, 0x10, 0},
	{0x42, 0x4485, 0x80, 0x10, 0},
	{0x42, 0x4486, 0x80, 0x10, 0},
	{0x42, 0x4487, 0x80, 0x10, 0},
	{0x42, 0x4488, 0x80, 0x10, 0},
	{0x42, 0x4489, 0x80, 0x10, 0},
	{0x42, 0x448A, 0x80, 0x10, 0},
	{0x42, 0x448B, 0x80, 0x10, 0},
	{0x42, 0x448C, 0x80, 0x10, 0},
	{0x42, 0x448D, 0x80, 0x10, 0},
	{0x42, 0x448E, 0x80, 0x10, 0},
	{0x42, 0x448F, 0x80, 0x10, 0},
	{0x42, 0x4490, 0x80, 0x10, 0},
	{0x42, 0x4491, 0x80, 0x10, 0},
	{0x42, 0x4492, 0x80, 0x10, 0},
	{0x42, 0x4493, 0x80, 0x10, 0},
	{0x42, 0x4494, 0x80, 0x10, 0},
	{0x42, 0x4495, 0x80, 0x10, 0},
	{0x42, 0x4496, 0x80, 0x10, 0},
	{0x42, 0x4497, 0x80, 0x10, 0},
	{0x42, 0x4498, 0x80, 0x10, 0},
	{0x42, 0x4499, 0x80, 0x10, 0},
	{0x42, 0x449A, 0x80, 0x10, 0},
	{0x42, 0x449B, 0x80, 0x10, 0},
	{0x42, 0x449C, 0x80, 0x10, 0},
	{0x42, 0x449D, 0x80, 0x10, 0},
	{0x42, 0x449E, 0x80, 0x10, 0},
	{0x42, 0x449F, 0x80, 0x10, 0},
	{0x42, 0x44A0, 0x80, 0x10, 0},
	{0x42, 0x44A1, 0x80, 0x10, 0},
	{0x42, 0x44A2, 0x80, 0x10, 0},
	{0x42, 0x44A3, 0x80, 0x10, 0},
	{0x42, 0x44A4, 0x80, 0x10, 0},
	{0x42, 0x44A5, 0x80, 0x10, 0},
	{0x42, 0x44A6, 0x80, 0x10, 0},
	{0x42, 0x44A7, 0x80, 0x10, 0},
	{0x42, 0x44A8, 0x80, 0x10, 0},
	{0x42, 0x44A9, 0x80, 0x10, 0},
	{0x42, 0x44AA, 0x80, 0x10, 0},
	{0x42, 0x44AB, 0x80, 0x10, 0},
	{0x42, 0x44AC, 0x80, 0x10, 0},
	{0x42, 0x44AD, 0x80, 0x10, 0},
	{0x42, 0x44AE, 0x80, 0x10, 0},
	{0x42, 0x44AF, 0x80, 0x10, 0},
	{0x42, 0x44B0, 0x80, 0x10, 0},
	{0x42, 0x44B1, 0x80, 0x10, 0},
	{0x42, 0x44B2, 0x80, 0x10, 0},
	{0x42, 0x44B3, 0x80, 0x10, 0},
	{0x42, 0x44B4, 0x80, 0x10, 0},
	{0x42, 0x44B5, 0x80, 0x10, 0},
	{0x42, 0x44B6, 0x80, 0x10, 0},
	{0x42, 0x44B7, 0x80, 0x10, 0},
	{0x42, 0x44B8, 0x80, 0x10, 0},
	{0x42, 0x44B9, 0x80, 0x10, 0},
	{0x42, 0x44BA, 0x80, 0x10, 0},
	{0x42, 0x44BB, 0x80, 0x10, 0},
	{0x42, 0x44BC, 0x80, 0x10, 0},
	{0x42, 0x44BD, 0x80, 0x10, 0},
	{0x42, 0x44BE, 0x80, 0x10, 0},
	{0x42, 0x44BF, 0x80, 0x10, 0},
	{0x42, 0x44C0, 0x80, 0x10, 0},
	{0x42, 0x44C1, 0x80, 0x10, 0},
	{0x42, 0x44C2, 0x80, 0x10, 0},
	{0x42, 0x44C3, 0x80, 0x10, 0},
	{0x42, 0x44C4, 0x80, 0x10, 0},
	{0x42, 0x44C5, 0x80, 0x10, 0},
	{0x42, 0x44C6, 0x80, 0x10, 0},
	{0x42, 0x44C7, 0x80, 0x10, 0},
	{0x42, 0x44C8, 0x80, 0x10, 0},
	{0x42, 0x44C9, 0x80, 0x10, 0},
	{0x42, 0x44CA, 0x80, 0x10, 0},
	{0x42, 0x44CB, 0x80, 0x10, 0},
	{0x42, 0x44CC, 0x80, 0x10, 0},
	{0x42, 0x44CD, 0x80, 0x10, 0},
	{0x42, 0x44CE, 0x80, 0x10, 0},
	{0x42, 0x44CF, 0x80, 0x10, 0},
	{0x42, 0x44D0, 0x80, 0x10, 0},
	{0x42, 0x44D1, 0x80, 0x10, 0},
	{0x42, 0x44D2, 0x80, 0x10, 0},
	{0x42, 0x44D3, 0x80, 0x10, 0},
	{0x42, 0x44D4, 0x80, 0x10, 0},
	{0x42, 0x44D5, 0x80, 0x10, 0},
	{0x42, 0x44D6, 0x80, 0x10, 0},
	{0x42, 0x44D7, 0x80, 0x10, 0},
	{0x42, 0x4500, 0x80, 0x10, 0},
	{0x42, 0x4501, 0x80, 0x10, 0},
	{0x42, 0x4502, 0x80, 0x10, 0},
	{0x42, 0x4503, 0x80, 0x10, 0},
	{0x42, 0x4504, 0x80, 0x10, 0},
	{0x42, 0x4505, 0x80, 0x10, 0},
	{0x42, 0x4506, 0x80, 0x10, 0},
	{0x42, 0x4507, 0x80, 0x10, 0},
	{0x42, 0x4508, 0x80, 0x10, 0},
	{0x42, 0x4509, 0x80, 0x10, 0},
	{0x42, 0x450A, 0x80, 0x10, 0},
	{0x42, 0x450B, 0x80, 0x10, 0},
	{0x42, 0x450C, 0x80, 0x10, 0},
	{0x42, 0x450D, 0x80, 0x10, 0},
	{0x42, 0x450E, 0x80, 0x10, 0},
	{0x42, 0x450F, 0x80, 0x10, 0},
	{0x42, 0x4510, 0x80, 0x10, 0},
	{0x42, 0x4511, 0x80, 0x10, 0},
	{0x42, 0x4512, 0x80, 0x10, 0},
	{0x42, 0x4513, 0x80, 0x10, 0},
	{0x42, 0x4514, 0x80, 0x10, 0},
	{0x42, 0x4515, 0x80, 0x10, 0},
	{0x42, 0x4516, 0x80, 0x10, 0},
	{0x42, 0x4517, 0x80, 0x10, 0},
	{0x42, 0x4518, 0x80, 0x10, 0},
	{0x42, 0x4519, 0x80, 0x10, 0},
	{0x42, 0x451A, 0x80, 0x10, 0},
	{0x42, 0x451B, 0x80, 0x10, 0},
	{0x42, 0x451C, 0x80, 0x10, 0},
	{0x42, 0x451D, 0x80, 0x10, 0},
	{0x42, 0x451E, 0x80, 0x10, 0},
	{0x42, 0x451F, 0x80, 0x10, 0},
	{0x42, 0x4520, 0x80, 0x10, 0},
	{0x42, 0x4521, 0x80, 0x10, 0},
	{0x42, 0x4522, 0x80, 0x10, 0},
	{0x42, 0x4523, 0x80, 0x10, 0},
	{0x42, 0x4524, 0x80, 0x10, 0},
	{0x42, 0x4525, 0x80, 0x10, 0},
	{0x42, 0x4526, 0x80, 0x10, 0},
	{0x42, 0x4527, 0x80, 0x10, 0},
	{0x42, 0x4528, 0x80, 0x10, 0},
	{0x42, 0x4529, 0x80, 0x10, 0},
	{0x42, 0x452A, 0x80, 0x10, 0},
	{0x42, 0x452B, 0x80, 0x10, 0},
	{0x42, 0x452C, 0x80, 0x10, 0},
	{0x42, 0x452D, 0x80, 0x10, 0},
	{0x42, 0x452E, 0x80, 0x10, 0},
	{0x42, 0x452F, 0x80, 0x10, 0},
	{0x42, 0x4530, 0x80, 0x10, 0},
	{0x42, 0x4531, 0x80, 0x10, 0},
	{0x42, 0x4532, 0x80, 0x10, 0},
	{0x42, 0x4533, 0x80, 0x10, 0},
	{0x42, 0x4534, 0x80, 0x10, 0},
	{0x42, 0x4535, 0x80, 0x10, 0},
	{0x42, 0x4536, 0x80, 0x10, 0},
	{0x42, 0x4537, 0x80, 0x10, 0},
	{0x42, 0x4538, 0x80, 0x10, 0},
	{0x42, 0x4539, 0x80, 0x10, 0},
	{0x42, 0x453A, 0x80, 0x10, 0},
	{0x42, 0x453B, 0x80, 0x10, 0},
	{0x42, 0x453C, 0x80, 0x10, 0},
	{0x42, 0x453D, 0x80, 0x10, 0},
	{0x42, 0x453E, 0x80, 0x10, 0},
	{0x42, 0x453F, 0x80, 0x10, 0},
	{0x42, 0x4540, 0x80, 0x10, 0},
	{0x42, 0x4541, 0x80, 0x10, 0},
	{0x42, 0x4542, 0x80, 0x10, 0},
	{0x42, 0x4543, 0x80, 0x10, 0},
	{0x42, 0x4544, 0x80, 0x10, 0},
	{0x42, 0x4545, 0x80, 0x10, 0},
	{0x42, 0x4546, 0x80, 0x10, 0},
	{0x42, 0x4547, 0x80, 0x10, 0},
	{0x42, 0x4548, 0x80, 0x10, 0},
	{0x42, 0x4549, 0x80, 0x10, 0},
	{0x42, 0x454A, 0x80, 0x10, 0},
	{0x42, 0x454B, 0x80, 0x10, 0},
	{0x42, 0x454C, 0x80, 0x10, 0},
	{0x42, 0x454D, 0x80, 0x10, 0},
	{0x42, 0x454E, 0x80, 0x10, 0},
	{0x42, 0x454F, 0x80, 0x10, 0},
	{0x42, 0x4550, 0x80, 0x10, 0},
	{0x42, 0x4551, 0x80, 0x10, 0},
	{0x42, 0x4552, 0x80, 0x10, 0},
	{0x42, 0x4553, 0x80, 0x10, 0},
	{0x42, 0x4554, 0x80, 0x10, 0},
	{0x42, 0x4555, 0x80, 0x10, 0},
	{0x42, 0x4556, 0x80, 0x10, 0},
	{0x42, 0x4557, 0x80, 0x10, 0},
	{0x42, 0x4558, 0x80, 0x10, 0},
	{0x42, 0x4559, 0x80, 0x10, 0},
	{0x42, 0x455A, 0x80, 0x10, 0},
	{0x42, 0x455B, 0x80, 0x10, 0},
	{0x42, 0x455C, 0x80, 0x10, 0},
	{0x42, 0x455D, 0x80, 0x10, 0},
	{0x42, 0x455E, 0x80, 0x10, 0},
	{0x42, 0x455F, 0x80, 0x10, 0},
	{0x42, 0x4560, 0x80, 0x10, 0},
	{0x42, 0x4561, 0x80, 0x10, 0},
	{0x42, 0x4562, 0x80, 0x10, 0},
	{0x42, 0x4563, 0x80, 0x10, 0},
	{0x42, 0x4564, 0x80, 0x10, 0},
	{0x42, 0x4565, 0x80, 0x10, 0},
	{0x42, 0x4566, 0x80, 0x10, 0},
	{0x42, 0x4567, 0x80, 0x10, 0},
	{0x42, 0x4568, 0x80, 0x10, 0},
	{0x42, 0x4569, 0x80, 0x10, 0},
	{0x42, 0x456A, 0x80, 0x10, 0},
	{0x42, 0x456B, 0x80, 0x10, 0},
	{0x42, 0x456C, 0x80, 0x10, 0},
	{0x42, 0x456D, 0x80, 0x10, 0},
	{0x42, 0x456E, 0x80, 0x10, 0},
	{0x42, 0x456F, 0x80, 0x10, 0},
	{0x42, 0x4570, 0x80, 0x10, 0},
	{0x42, 0x4571, 0x80, 0x10, 0},
	{0x42, 0x4572, 0x80, 0x10, 0},
	{0x42, 0x4573, 0x80, 0x10, 0},
	{0x42, 0x4574, 0x80, 0x10, 0},
	{0x42, 0x4575, 0x80, 0x10, 0},
	{0x42, 0x4576, 0x80, 0x10, 0},
	{0x42, 0x4577, 0x80, 0x10, 0},
	{0x42, 0x4578, 0x80, 0x10, 0},
	{0x42, 0x4579, 0x80, 0x10, 0},
	{0x42, 0x457A, 0x80, 0x10, 0},
	{0x42, 0x457B, 0x80, 0x10, 0},
	{0x42, 0x457C, 0x80, 0x10, 0},
	{0x42, 0x457D, 0x80, 0x10, 0},
	{0x42, 0x457E, 0x80, 0x10, 0},
	{0x42, 0x457F, 0x80, 0x10, 0},
	{0x42, 0x4580, 0x80, 0x10, 0},
	{0x42, 0x4581, 0x80, 0x10, 0},
	{0x42, 0x4582, 0x80, 0x10, 0},
	{0x42, 0x4583, 0x80, 0x10, 0},
	{0x42, 0x4584, 0x80, 0x10, 0},
	{0x42, 0x4585, 0x80, 0x10, 0},
	{0x42, 0x4586, 0x80, 0x10, 0},
	{0x42, 0x4587, 0x80, 0x10, 0},
	{0x42, 0x4588, 0x80, 0x10, 0},
	{0x42, 0x4589, 0x80, 0x10, 0},
	{0x42, 0x458A, 0x80, 0x10, 0},
	{0x42, 0x458B, 0x80, 0x10, 0},
	{0x42, 0x458C, 0x80, 0x10, 0},
	{0x42, 0x458D, 0x80, 0x10, 0},
	{0x42, 0x458E, 0x80, 0x10, 0},
	{0x42, 0x458F, 0x80, 0x10, 0},
	{0x42, 0x4590, 0x80, 0x10, 0},
	{0x42, 0x4591, 0x80, 0x10, 0},
	{0x42, 0x4592, 0x80, 0x10, 0},
	{0x42, 0x4593, 0x80, 0x10, 0},
	{0x42, 0x4594, 0x80, 0x10, 0},
	{0x42, 0x4595, 0x80, 0x10, 0},
	{0x42, 0x4596, 0x80, 0x10, 0},
	{0x42, 0x4597, 0x80, 0x10, 0},
	{0x42, 0x4598, 0x80, 0x10, 0},
	{0x42, 0x4599, 0x80, 0x10, 0},
	{0x42, 0x459A, 0x80, 0x10, 0},
	{0x42, 0x459B, 0x80, 0x10, 0},
	{0x42, 0x459C, 0x80, 0x10, 0},
	{0x42, 0x459D, 0x80, 0x10, 0},
	{0x42, 0x459E, 0x80, 0x10, 0},
	{0x42, 0x459F, 0x80, 0x10, 0},
	{0x42, 0x45A0, 0x80, 0x10, 0},
	{0x42, 0x45A1, 0x80, 0x10, 0},
	{0x42, 0x45A2, 0x80, 0x10, 0},
	{0x42, 0x45A3, 0x80, 0x10, 0},
	{0x42, 0x45A4, 0x80, 0x10, 0},
	{0x42, 0x45A5, 0x80, 0x10, 0},
	{0x42, 0x45A6, 0x80, 0x10, 0},
	{0x42, 0x45A7, 0x80, 0x10, 0},
	{0x42, 0x45A8, 0x80, 0x10, 0},
	{0x42, 0x45A9, 0x80, 0x10, 0},
	{0x42, 0x45AA, 0x80, 0x10, 0},
	{0x42, 0x45AB, 0x80, 0x10, 0},
	{0x42, 0x45AC, 0x80, 0x10, 0},
	{0x42, 0x45AD, 0x80, 0x10, 0},
	{0x42, 0x45AE, 0x80, 0x10, 0},
	{0x42, 0x45AF, 0x80, 0x10, 0},
	{0x42, 0x45B0, 0x80, 0x10, 0},
	{0x42, 0x45B1, 0x80, 0x10, 0},
	{0x42, 0x45B2, 0x80, 0x10, 0},
	{0x42, 0x45B3, 0x80, 0x10, 0},
	{0x42, 0x45B4, 0x80, 0x10, 0},
	{0x42, 0x45B5, 0x80, 0x10, 0},
	{0x42, 0x45B6, 0x80, 0x10, 0},
	{0x42, 0x45B7, 0x80, 0x10, 0},
	{0x42, 0x45B8, 0x80, 0x10, 0},
	{0x42, 0x45B9, 0x80, 0x10, 0},
	{0x42, 0x45BA, 0x80, 0x10, 0},
	{0x42, 0x45BB, 0x80, 0x10, 0},
	{0x42, 0x45BC, 0x80, 0x10, 0},
	{0x42, 0x45BD, 0x80, 0x10, 0},
	{0x42, 0x45BE, 0x80, 0x10, 0},
	{0x42, 0x45BF, 0x80, 0x10, 0},
	{0x42, 0x45C0, 0x80, 0x10, 0},
	{0x42, 0x45C1, 0x80, 0x10, 0},
	{0x42, 0x45C2, 0x80, 0x10, 0},
	{0x42, 0x45C3, 0x80, 0x10, 0},
	{0x42, 0x45C4, 0x80, 0x10, 0},
	{0x42, 0x45C5, 0x80, 0x10, 0},
	{0x42, 0x45C6, 0x80, 0x10, 0},
	{0x42, 0x45C7, 0x80, 0x10, 0},
	{0x42, 0x45C8, 0x80, 0x10, 0},
	{0x42, 0x45C9, 0x80, 0x10, 0},
	{0x42, 0x45CA, 0x80, 0x10, 0},
	{0x42, 0x45CB, 0x80, 0x10, 0},
	{0x42, 0x45CC, 0x80, 0x10, 0},
	{0x42, 0x45CD, 0x80, 0x10, 0},
	{0x42, 0x45CE, 0x80, 0x10, 0},
	{0x42, 0x45CF, 0x80, 0x10, 0},
	{0x42, 0x45D0, 0x80, 0x10, 0},
	{0x42, 0x45D1, 0x80, 0x10, 0},
	{0x42, 0x45D2, 0x80, 0x10, 0},
	{0x42, 0x45D3, 0x80, 0x10, 0},
	{0x42, 0x45D4, 0x80, 0x10, 0},
	{0x42, 0x45D5, 0x80, 0x10, 0},
	{0x42, 0x45D6, 0x80, 0x10, 0},
	{0x42, 0x45D7, 0x80, 0x10, 0},
	{0x42, 0x7000, 0xAB, 0x10, 0},
	{0x42, 0x7001, 0xBA, 0x10, 0},
	{0x42, 0x7002, 0x40, 0x10, 0},
	{0x42, 0x7003, 0x02, 0x10, 0},
	{0x42, 0x7004, 0x00, 0x10, 0},
	{0x42, 0x7005, 0x00, 0x10, 0},
	{0x42, 0x7006, 0x00, 0x10, 0},
	{0x42, 0x7007, 0x00, 0x10, 0},
	{0x42, 0x7008, 0x00, 0x10, 0},
	{0x42, 0x7009, 0x00, 0x10, 0},
	{0x42, 0x700A, 0x00, 0x10, 0},
	{0x42, 0x700B, 0x00, 0x10, 0},
	{0x42, 0x700C, 0x00, 0x10, 0},
	{0x42, 0x700D, 0x00, 0x10, 0},
	{0x42, 0x700E, 0x00, 0x10, 0},
	{0x42, 0x700F, 0x00, 0x10, 0},
	{0x42, 0x7010, 0x55, 0x10, 0},
	{0x42, 0x7011, 0x88, 0x10, 0},
	{0x42, 0x7012, 0x40, 0x10, 0},
	{0x42, 0x7013, 0x01, 0x10, 0},
	{0x42, 0x7014, 0x72, 0x10, 0},
	{0x42, 0x7015, 0xF1, 0x10, 0},
	{0x42, 0x7016, 0x02, 0x10, 0},
	{0x42, 0x7017, 0xF8, 0x10, 0},
	{0x42, 0x7018, 0x00, 0x10, 0},
	{0x42, 0x7019, 0x00, 0x10, 0},
	{0x42, 0x701A, 0x00, 0x10, 0},
	{0x42, 0x701B, 0x00, 0x10, 0},
	{0x42, 0x701C, 0x00, 0x10, 0},
	{0x42, 0x701D, 0x00, 0x10, 0},
	{0x42, 0x701E, 0x00, 0x10, 0},
	{0x42, 0x701F, 0x00, 0x10, 0},
	{0x42, 0x7020, 0x00, 0x10, 0},
	{0x42, 0x7021, 0x00, 0x10, 0},
	{0x42, 0x7022, 0x00, 0x10, 0},
	{0x42, 0x7023, 0x00, 0x10, 0},
	{0x42, 0x7024, 0x00, 0x10, 0},
	{0x42, 0x7025, 0x00, 0x10, 0},
	{0x42, 0x7026, 0x00, 0x10, 0},
	{0x42, 0x7027, 0x00, 0x10, 0},
	{0x42, 0x7028, 0x00, 0x10, 0},
	{0x42, 0x7029, 0x00, 0x10, 0},
	{0x42, 0x702A, 0x00, 0x10, 0},
	{0x42, 0x702B, 0x00, 0x10, 0},
	{0x42, 0x702C, 0x00, 0x10, 0},
	{0x42, 0x702D, 0x00, 0x10, 0},
	{0x42, 0x702E, 0x00, 0x10, 0},
	{0x42, 0x702F, 0x00, 0x10, 0},
	{0x42, 0x7030, 0x00, 0x10, 0},
	{0x42, 0x7031, 0x00, 0x10, 0},
	{0x42, 0x7032, 0x00, 0x10, 0},
	{0x42, 0x7033, 0x00, 0x10, 0},
	{0x42, 0x7034, 0x00, 0x10, 0},
	{0x42, 0x7035, 0x00, 0x10, 0},
	{0x42, 0x7036, 0x00, 0x10, 0},
	{0x42, 0x7037, 0x00, 0x10, 0},
	{0x42, 0x7038, 0x00, 0x10, 0},
	{0x42, 0x7039, 0x00, 0x10, 0},
	{0x42, 0x703A, 0x00, 0x10, 0},
	{0x42, 0x703B, 0x00, 0x10, 0},
	{0x42, 0x703C, 0x00, 0x10, 0},
	{0x42, 0x703D, 0x00, 0x10, 0},
	{0x42, 0x703E, 0x00, 0x10, 0},
	{0x42, 0x703F, 0x00, 0x10, 0},
	{0x42, 0x7040, 0x00, 0x10, 0},
	{0x42, 0x7041, 0x00, 0x10, 0},
	{0x42, 0x7042, 0x00, 0x10, 0},
	{0x42, 0x7043, 0x00, 0x10, 0},
	{0x42, 0x7044, 0x00, 0x10, 0},
	{0x42, 0x7045, 0x00, 0x10, 0},
	{0x42, 0x7046, 0x00, 0x10, 0},
	{0x42, 0x7047, 0x00, 0x10, 0},
	{0x42, 0x7048, 0x00, 0x10, 0},
	{0x42, 0x7049, 0x00, 0x10, 0},
	{0x42, 0x704A, 0x00, 0x10, 0},
	{0x42, 0x704B, 0x00, 0x10, 0},
	{0x42, 0x704C, 0x00, 0x10, 0},
	{0x42, 0x704D, 0x00, 0x10, 0},
	{0x42, 0x704E, 0x00, 0x10, 0},
	{0x42, 0x704F, 0x00, 0x10, 0},
	{0x42, 0x7050, 0x00, 0x10, 0},
	{0x42, 0x7051, 0x00, 0x10, 0},
	{0x42, 0x7052, 0x00, 0x10, 0},
	{0x42, 0x7053, 0x00, 0x10, 0},
	{0x42, 0x7054, 0x00, 0x10, 0},
	{0x42, 0x7055, 0x00, 0x10, 0},
	{0x42, 0x7056, 0x00, 0x10, 0},
	{0x42, 0x7057, 0x00, 0x10, 0},
	{0x42, 0x7058, 0x00, 0x10, 0},
	{0x42, 0x7059, 0x00, 0x10, 0},
	{0x42, 0x705A, 0x00, 0x10, 0},
	{0x42, 0x705B, 0x00, 0x10, 0},
	{0x42, 0x705C, 0x00, 0x10, 0},
	{0x42, 0x705D, 0x00, 0x10, 0},
	{0x42, 0x705E, 0x00, 0x10, 0},
	{0x42, 0x705F, 0x00, 0x10, 0},
	{0x42, 0x7060, 0x00, 0x10, 0},
	{0x42, 0x7061, 0x00, 0x10, 0},
	{0x42, 0x7062, 0x00, 0x10, 0},
	{0x42, 0x7063, 0x00, 0x10, 0},
	{0x42, 0x7064, 0x00, 0x10, 0},
	{0x42, 0x7065, 0x00, 0x10, 0},
	{0x42, 0x7066, 0x00, 0x10, 0},
	{0x42, 0x7067, 0x00, 0x10, 0},
	{0x42, 0x7068, 0x00, 0x10, 0},
	{0x42, 0x7069, 0x00, 0x10, 0},
	{0x42, 0x706A, 0x00, 0x10, 0},
	{0x42, 0x706B, 0x00, 0x10, 0},
	{0x42, 0x706C, 0x00, 0x10, 0},
	{0x42, 0x706D, 0x00, 0x10, 0},
	{0x42, 0x706E, 0x00, 0x10, 0},
	{0x42, 0x706F, 0x00, 0x10, 0},
	{0x42, 0x7070, 0x00, 0x10, 0},
	{0x42, 0x7071, 0x00, 0x10, 0},
	{0x42, 0x7072, 0x00, 0x10, 0},
	{0x42, 0x7073, 0x00, 0x10, 0},
	{0x42, 0x7074, 0x00, 0x10, 0},
	{0x42, 0x7075, 0x00, 0x10, 0},
	{0x42, 0x7076, 0x00, 0x10, 0},
	{0x42, 0x7077, 0x00, 0x10, 0},
	{0x42, 0x7078, 0x00, 0x10, 0},
	{0x42, 0x7079, 0x00, 0x10, 0},
	{0x42, 0x707A, 0x00, 0x10, 0},
	{0x42, 0x707B, 0x00, 0x10, 0},
	{0x42, 0x707C, 0x00, 0x10, 0},
	{0x42, 0x707D, 0x00, 0x10, 0},
	{0x42, 0x707E, 0x00, 0x10, 0},
	{0x42, 0x707F, 0x00, 0x10, 0},
	{0x42, 0x7080, 0x00, 0x10, 0},
	{0x42, 0x7081, 0x00, 0x10, 0},
	{0x42, 0x7082, 0x00, 0x10, 0},
	{0x42, 0x7083, 0x00, 0x10, 0},
	{0x42, 0x7084, 0x00, 0x10, 0},
	{0x42, 0x7085, 0x00, 0x10, 0},
	{0x42, 0x7086, 0x00, 0x10, 0},
	{0x42, 0x7087, 0x00, 0x10, 0},
	{0x42, 0x7088, 0x00, 0x10, 0},
	{0x42, 0x7089, 0x00, 0x10, 0},
	{0x42, 0x708A, 0x00, 0x10, 0},
	{0x42, 0x708B, 0x00, 0x10, 0},
	{0x42, 0x708C, 0x00, 0x10, 0},
	{0x42, 0x708D, 0x00, 0x10, 0},
	{0x42, 0x708E, 0x00, 0x10, 0},
	{0x42, 0x708F, 0x00, 0x10, 0},
	{0x42, 0x7090, 0x00, 0x10, 0},
	{0x42, 0x7091, 0xF0, 0x10, 0},
	{0x42, 0x7092, 0x02, 0x10, 0},
	{0x42, 0x7093, 0xF8, 0x10, 0},
	{0x42, 0x7094, 0x8D, 0x10, 0},
	{0x42, 0x7095, 0xF6, 0x10, 0},
	{0x42, 0x7096, 0xFA, 0x10, 0},
	{0x42, 0x7097, 0xFF, 0x10, 0},
	{0x42, 0x7098, 0xF0, 0x10, 0},
	{0x42, 0x7099, 0xB5, 0x10, 0},
	{0x42, 0x709A, 0x04, 0x10, 0},
	{0x42, 0x709B, 0x46, 0x10, 0},
	{0x42, 0x709C, 0x8F, 0x10, 0},
	{0x42, 0x709D, 0xB0, 0x10, 0},
	{0x42, 0x709E, 0x5F, 0x10, 0},
	{0x42, 0x709F, 0x48, 0x10, 0},
	{0x42, 0x70A0, 0x0C, 0x10, 0},
	{0x42, 0x70A1, 0x90, 0x10, 0},
	{0x42, 0x70A2, 0x5F, 0x10, 0},
	{0x42, 0x70A3, 0x48, 0x10, 0},
	{0x42, 0x70A4, 0x06, 0x10, 0},
	{0x42, 0x70A5, 0x90, 0x10, 0},
	{0x42, 0x70A6, 0x20, 0x10, 0},
	{0x42, 0x70A7, 0x46, 0x10, 0},
	{0x42, 0x70A8, 0x34, 0x10, 0},
	{0x42, 0x70A9, 0x30, 0x10, 0},
	{0x42, 0x70AA, 0x0B, 0x10, 0},
	{0x42, 0x70AB, 0x90, 0x10, 0},
	{0x42, 0x70AC, 0x5B, 0x10, 0},
	{0x42, 0x70AD, 0x48, 0x10, 0},
	{0x42, 0x70AE, 0x5A, 0x10, 0},
	{0x42, 0x70AF, 0x49, 0x10, 0},
	{0x42, 0x70B0, 0x26, 0x10, 0},
	{0x42, 0x70B1, 0x46, 0x10, 0},
	{0x42, 0x70B2, 0x66, 0x10, 0},
	{0x42, 0x70B3, 0x30, 0x10, 0},
	{0x42, 0x70B4, 0x3A, 0x10, 0},
	{0x42, 0x70B5, 0x31, 0x10, 0},
	{0x42, 0x70B6, 0x3C, 0x10, 0},
	{0x42, 0x70B7, 0x36, 0x10, 0},
	{0x42, 0x70B8, 0x05, 0x10, 0},
	{0x42, 0x70B9, 0x90, 0x10, 0},
	{0x42, 0x70BA, 0x0A, 0x10, 0},
	{0x42, 0x70BB, 0x30, 0x10, 0},
	{0x42, 0x70BC, 0x04, 0x10, 0},
	{0x42, 0x70BD, 0x90, 0x10, 0},
	{0x42, 0x70BE, 0x59, 0x10, 0},
	{0x42, 0x70BF, 0x48, 0x10, 0},
	{0x42, 0x70C0, 0x55, 0x10, 0},
	{0x42, 0x70C1, 0x4A, 0x10, 0},
	{0x42, 0x70C2, 0x40, 0x10, 0},
	{0x42, 0x70C3, 0x6E, 0x10, 0},
	{0x42, 0x70C4, 0xC0, 0x10, 0},
	{0x42, 0x70C5, 0x07, 0x10, 0},
	{0x42, 0x70C6, 0x7D, 0x10, 0},
	{0x42, 0x70C7, 0xD1, 0x10, 0},
	{0x42, 0x70C8, 0x17, 0x10, 0},
	{0x42, 0x70C9, 0x88, 0x10, 0},
	{0x42, 0x70CA, 0x0A, 0x10, 0},
	{0x42, 0x70CB, 0x5E, 0x10, 0},
	{0x42, 0x70CC, 0x0D, 0x10, 0},
	{0x42, 0x70CD, 0x92, 0x10, 0},
	{0x42, 0x70CE, 0x53, 0x10, 0},
	{0x42, 0x70CF, 0x49, 0x10, 0},
	{0x42, 0x70D0, 0x55, 0x10, 0},
	{0x42, 0x70D1, 0x48, 0x10, 0},
	{0x42, 0x70D2, 0x94, 0x10, 0},
	{0x42, 0x70D3, 0x31, 0x10, 0},
	{0x42, 0x70D4, 0x89, 0x10, 0},
	{0x42, 0x70D5, 0x6B, 0x10, 0},
	{0x42, 0x70D6, 0x80, 0x10, 0},
	{0x42, 0x70D7, 0x68, 0x10, 0},
	{0x42, 0x70D8, 0x09, 0x10, 0},
	{0x42, 0x70D9, 0x02, 0x10, 0},
	{0x42, 0x70DA, 0x00, 0x10, 0},
	{0x42, 0x70DB, 0x03, 0x10, 0},
	{0x42, 0x70DC, 0x09, 0x10, 0},
	{0x42, 0x70DD, 0x0E, 0x10, 0},
	{0x42, 0x70DE, 0x00, 0x10, 0},
	{0x42, 0x70DF, 0x0B, 0x10, 0},
	{0x42, 0x70E0, 0x49, 0x10, 0},
	{0x42, 0x70E1, 0x1C, 0x10, 0},
	{0x42, 0x70E2, 0x48, 0x10, 0},
	{0x42, 0x70E3, 0x43, 0x10, 0},
	{0x42, 0x70E4, 0x4D, 0x10, 0},
	{0x42, 0x70E5, 0x49, 0x10, 0},
	{0x42, 0x70E6, 0x6C, 0x10, 0},
	{0x42, 0x70E7, 0x39, 0x10, 0},
	{0x42, 0x70E8, 0x8A, 0x10, 0},
	{0x42, 0x70E9, 0x6A, 0x10, 0},
	{0x42, 0x70EA, 0x07, 0x10, 0},
	{0x42, 0x70EB, 0x92, 0x10, 0},
	{0x42, 0x70EC, 0xCA, 0x10, 0},
	{0x42, 0x70ED, 0x6A, 0x10, 0},
	{0x42, 0x70EE, 0x00, 0x10, 0},
	{0x42, 0x70EF, 0x21, 0x10, 0},
	{0x42, 0x70F0, 0xC9, 0x10, 0},
	{0x42, 0x70F1, 0x43, 0x10, 0},
	{0x42, 0x70F2, 0x03, 0x10, 0},
	{0x42, 0x70F3, 0x92, 0x10, 0},
	{0x42, 0x70F4, 0x00, 0x10, 0},
	{0x42, 0x70F5, 0x22, 0x10, 0},
	{0x42, 0x70F6, 0x00, 0x10, 0},
	{0x42, 0x70F7, 0x91, 0x10, 0},
	{0x42, 0x70F8, 0x01, 0x10, 0},
	{0x42, 0x70F9, 0x92, 0x10, 0},
	{0x42, 0x70FA, 0x39, 0x10, 0},
	{0x42, 0x70FB, 0x46, 0x10, 0},
	{0x42, 0x70FC, 0x8F, 0x10, 0},
	{0x42, 0x70FD, 0xF6, 0x10, 0},
	{0x42, 0x70FE, 0xCE, 0x10, 0},
	{0x42, 0x70FF, 0xFB, 0x10, 0},
	{0x42, 0x7100, 0x01, 0x10, 0},
	{0x42, 0x7101, 0x22, 0x10, 0},
	{0x42, 0x7102, 0x00, 0x10, 0},
	{0x42, 0x7103, 0x23, 0x10, 0},
	{0x42, 0x7104, 0x8C, 0x10, 0},
	{0x42, 0x7105, 0xF6, 0x10, 0},
	{0x42, 0x7106, 0x02, 0x10, 0},
	{0x42, 0x7107, 0xFA, 0x10, 0},
	{0x42, 0x7108, 0x00, 0x10, 0},
	{0x42, 0x7109, 0x21, 0x10, 0},
	{0x42, 0x710A, 0x05, 0x10, 0},
	{0x42, 0x710B, 0x46, 0x10, 0},
	{0x42, 0x710C, 0x01, 0x10, 0},
	{0x42, 0x710D, 0x91, 0x10, 0},
	{0x42, 0x710E, 0x00, 0x10, 0},
	{0x42, 0x710F, 0x90, 0x10, 0},
	{0x42, 0x7110, 0x39, 0x10, 0},
	{0x42, 0x7111, 0x46, 0x10, 0},
	{0x42, 0x7112, 0x07, 0x10, 0},
	{0x42, 0x7113, 0x98, 0x10, 0},
	{0x42, 0x7114, 0x8F, 0x10, 0},
	{0x42, 0x7115, 0xF6, 0x10, 0},
	{0x42, 0x7116, 0xC2, 0x10, 0},
	{0x42, 0x7117, 0xFB, 0x10, 0},
	{0x42, 0x7118, 0x0D, 0x10, 0},
	{0x42, 0x7119, 0x9A, 0x10, 0},
	{0x42, 0x711A, 0xD3, 0x10, 0},
	{0x42, 0x711B, 0x17, 0x10, 0},
	{0x42, 0x711C, 0x80, 0x10, 0},
	{0x42, 0x711D, 0x18, 0x10, 0},
	{0x42, 0x711E, 0x59, 0x10, 0},
	{0x42, 0x711F, 0x41, 0x10, 0},
	{0x42, 0x7120, 0x01, 0x10, 0},
	{0x42, 0x7121, 0x22, 0x10, 0},
	{0x42, 0x7122, 0x00, 0x10, 0},
	{0x42, 0x7123, 0x23, 0x10, 0},
	{0x42, 0x7124, 0x8C, 0x10, 0},
	{0x42, 0x7125, 0xF6, 0x10, 0},
	{0x42, 0x7126, 0xCD, 0x10, 0},
	{0x42, 0x7127, 0xF9, 0x10, 0},
	{0x42, 0x7128, 0x07, 0x10, 0},
	{0x42, 0x7129, 0x90, 0x10, 0},
	{0x42, 0x712A, 0x00, 0x10, 0},
	{0x42, 0x712B, 0x20, 0x10, 0},
	{0x42, 0x712C, 0x01, 0x10, 0},
	{0x42, 0x712D, 0x90, 0x10, 0},
	{0x42, 0x712E, 0x00, 0x10, 0},
	{0x42, 0x712F, 0x95, 0x10, 0},
	{0x42, 0x7130, 0x39, 0x10, 0},
	{0x42, 0x7131, 0x46, 0x10, 0},
	{0x42, 0x7132, 0x03, 0x10, 0},
	{0x42, 0x7133, 0x98, 0x10, 0},
	{0x42, 0x7134, 0x8F, 0x10, 0},
	{0x42, 0x7135, 0xF6, 0x10, 0},
	{0x42, 0x7136, 0xB2, 0x10, 0},
	{0x42, 0x7137, 0xFB, 0x10, 0},
	{0x42, 0x7138, 0x01, 0x10, 0},
	{0x42, 0x7139, 0x22, 0x10, 0},
	{0x42, 0x713A, 0x00, 0x10, 0},
	{0x42, 0x713B, 0x23, 0x10, 0},
	{0x42, 0x713C, 0x8C, 0x10, 0},
	{0x42, 0x713D, 0xF6, 0x10, 0},
	{0x42, 0x713E, 0xE6, 0x10, 0},
	{0x42, 0x713F, 0xF9, 0x10, 0},
	{0x42, 0x7140, 0x02, 0x10, 0},
	{0x42, 0x7141, 0x46, 0x10, 0},
	{0x42, 0x7142, 0x07, 0x10, 0},
	{0x42, 0x7143, 0x98, 0x10, 0},
	{0x42, 0x7144, 0x00, 0x10, 0},
	{0x42, 0x7145, 0x23, 0x10, 0},
	{0x42, 0x7146, 0x81, 0x10, 0},
	{0x42, 0x7147, 0x0B, 0x10, 0},
	{0x42, 0x7148, 0x80, 0x10, 0},
	{0x42, 0x7149, 0x04, 0x10, 0},
	{0x42, 0x714A, 0x7A, 0x10, 0},
	{0x42, 0x714B, 0xF6, 0x10, 0},
	{0x42, 0x714C, 0x54, 0x10, 0},
	{0x42, 0x714D, 0xF8, 0x10, 0},
	{0x42, 0x714E, 0x37, 0x10, 0},
	{0x42, 0x714F, 0x4A, 0x10, 0},
	{0x42, 0x7150, 0x00, 0x10, 0},
	{0x42, 0x7151, 0x23, 0x10, 0},
	{0x42, 0x7152, 0x00, 0x10, 0},
	{0x42, 0x7153, 0x92, 0x10, 0},
	{0x42, 0x7154, 0x01, 0x10, 0},
	{0x42, 0x7155, 0x93, 0x10, 0},
	{0x42, 0x7156, 0x01, 0x10, 0},
	{0x42, 0x7157, 0x22, 0x10, 0},
	{0x42, 0x7158, 0x8C, 0x10, 0},
	{0x42, 0x7159, 0xF6, 0x10, 0},
	{0x42, 0x715A, 0xD8, 0x10, 0},
	{0x42, 0x715B, 0xF9, 0x10, 0},
	{0x42, 0x715C, 0x05, 0x10, 0},
	{0x42, 0x715D, 0x46, 0x10, 0},
	{0x42, 0x715E, 0x60, 0x10, 0},
	{0x42, 0x715F, 0x68, 0x10, 0},
	{0x42, 0x7160, 0x00, 0x10, 0},
	{0x42, 0x7161, 0x23, 0x10, 0},
	{0x42, 0x7162, 0x01, 0x10, 0},
	{0x42, 0x7163, 0x0C, 0x10, 0},
	{0x42, 0x7164, 0x00, 0x10, 0},
	{0x42, 0x7165, 0x04, 0x10, 0},
	{0x42, 0x7166, 0xE2, 0x10, 0},
	{0x42, 0x7167, 0x68, 0x10, 0},
	{0x42, 0x7168, 0x7A, 0x10, 0},
	{0x42, 0x7169, 0xF6, 0x10, 0},
	{0x42, 0x716A, 0x45, 0x10, 0},
	{0x42, 0x716B, 0xF8, 0x10, 0},
	{0x42, 0x716C, 0x00, 0x10, 0},
	{0x42, 0x716D, 0x22, 0x10, 0},
	{0x42, 0x716E, 0xD2, 0x10, 0},
	{0x42, 0x716F, 0x43, 0x10, 0},
	{0x42, 0x7170, 0x00, 0x10, 0},
	{0x42, 0x7171, 0x23, 0x10, 0},
	{0x42, 0x7172, 0x00, 0x10, 0},
	{0x42, 0x7173, 0x92, 0x10, 0},
	{0x42, 0x7174, 0x01, 0x10, 0},
	{0x42, 0x7175, 0x93, 0x10, 0},
	{0x42, 0x7176, 0x1A, 0x10, 0},
	{0x42, 0x7177, 0x46, 0x10, 0},
	{0x42, 0x7178, 0x8C, 0x10, 0},
	{0x42, 0x7179, 0xF6, 0x10, 0},
	{0x42, 0x717A, 0xC8, 0x10, 0},
	{0x42, 0x717B, 0xF9, 0x10, 0},
	{0x42, 0x717C, 0x29, 0x10, 0},
	{0x42, 0x717D, 0x46, 0x10, 0},
	{0x42, 0x717E, 0x8F, 0x10, 0},
	{0x42, 0x717F, 0xF6, 0x10, 0},
	{0x42, 0x7180, 0x8D, 0x10, 0},
	{0x42, 0x7181, 0xFB, 0x10, 0},
	{0x42, 0x7182, 0x8A, 0x10, 0},
	{0x42, 0x7183, 0x03, 0x10, 0},
	{0x42, 0x7184, 0x80, 0x10, 0},
	{0x42, 0x7185, 0x0C, 0x10, 0},
	{0x42, 0x7186, 0x10, 0x10, 0},
	{0x42, 0x7187, 0x43, 0x10, 0},
	{0x42, 0x7188, 0x00, 0x10, 0},
	{0x42, 0x7189, 0x22, 0x10, 0},
	{0x42, 0x718A, 0xD2, 0x10, 0},
	{0x42, 0x718B, 0x43, 0x10, 0},
	{0x42, 0x718C, 0x00, 0x10, 0},
	{0x42, 0x718D, 0x23, 0x10, 0},
	{0x42, 0x718E, 0x00, 0x10, 0},
	{0x42, 0x718F, 0x92, 0x10, 0},
	{0x42, 0x7190, 0x89, 0x10, 0},
	{0x42, 0x7191, 0x0C, 0x10, 0},
	{0x42, 0x7192, 0x01, 0x10, 0},
	{0x42, 0x7193, 0x93, 0x10, 0},
	{0x42, 0x7194, 0x1A, 0x10, 0},
	{0x42, 0x7195, 0x46, 0x10, 0},
	{0x42, 0x7196, 0x8C, 0x10, 0},
	{0x42, 0x7197, 0xF6, 0x10, 0},
	{0x42, 0x7198, 0xB9, 0x10, 0},
	{0x42, 0x7199, 0xF9, 0x10, 0},
	{0x42, 0x719A, 0x00, 0x10, 0},
	{0x42, 0x719B, 0x24, 0x10, 0},
	{0x42, 0x719C, 0x03, 0x10, 0},
	{0x42, 0x719D, 0x90, 0x10, 0},
	{0x42, 0x719E, 0x0C, 0x10, 0},
	{0x42, 0x719F, 0x98, 0x10, 0},
	{0x42, 0x71A0, 0x61, 0x10, 0},
	{0x42, 0x71A1, 0x00, 0x10, 0},
	{0x42, 0x71A2, 0x45, 0x10, 0},
	{0x42, 0x71A3, 0x5A, 0x10, 0},
	{0x42, 0x71A4, 0x06, 0x10, 0},
	{0x42, 0x71A5, 0x98, 0x10, 0},
	{0x42, 0x71A6, 0x22, 0x10, 0},
	{0x42, 0x71A7, 0x4A, 0x10, 0},
	{0x42, 0x71A8, 0x40, 0x10, 0},
	{0x42, 0x71A9, 0x5A, 0x10, 0},
	{0x42, 0x71AA, 0x00, 0x10, 0},
	{0x42, 0x71AB, 0x21, 0x10, 0},
	{0x42, 0x71AC, 0x8C, 0x10, 0},
	{0x42, 0x71AD, 0xF6, 0x10, 0},
	{0x42, 0x71AE, 0xBE, 0x10, 0},
	{0x42, 0x71AF, 0xF9, 0x10, 0},
	{0x42, 0x71B0, 0x07, 0x10, 0},
	{0x42, 0x71B1, 0x46, 0x10, 0},
	{0x42, 0x71B2, 0x28, 0x10, 0},
	{0x42, 0x71B3, 0x46, 0x10, 0},
	{0x42, 0x71B4, 0x03, 0x10, 0},
	{0x42, 0x71B5, 0x99, 0x10, 0},
	{0x42, 0x71B6, 0x8F, 0x10, 0},
	{0x42, 0x71B7, 0xF6, 0x10, 0},
	{0x42, 0x71B8, 0x71, 0x10, 0},
	{0x42, 0x71B9, 0xFB, 0x10, 0},
	{0x42, 0x71BA, 0x3A, 0x10, 0},
	{0x42, 0x71BB, 0x46, 0x10, 0},
	{0x42, 0x71BC, 0x00, 0x10, 0},
	{0x42, 0x71BD, 0x23, 0x10, 0},
	{0x42, 0x71BE, 0x79, 0x10, 0},
	{0x42, 0x71BF, 0xF6, 0x10, 0},
	{0x42, 0x71C0, 0xCA, 0x10, 0},
	{0x42, 0x71C1, 0xFF, 0x10, 0},
	{0x42, 0x71C2, 0x00, 0x10, 0},
	{0x42, 0x71C3, 0xE0, 0x10, 0},
	{0x42, 0x71C4, 0x0F, 0x10, 0},
	{0x42, 0x71C5, 0xE0, 0x10, 0},
	{0x42, 0x71C6, 0x8A, 0x10, 0},
	{0x42, 0x71C7, 0x02, 0x10, 0},
	{0x42, 0x71C8, 0x80, 0x10, 0},
	{0x42, 0x71C9, 0x0D, 0x10, 0},
	{0x42, 0x71CA, 0x10, 0x10, 0},
	{0x42, 0x71CB, 0x43, 0x10, 0},
	{0x42, 0x71CC, 0x19, 0x10, 0},
	{0x42, 0x71CD, 0x4A, 0x10, 0},
	{0x42, 0x71CE, 0x00, 0x10, 0},
	{0x42, 0x71CF, 0x23, 0x10, 0},
	{0x42, 0x71D0, 0x00, 0x10, 0},
	{0x42, 0x71D1, 0x92, 0x10, 0},
	{0x42, 0x71D2, 0x89, 0x10, 0},
	{0x42, 0x71D3, 0x0D, 0x10, 0},
	{0x42, 0x71D4, 0x01, 0x10, 0},
	{0x42, 0x71D5, 0x93, 0x10, 0},
	{0x42, 0x71D6, 0x40, 0x10, 0},
	{0x42, 0x71D7, 0x22, 0x10, 0},
	{0x42, 0x71D8, 0x8C, 0x10, 0},
	{0x42, 0x71D9, 0xF6, 0x10, 0},
	{0x42, 0x71DA, 0x98, 0x10, 0},
	{0x42, 0x71DB, 0xF9, 0x10, 0},
	{0x42, 0x71DC, 0xA1, 0x10, 0},
	{0x42, 0x71DD, 0x00, 0x10, 0},
	{0x42, 0x71DE, 0x64, 0x10, 0},
	{0x42, 0x71DF, 0x1C, 0x10, 0},
	{0x42, 0x71E0, 0x70, 0x10, 0},
	{0x42, 0x71E1, 0x50, 0x10, 0},
	{0x42, 0x71E2, 0x04, 0x10, 0},
	{0x42, 0x71E3, 0x2C, 0x10, 0},
	{0x42, 0x71E4, 0xDB, 0x10, 0},
	{0x42, 0x71E5, 0xD3, 0x10, 0},
	{0x42, 0x71E6, 0x14, 0x10, 0},
	{0x42, 0x71E7, 0x4D, 0x10, 0},
	{0x42, 0x71E8, 0x00, 0x10, 0},
	{0x42, 0x71E9, 0x24, 0x10, 0},
	{0x42, 0x71EA, 0x0B, 0x10, 0},
	{0x42, 0x71EB, 0x98, 0x10, 0},
	{0x42, 0x71EC, 0x67, 0x10, 0},
	{0x42, 0x71ED, 0x00, 0x10, 0},
	{0x42, 0x71EE, 0xC0, 0x10, 0},
	{0x42, 0x71EF, 0x5B, 0x10, 0},
	{0x42, 0x71F0, 0x2A, 0x10, 0},
	{0x42, 0x71F1, 0x46, 0x10, 0},
	{0x42, 0x71F2, 0x40, 0x10, 0},
	{0x42, 0x71F3, 0x21, 0x10, 0},
	{0x42, 0x71F4, 0x8C, 0x10, 0},
	{0x42, 0x71F5, 0xF6, 0x10, 0},
	{0x42, 0x71F6, 0x9A, 0x10, 0},
	{0x42, 0x71F7, 0xF9, 0x10, 0},
	{0x42, 0x71F8, 0x05, 0x10, 0},
	{0x42, 0x71F9, 0x99, 0x10, 0},
	{0x42, 0x71FA, 0x0E, 0x10, 0},
	{0x42, 0x71FB, 0x4A, 0x10, 0},
	{0x42, 0x71FC, 0xC8, 0x10, 0},
	{0x42, 0x71FD, 0x53, 0x10, 0},
	{0x42, 0x71FE, 0xA7, 0x10, 0},
	{0x42, 0x71FF, 0x00, 0x10, 0},
	{0x42, 0x7200, 0xF0, 0x10, 0},
	{0x42, 0x7201, 0x59, 0x10, 0},
	{0x42, 0x7202, 0x40, 0x10, 0},
	{0x42, 0x7203, 0x21, 0x10, 0},
	{0x42, 0x7204, 0x8C, 0x10, 0},
	{0x42, 0x7205, 0xF6, 0x10, 0},
	{0x42, 0x7206, 0x7B, 0x10, 0},
	{0x42, 0x7207, 0xF9, 0x10, 0},
	{0x42, 0x7208, 0x04, 0x10, 0},
	{0x42, 0x7209, 0x99, 0x10, 0},
	{0x42, 0x720A, 0x64, 0x10, 0},
	{0x42, 0x720B, 0x1C, 0x10, 0},
	{0x42, 0x720C, 0xC8, 0x10, 0},
	{0x42, 0x720D, 0x51, 0x10, 0},
	{0x42, 0x720E, 0x04, 0x10, 0},
	{0x42, 0x720F, 0x2C, 0x10, 0},
	{0x42, 0x7210, 0xEB, 0x10, 0},
	{0x42, 0x7211, 0xD3, 0x10, 0},
	{0x42, 0x7212, 0x0F, 0x10, 0},
	{0x42, 0x7213, 0xB0, 0x10, 0},
	{0x42, 0x7214, 0xF0, 0x10, 0},
	{0x42, 0x7215, 0xBD, 0x10, 0},
	{0x42, 0x7216, 0x00, 0x10, 0},
	{0x42, 0x7217, 0x00, 0x10, 0},
	{0x42, 0x7218, 0x76, 0x10, 0},
	{0x42, 0x7219, 0x69, 0x10, 0},
	{0x42, 0x721A, 0x18, 0x10, 0},
	{0x42, 0x721B, 0x00, 0x10, 0},
	{0x42, 0x721C, 0xEC, 0x10, 0},
	{0x42, 0x721D, 0x58, 0x10, 0},
	{0x42, 0x721E, 0x18, 0x10, 0},
	{0x42, 0x721F, 0x00, 0x10, 0},
	{0x42, 0x7220, 0x38, 0x10, 0},
	{0x42, 0x7221, 0x36, 0x10, 0},
	{0x42, 0x7222, 0x18, 0x10, 0},
	{0x42, 0x7223, 0x00, 0x10, 0},
	{0x42, 0x7224, 0x00, 0x10, 0},
	{0x42, 0x7225, 0x35, 0x10, 0},
	{0x42, 0x7226, 0x18, 0x10, 0},
	{0x42, 0x7227, 0x00, 0x10, 0},
	{0x42, 0x7228, 0x00, 0x10, 0},
	{0x42, 0x7229, 0x20, 0x10, 0},
	{0x42, 0x722A, 0x18, 0x10, 0},
	{0x42, 0x722B, 0x00, 0x10, 0},
	{0x42, 0x722C, 0xFF, 0x10, 0},
	{0x42, 0x722D, 0xFF, 0x10, 0},
	{0x42, 0x722E, 0xFF, 0x10, 0},
	{0x42, 0x722F, 0x3F, 0x10, 0},
	{0x42, 0x7230, 0xFF, 0x10, 0},
	{0x42, 0x7231, 0x07, 0x10, 0},
	{0x42, 0x7232, 0x00, 0x10, 0},
	{0x42, 0x7233, 0x00, 0x10, 0},
	{0x42, 0x7234, 0xFF, 0x10, 0},
	{0x42, 0x7235, 0xFF, 0x10, 0},
	{0x42, 0x7236, 0x07, 0x10, 0},
	{0x42, 0x7237, 0x00, 0x10, 0},
	{0x42, 0x7238, 0xFF, 0x10, 0},
	{0x42, 0x7239, 0x1F, 0x10, 0},
	{0x42, 0x723A, 0x00, 0x10, 0},
	{0x42, 0x723B, 0x00, 0x10, 0},
	{0x42, 0x723C, 0x01, 0x10, 0},
	{0x42, 0x723D, 0xF6, 0x10, 0},
	{0x42, 0x723E, 0x45, 0x10, 0},
	{0x42, 0x723F, 0x12, 0x10, 0},
	{0x42, 0x0000, 0x00, 0x10, 200},
};   

DATA_ELEMENT max9296_9295_imax490_raw_array[] = {
    {0x90, 0x0313, 0x00, 0x10, 5},	 // disable MIPI output
	{0x80,0x0057,0x12,0x10,5},                // swap Y & Z
	{0x80,0x005B,0x11,0x10,5},                // swap Y & Z
	{0x80,0x0318,0x6C,0x10,200},                // raw12
	{0x80,0x03F1, 0x09,0x10,0},               // output mclk from mfp4
	{0x80,0x03F0, 0x12,0x10,0},               // disable and reset reference generation PLL
	{0x80,0x03F0, 0x11,0x10,0},               // enable reference generation PLL, 27Mhz

    {0x80, 0x02d3, 0x04, 0x10, 5},	 // mfp7 config
	{0x80, 0x02D5, 0x07, 0x10, 5},	 // mfp7 config
	{0x80, 0x02d6, 0x04, 0x10, 5},	 // mfp8 config
	{0x80, 0x02D8, 0x07, 0x10, 5},	 // mfp8 config

    {0x80, 0x02be, 0x10, 0x10, 50},	 // mfp0 config
	//{0x80, 0x02c0, 0x07, 0x10, 5},	 // mfp0 config

	{0x90, 0x0003, 0x40, 0x10, 5}, //
	{0x90, 0x02c2, 0x83, 0x10, 5}, //
	{0x90, 0x02c3, 0xA7, 0x10, 5}, //
	{0x90, 0x0320, 0x2C, 0x10, 5}, // mipi 1200Mbps

	//{0x90,0x0320,0x26,0x10,200},                // mipi 600Mbps
	//{0x90,0x0313,0x02,0x10,200},                // mipi enable

    {0x34,0x0004,0xA0,0x10,0},
    {0x34,0x0005,0x0F,0x10,0},
    {0x34,0x0008,0x01,0x10,0},
    {0x34,0x000A,0x00,0x10,0},
    {0x34,0x000E,0xA4,0x10,0},
    {0x34,0x000F,0x01,0x10,0},
    {0x34,0x0040,0x0A,0x10,0},
    {0x34,0x0041,0x00,0x10,0},
    {0x34,0x0042,0x00,0x10,0},
    {0x34,0x004A,0x18,0x10,0},
    {0x34,0x004B,0x00,0x10,0},
    {0x34,0x0055,0x0C,0x10,0},
    {0x34,0x0056,0x03,0x10,0},
    {0x34,0x006E,0x67,0x10,0},
    {0x34,0x006F,0x00,0x10,0},
    {0x34,0x0070,0x27,0x10,0},
    {0x34,0x0071,0x00,0x10,0},
    {0x34,0x0072,0x27,0x10,0},
    {0x34,0x0073,0x00,0x10,0},
    {0x34,0x0074,0x9F,0x10,0},
    {0x34,0x0075,0x00,0x10,0},
    {0x34,0x0076,0x27,0x10,0},
    {0x34,0x0077,0x00,0x10,0},
    {0x34,0x0078,0x47,0x10,0},
    {0x34,0x0079,0x00,0x10,0},
    {0x34,0x007A,0x27,0x10,0},
    {0x34,0x007B,0x00,0x10,0},
    {0x34,0x007C,0x3F,0x10,0},
    {0x34,0x007D,0x00,0x10,0},
    {0x34,0x007E,0x1F,0x10,0},
    {0x34,0x007F,0x00,0x10,0},
    {0x34,0x0080,0x02,0x10,0},
    {0x34,0x008A,0x80,0x10,0},
    {0x34,0x008B,0x01,0x10,0},
    {0x34,0x1044,0xB1,0x10,0},
    {0x34,0x1045,0x00,0x10,0},
    {0x34,0x1064,0xFF,0x10,0},
    {0x34,0x1065,0x07,0x10,0},
    {0x34,0x1066,0xF1,0x10,0},
    {0x34,0x1067,0x02,0x10,0},
    {0x34,0x1068,0xFF,0x10,0},
    {0x34,0x1069,0x07,0x10,0},
    {0x34,0x106A,0xF1,0x10,0},
    {0x34,0x106B,0x02,0x10,0},
    {0x34,0x1094,0xF1,0x10,0},
    {0x34,0x1095,0x02,0x10,0},
    {0x34,0x10BC,0x7C,0x10,0},
    {0x34,0x10BD,0x03,0x10,0},
    {0x34,0x1100,0x01,0x10,0},
    {0x34,0x1101,0x00,0x10,0},
    {0x34,0x1102,0x1F,0x10,0},
    {0x34,0x1103,0x00,0x10,0},
    {0x34,0x1104,0xFA,0x10,0},
    {0x34,0x1105,0x00,0x10,0},
    {0x34,0x1106,0x1A,0x10,0},
    {0x34,0x1107,0x01,0x10,0},
    {0x34,0x1108,0x6E,0x10,0},
    {0x34,0x1109,0x01,0x10,0},
    {0x34,0x110A,0x8E,0x10,0},
    {0x34,0x110B,0x01,0x10,0},
    {0x34,0x1148,0xF0,0x10,0},
    {0x34,0x1149,0x03,0x10,0},
    {0x34,0x114A,0x1A,0x10,0},
    {0x34,0x114B,0x00,0x10,0},
    {0x34,0x117A,0xFF,0x10,0},
    {0x34,0x117B,0x07,0x10,0},
    {0x34,0x1350,0x00,0x10,0},
    {0x34,0x1351,0x00,0x10,0},
    {0x34,0x1352,0x31,0x10,0},
    {0x34,0x1353,0x03,0x10,0},
    {0x34,0x1354,0xEE,0x10,0},
    {0x34,0x1355,0x03,0x10,0},
    {0x34,0x1356,0xFF,0x10,0},
    {0x34,0x1357,0x07,0x10,0},
    {0x34,0x1798,0x99,0x10,0},
    {0x34,0x1799,0x01,0x10,0},
    {0x34,0x17A8,0x9A,0x10,0},
    {0x34,0x17A9,0x01,0x10,0},
    {0x34,0x18BC,0xFF,0x10,0},
    {0x34,0x18BD,0x07,0x10,0},
    {0x34,0x18BE,0xFF,0x10,0},
    {0x34,0x18BF,0x07,0x10,0},
    {0x34,0x18C0,0xFF,0x10,0},
    {0x34,0x18C1,0x07,0x10,0},
    {0x34,0x18C2,0xFF,0x10,0},
    {0x34,0x18C3,0x07,0x10,0},
    {0x34,0x18C4,0xFF,0x10,0},
    {0x34,0x18C5,0x07,0x10,0},
    {0x34,0x18C6,0xFF,0x10,0},
    {0x34,0x18C7,0x07,0x10,0},
    {0x34,0x18D0,0x6E,0x10,0},
    {0x34,0x18D1,0x01,0x10,0},
    {0x34,0x18D2,0x8E,0x10,0},
    {0x34,0x18D3,0x01,0x10,0},
    {0x34,0x18E4,0xA2,0x10,0},
    {0x34,0x18E5,0x01,0x10,0},
    {0x34,0x18E6,0xA4,0x10,0},
    {0x34,0x18E7,0x01,0x10,0},
    {0x34,0x18F0,0xA2,0x10,0},
    {0x34,0x18F1,0x01,0x10,0},
    {0x34,0x18F2,0xA4,0x10,0},
    {0x34,0x18F3,0x01,0x10,0},
    {0x34,0x18FC,0x29,0x10,0},
    {0x34,0x18FD,0x00,0x10,0},
    {0x34,0x18FE,0x2B,0x10,0},
    {0x34,0x18FF,0x00,0x10,0},
    {0x34,0x1904,0x80,0x10,0},
    {0x34,0x1905,0x00,0x10,0},
    {0x34,0x1906,0x82,0x10,0},
    {0x34,0x1907,0x00,0x10,0},
    {0x34,0x1910,0x84,0x10,0},
    {0x34,0x1911,0x00,0x10,0},
    {0x34,0x1912,0x86,0x10,0},
    {0x34,0x1913,0x00,0x10,0},
    {0x34,0x196E,0x96,0x10,0},
    {0x34,0x196F,0x01,0x10,0},
    {0x34,0x1970,0xFF,0x10,0},
    {0x34,0x1971,0x07,0x10,0},
    {0x34,0x1972,0xFF,0x10,0},
    {0x34,0x1973,0x07,0x10,0},
    {0x34,0x1988,0x1A,0x10,0},
    {0x34,0x1989,0x00,0x10,0},
    {0x34,0x198A,0x2A,0x10,0},
    {0x34,0x198B,0x00,0x10,0},
    {0x34,0x198C,0x81,0x10,0},
    {0x34,0x198D,0x00,0x10,0},
    {0x34,0x198E,0x9E,0x10,0},
    {0x34,0x198F,0x00,0x10,0},
    {0x34,0x1994,0xED,0x10,0},
    {0x34,0x1995,0x02,0x10,0},
    {0x34,0x1996,0x28,0x10,0},
    {0x34,0x1997,0x03,0x10,0},
    {0x34,0x19AA,0x66,0x10,0},
    {0x34,0x19AB,0x03,0x10,0},
    {0x34,0x19BE,0x96,0x10,0},
    {0x34,0x19BF,0x00,0x10,0},
    {0x34,0x1AC0,0x00,0x10,0},
    {0x34,0x1AC1,0x00,0x10,0},
    {0x34,0x1AC2,0xFA,0x10,0},
    {0x34,0x1AC3,0x00,0x10,0},
    {0x34,0x1AC4,0xED,0x10,0},
    {0x34,0x1AC5,0x01,0x10,0},
    {0x34,0x1AC6,0x7D,0x10,0},
    {0x34,0x1AC7,0x02,0x10,0},
    {0x34,0x1AC8,0x72,0x10,0},
    {0x34,0x1AC9,0x03,0x10,0},
    {0x34,0x1ACA,0xEB,0x10,0},
    {0x34,0x1ACB,0x03,0x10,0},
    {0x34,0x1BD4,0xED,0x10,0},
    {0x34,0x1BD5,0x02,0x10,0},
    {0x34,0x1BD6,0x30,0x10,0},
    {0x34,0x1BD7,0x03,0x10,0},
    {0x34,0x1BD8,0xFF,0x10,0},
    {0x34,0x1BD9,0x07,0x10,0},
    {0x34,0x1BDA,0xFF,0x10,0},
    {0x34,0x1BDB,0x07,0x10,0},
    {0x34,0x1BDC,0xFF,0x10,0},
    {0x34,0x1BDD,0x07,0x10,0},
    {0x34,0x1BDE,0xFF,0x10,0},
    {0x34,0x1BDF,0x07,0x10,0},
    {0x34,0x1CC0,0x00,0x10,0},
    {0x34,0x1DDC,0xA5,0x10,0},
    {0x34,0x1DDD,0x01,0x10,0},
    {0x34,0x1DEC,0x2C,0x10,0},
    {0x34,0x1DED,0x00,0x10,0},
    {0x34,0x2088,0x3E,0x10,0},
    {0x34,0x210C,0x00,0x10,0},
    {0x34,0x2160,0xFE,0x10,0},
    {0x34,0x2161,0x06,0x10,0},
    {0x34,0x2164,0xFE,0x10,0},
    {0x34,0x2165,0x06,0x10,0},
    {0x34,0x2168,0xFE,0x10,0},
    {0x34,0x2169,0x06,0x10,0},
    {0x34,0x216C,0xFE,0x10,0},
    {0x34,0x216D,0x06,0x10,0},
    {0x34,0x2178,0x01,0x10,0},
    {0x34,0x2184,0x1F,0x10,0},
    {0x34,0x2188,0x1F,0x10,0},
    {0x34,0x218C,0x1F,0x10,0},
    {0x34,0x2190,0x1C,0x10,0},
    {0x34,0x2194,0x1C,0x10,0},
    {0x34,0x21AC,0x25,0x10,0},
    {0x34,0x21B0,0x24,0x10,0},
    {0x34,0x21B4,0x23,0x10,0},
    {0x34,0x21B8,0x23,0x10,0},
    {0x34,0x21BC,0x1F,0x10,0},
    {0x34,0x21D8,0x22,0x10,0},
    {0x34,0x21DC,0x22,0x10,0},
    {0x34,0x21E0,0x22,0x10,0},
    {0x34,0x21E4,0x21,0x10,0},
    {0x34,0x21F8,0x0A,0x10,0},
    {0x34,0x2224,0x13,0x10,0},
    {0x34,0x2298,0xFE,0x10,0},
    {0x34,0x2299,0x03,0x10,0},
    {0x34,0x229C,0xFE,0x10,0},
    {0x34,0x229D,0x05,0x10,0},
    {0x34,0x22A0,0xA8,0x10,0},
    {0x34,0x22A1,0x07,0x10,0},
    {0x34,0x22A8,0x29,0x10,0},
    {0x34,0x22A9,0x05,0x10,0},
    {0x34,0x22AC,0xFE,0x10,0},
    {0x34,0x22AD,0x05,0x10,0},
    {0x34,0x22B0,0x94,0x10,0},
    {0x34,0x22B1,0x06,0x10,0},
    {0x34,0x22B4,0xFE,0x10,0},
    {0x34,0x22B5,0x06,0x10,0},
    {0x34,0x22B8,0x49,0x10,0},
    {0x34,0x22B9,0x07,0x10,0},
    {0x34,0x22BC,0xA8,0x10,0},
    {0x34,0x22BD,0x07,0x10,0},
    {0x34,0x22C4,0x00,0x10,0},
    {0x34,0x22C8,0x00,0x10,0},
    {0x34,0x22CC,0x00,0x10,0},
    {0x34,0x22D0,0x00,0x10,0},
    {0x34,0x22D8,0x11,0x10,0},
    {0x34,0x22DC,0x11,0x10,0},
    {0x34,0x22E0,0x0D,0x10,0},
    {0x34,0x22EC,0x07,0x10,0},
    {0x34,0x22F0,0x00,0x10,0},
    {0x34,0x22F4,0x00,0x10,0},
    {0x34,0x2300,0x11,0x10,0},
    {0x34,0x2304,0x11,0x10,0},
    {0x34,0x2308,0x0D,0x10,0},
    {0x34,0x2314,0x00,0x10,0},
    {0x34,0x2318,0x00,0x10,0},
    {0x34,0x231C,0x00,0x10,0},
    {0x34,0x232C,0x10,0x10,0},
    {0x34,0x2330,0x0C,0x10,0},
    {0x34,0x233C,0x0C,0x10,0},
    {0x34,0x2340,0x07,0x10,0},
    {0x34,0x2344,0x00,0x10,0},
    {0x34,0x2354,0x11,0x10,0},
    {0x34,0x2358,0x0D,0x10,0},
    {0x34,0x2364,0x07,0x10,0},
    {0x34,0x2368,0x0A,0x10,0},
    {0x34,0x236C,0x0A,0x10,0},
    {0x34,0x2388,0x06,0x10,0},
    {0x34,0x23B0,0x0B,0x10,0},
    {0x34,0x23B4,0x0B,0x10,0},
    {0x34,0x23C4,0x08,0x10,0},
    {0x34,0x23C8,0x08,0x10,0},
    {0x34,0x23E4,0x06,0x10,0},
    {0x34,0x23E8,0x06,0x10,0},
    {0x34,0x23F4,0x0B,0x10,0},
    {0x34,0x23F8,0x11,0x10,0},
    {0x34,0x23FC,0x18,0x10,0},
    {0x34,0x2400,0x1C,0x10,0},
    {0x34,0x2404,0x29,0x10,0},
    {0x34,0x2408,0x34,0x10,0},
    {0x34,0x240C,0x3F,0x10,0},
    {0x34,0x2410,0x3F,0x10,0},
    {0x34,0x243C,0x05,0x10,0},
    {0x34,0x2454,0x08,0x10,0},
    {0x34,0x2458,0x0C,0x10,0},
    {0x34,0x2460,0x05,0x10,0},
    {0x34,0x2480,0x71,0x10,0},
    {0x34,0x2481,0x00,0x10,0},
    {0x34,0x2484,0xE1,0x10,0},
    {0x34,0x2485,0x01,0x10,0},
    {0x34,0x2488,0x71,0x10,0},
    {0x34,0x2489,0x00,0x10,0},
    {0x34,0x248C,0xE1,0x10,0},
    {0x34,0x248D,0x01,0x10,0},
    {0x34,0x2490,0x71,0x10,0},
    {0x34,0x2491,0x00,0x10,0},
    {0x34,0x2494,0xE1,0x10,0},
    {0x34,0x2495,0x01,0x10,0},
    {0x34,0x24A0,0x66,0x10,0},
    {0x34,0x24A1,0x00,0x10,0},
    {0x34,0x24A4,0xD6,0x10,0},
    {0x34,0x24A5,0x01,0x10,0},
    {0x34,0x24A8,0x69,0x10,0},
    {0x34,0x24A9,0x00,0x10,0},
    {0x34,0x24AC,0xD9,0x10,0},
    {0x34,0x24AD,0x01,0x10,0},
    {0x34,0x24B0,0x77,0x10,0},
    {0x34,0x24B1,0x00,0x10,0},
    {0x34,0x24B4,0xE7,0x10,0},
    {0x34,0x24B5,0x01,0x10,0},
    {0x34,0x24C0,0xE7,0x10,0},
    {0x34,0x24C1,0x00,0x10,0},
    {0x34,0x24C4,0x56,0x10,0},
    {0x34,0x24C5,0x01,0x10,0},
    {0x34,0x24C8,0xED,0x10,0},
    {0x34,0x24C9,0x00,0x10,0},
    {0x34,0x24CC,0x5C,0x10,0},
    {0x34,0x24CD,0x01,0x10,0},
    {0x34,0x24D0,0xEF,0x10,0},
    {0x34,0x24D1,0x00,0x10,0},
    {0x34,0x24D4,0x5E,0x10,0},
    {0x34,0x24D5,0x01,0x10,0},
    {0x34,0x24E0,0xDF,0x10,0},
    {0x34,0x24E1,0x00,0x10,0},
    {0x34,0x24E4,0x4E,0x10,0},
    {0x34,0x24E5,0x01,0x10,0},
    {0x34,0x24E8,0xE5,0x10,0},
    {0x34,0x24E9,0x00,0x10,0},
    {0x34,0x24EC,0x54,0x10,0},
    {0x34,0x24ED,0x01,0x10,0},
    {0x34,0x24F0,0xF3,0x10,0},
    {0x34,0x24F1,0x00,0x10,0},
    {0x34,0x24F4,0x62,0x10,0},
    {0x34,0x24F5,0x01,0x10,0},
    {0x34,0x2500,0x65,0x10,0},
    {0x34,0x2501,0x03,0x10,0},
    {0x34,0x2504,0xCA,0x10,0},
    {0x34,0x2505,0x03,0x10,0},
    {0x34,0x2508,0x65,0x10,0},
    {0x34,0x2509,0x03,0x10,0},
    {0x34,0x250C,0xE0,0x10,0},
    {0x34,0x250D,0x03,0x10,0},
    {0x34,0x2510,0x65,0x10,0},
    {0x34,0x2511,0x03,0x10,0},
    {0x34,0x2514,0xE0,0x10,0},
    {0x34,0x2515,0x03,0x10,0},
    {0x34,0x2528,0x5D,0x10,0},
    {0x34,0x2529,0x03,0x10,0},
    {0x34,0x252C,0xD8,0x10,0},
    {0x34,0x252D,0x03,0x10,0},
    {0x34,0x2530,0x6B,0x10,0},
    {0x34,0x2531,0x03,0x10,0},
    {0x34,0x2534,0xE6,0x10,0},
    {0x34,0x2535,0x03,0x10,0},
    {0x34,0x2540,0x67,0x10,0},
    {0x34,0x2541,0x02,0x10,0},
    {0x34,0x2544,0xD6,0x10,0},
    {0x34,0x2545,0x02,0x10,0},
    {0x34,0x2548,0x6B,0x10,0},
    {0x34,0x2549,0x02,0x10,0},
    {0x34,0x254C,0xDA,0x10,0},
    {0x34,0x254D,0x02,0x10,0},
    {0x34,0x2550,0x72,0x10,0},
    {0x34,0x2551,0x02,0x10,0},
    {0x34,0x2554,0xE1,0x10,0},
    {0x34,0x2555,0x02,0x10,0},
    {0x34,0x2568,0x68,0x10,0},
    {0x34,0x2569,0x02,0x10,0},
    {0x34,0x256C,0xD7,0x10,0},
    {0x34,0x256D,0x02,0x10,0},
    {0x34,0x2570,0x76,0x10,0},
    {0x34,0x2571,0x02,0x10,0},
    {0x34,0x2574,0xE5,0x10,0},
    {0x34,0x2575,0x02,0x10,0},
    {0x34,0x2584,0x05,0x10,0},
    {0x34,0x2588,0x03,0x10,0},
    {0x34,0x2598,0x05,0x10,0},
    {0x34,0x25AC,0x05,0x10,0},
    {0x34,0x25B0,0x03,0x10,0},
    {0x34,0x25B4,0x03,0x10,0},
    {0x34,0x25B8,0x04,0x10,0},
    {0x34,0x25C8,0x02,0x10,0},
    {0x34,0x25CC,0x01,0x10,0},
    {0x34,0x25D4,0x04,0x10,0},
    {0x34,0x25DC,0x03,0x10,0},
    {0x34,0x25FC,0x03,0x10,0},
    {0x34,0x2604,0x04,0x10,0},
    {0x34,0x2608,0x03,0x10,0},
    {0x34,0x2610,0x02,0x10,0},
    {0x34,0x2618,0x01,0x10,0},
    {0x34,0x261C,0x01,0x10,0},
    {0x34,0x2638,0x03,0x10,0},
    {0x34,0x2654,0x02,0x10,0},
    {0x34,0x2658,0x02,0x10,0},
    {0x34,0x26A4,0x00,0x10,0},
    {0x34,0x26A8,0x02,0x10,0},
    {0x34,0x26B8,0x02,0x10,0},
    {0x34,0x2A00,0xB5,0x10,0},
    {0x34,0x2A01,0x00,0x10,0},
    {0x34,0x2A04,0xB5,0x10,0},
    {0x34,0x2A05,0x00,0x10,0},
    {0x34,0x2A08,0xB5,0x10,0},
    {0x34,0x2A09,0x00,0x10,0},
    {0x34,0x2A0C,0xB5,0x10,0},
    {0x34,0x2A0D,0x00,0x10,0},
    {0x34,0x2A10,0xB5,0x10,0},
    {0x34,0x2A11,0x00,0x10,0},
    {0x34,0x2A14,0xB7,0x10,0},
    {0x34,0x2A15,0x00,0x10,0},
    {0x34,0x2A18,0xB7,0x10,0},
    {0x34,0x2A19,0x00,0x10,0},
    {0x34,0x2A1C,0xB7,0x10,0},
    {0x34,0x2A1D,0x00,0x10,0},
    {0x34,0x2A20,0xB7,0x10,0},
    {0x34,0x2A21,0x00,0x10,0},
    {0x34,0x2A24,0xB7,0x10,0},
    {0x34,0x2A25,0x00,0x10,0},
    {0x34,0x2A28,0x6D,0x10,0},
    {0x34,0x2A29,0x00,0x10,0},
    {0x34,0x2A2C,0x6D,0x10,0},
    {0x34,0x2A2D,0x00,0x10,0},
    {0x34,0x2A30,0x6D,0x10,0},
    {0x34,0x2A31,0x00,0x10,0},
    {0x34,0x2A34,0x6D,0x10,0},
    {0x34,0x2A35,0x00,0x10,0},
    {0x34,0x2A38,0x6D,0x10,0},
    {0x34,0x2A39,0x00,0x10,0},
    {0x34,0x2A3C,0x6E,0x10,0},
    {0x34,0x2A3D,0x00,0x10,0},
    {0x34,0x2A40,0x6E,0x10,0},
    {0x34,0x2A41,0x00,0x10,0},
    {0x34,0x2A44,0x6E,0x10,0},
    {0x34,0x2A45,0x00,0x10,0},
    {0x34,0x2A48,0x6E,0x10,0},
    {0x34,0x2A49,0x00,0x10,0},
    {0x34,0x2A4C,0x6E,0x10,0},
    {0x34,0x2A4D,0x00,0x10,0},
    {0x34,0x2A50,0x06,0x10,0},
    {0x34,0x2A51,0x00,0x10,0},
    {0x34,0x2A54,0x06,0x10,0},
    {0x34,0x2A55,0x00,0x10,0},
    {0x34,0x2A58,0x06,0x10,0},
    {0x34,0x2A59,0x00,0x10,0},
    {0x34,0x2A5C,0x06,0x10,0},
    {0x34,0x2A5D,0x00,0x10,0},
    {0x34,0x2A60,0x06,0x10,0},
    {0x34,0x2A61,0x00,0x10,0},
    {0x34,0x2A64,0x00,0x10,0},
    {0x34,0x2A65,0x00,0x10,0},
    {0x34,0x2A68,0x00,0x10,0},
    {0x34,0x2A69,0x00,0x10,0},
    {0x34,0x2A6C,0x00,0x10,0},
    {0x34,0x2A6D,0x00,0x10,0},
    {0x34,0x2A70,0x00,0x10,0},
    {0x34,0x2A71,0x00,0x10,0},
    {0x34,0x2A74,0x00,0x10,0},
    {0x34,0x2A75,0x00,0x10,0},
    {0x34,0x2A78,0x26,0x10,0},
    {0x34,0x2A79,0x00,0x10,0},
    {0x34,0x2A7C,0x26,0x10,0},
    {0x34,0x2A7D,0x00,0x10,0},
    {0x34,0x2A80,0x26,0x10,0},
    {0x34,0x2A81,0x00,0x10,0},
    {0x34,0x2A84,0x26,0x10,0},
    {0x34,0x2A85,0x00,0x10,0},
    {0x34,0x2A88,0x26,0x10,0},
    {0x34,0x2A89,0x00,0x10,0},
    {0x34,0x2A8C,0x28,0x10,0},
    {0x34,0x2A8D,0x00,0x10,0},
    {0x34,0x2A90,0x28,0x10,0},
    {0x34,0x2A91,0x00,0x10,0},
    {0x34,0x2A94,0x28,0x10,0},
    {0x34,0x2A95,0x00,0x10,0},
    {0x34,0x2A98,0x28,0x10,0},
    {0x34,0x2A99,0x00,0x10,0},
    {0x34,0x2A9C,0x28,0x10,0},
    {0x34,0x2A9D,0x00,0x10,0},
    {0x34,0x2AA0,0x1D,0x10,0},
    {0x34,0x2AA4,0x1D,0x10,0},
    {0x34,0x2AA8,0x1D,0x10,0},
    {0x34,0x2AAC,0x1D,0x10,0},
    {0x34,0x2AB0,0x1D,0x10,0},
    {0x34,0x2AB4,0x1F,0x10,0},
    {0x34,0x2AB8,0x1F,0x10,0},
    {0x34,0x2ABC,0x1F,0x10,0},
    {0x34,0x2AC0,0x1F,0x10,0},
    {0x34,0x2AC4,0x1F,0x10,0},
    {0x34,0x2AC8,0x1F,0x10,0},
    {0x34,0x2ACC,0x1F,0x10,0},
    {0x34,0x2AD0,0x1F,0x10,0},
    {0x34,0x2AD4,0x1F,0x10,0},
    {0x34,0x2AD8,0x1F,0x10,0},
    {0x34,0x2ADC,0x1F,0x10,0},
    {0x34,0x2AE0,0x1F,0x10,0},
    {0x34,0x2AE4,0x1F,0x10,0},
    {0x34,0x2AE8,0x1F,0x10,0},
    {0x34,0x2AEC,0x1F,0x10,0},
    {0x34,0x2AF0,0x1F,0x10,0},
    {0x34,0x2AF4,0x1F,0x10,0},
    {0x34,0x2AF8,0x1F,0x10,0},
    {0x34,0x2AFC,0x1F,0x10,0},
    {0x34,0x2B00,0x1F,0x10,0},
    {0x34,0x2B04,0x1F,0x10,0},
    {0x34,0x2B08,0x1F,0x10,0},
    {0x34,0x2B0C,0x1F,0x10,0},
    {0x34,0x2B10,0x1F,0x10,0},
    {0x34,0x2B14,0x1F,0x10,0},
    {0x34,0x2B18,0x1F,0x10,0},
    {0x34,0x2B1C,0x1F,0x10,0},
    {0x34,0x2B20,0x1F,0x10,0},
    {0x34,0x2B24,0x1F,0x10,0},
    {0x34,0x2B28,0x1F,0x10,0},
    {0x34,0x2B2C,0x1F,0x10,0},
    {0x34,0x2B30,0x1F,0x10,0},
    {0x34,0x2B34,0x1F,0x10,0},
    {0x34,0x2B38,0x1F,0x10,0},
    {0x34,0x2B3C,0x1F,0x10,0},
    {0x34,0x2B68,0x00,0x10,0},
    {0x34,0x2B6C,0x00,0x10,0},
    {0x34,0x2B70,0x00,0x10,0},
    {0x34,0x2B74,0x00,0x10,0},
    {0x34,0x2B78,0x00,0x10,0},
    {0x34,0x2B7C,0x00,0x10,0},
    {0x34,0x2B80,0x00,0x10,0},
    {0x34,0x2B84,0x00,0x10,0},
    {0x34,0x2B88,0x00,0x10,0},
    {0x34,0x2B8C,0x00,0x10,0},
    {0x34,0x2B90,0x00,0x10,0},
    {0x34,0x2B94,0x00,0x10,0},
    {0x34,0x2B98,0x00,0x10,0},
    {0x34,0x2B9C,0x00,0x10,0},
    {0x34,0x2BA0,0x00,0x10,0},
    {0x34,0x2BA4,0x04,0x10,0},
    {0x34,0x2BA8,0x04,0x10,0},
    {0x34,0x2BAC,0x04,0x10,0},
    {0x34,0x2BB0,0x04,0x10,0},
    {0x34,0x2BB4,0x04,0x10,0},
    {0x34,0x2BB8,0x00,0x10,0},
    {0x34,0x2BBC,0x00,0x10,0},
    {0x34,0x2BC0,0x00,0x10,0},
    {0x34,0x2BC4,0x00,0x10,0},
    {0x34,0x2BC8,0x00,0x10,0},
    {0x34,0x2BCC,0x00,0x10,0},
    {0x34,0x2BD0,0x00,0x10,0},
    {0x34,0x2BD4,0x00,0x10,0},
    {0x34,0x2BD8,0x00,0x10,0},
    {0x34,0x2BDC,0x00,0x10,0},
    {0x34,0x2BE8,0x06,0x10,0},
    {0x34,0x2BEC,0x09,0x10,0},
    {0x34,0x2C84,0x00,0x10,0},
    {0x34,0x2C90,0x03,0x10,0},
    {0x34,0x3018,0x99,0x10,0},
    {0x34,0x3019,0x00,0x10,0},
    {0x34,0x3040,0x0A,0x10,0},
    {0x34,0x3041,0x00,0x10,0},
    {0x34,0x304C,0x1B,0x10,0},
    {0x34,0x304D,0x00,0x10,0},
    {0x34,0x3050,0x1B,0x10,0},
    {0x34,0x3051,0x00,0x10,0},
    {0x34,0x3078,0x30,0x10,0},
    {0x34,0x3079,0x03,0x10,0},
    {0x34,0x307C,0x26,0x10,0},
    {0x34,0x307D,0x00,0x10,0},
    {0x34,0x3088,0x20,0x10,0},
    {0x34,0x3089,0x00,0x10,0},
    {0x34,0x308C,0x20,0x10,0},
    {0x34,0x308D,0x00,0x10,0},
    {0x34,0x3100,0xF8,0x10,0},
    {0x34,0x3101,0x01,0x10,0},
    {0x34,0x3104,0x14,0x10,0},
    {0x34,0x3105,0x00,0x10,0},
    {0x34,0x314C,0x1B,0x10,0},
    {0x34,0x3170,0x01,0x10,0},
    {0x34,0x318C,0x03,0x10,0},
    {0x34,0x3190,0xFE,0x10,0},
    {0x34,0x3191,0x05,0x10,0},
    {0x34,0x3194,0x94,0x10,0},
    {0x34,0x3195,0x06,0x10,0},
    {0x34,0x3198,0xFE,0x10,0},
    {0x34,0x3199,0x06,0x10,0},
    {0x34,0x319C,0x4A,0x10,0},
    {0x34,0x31A0,0x09,0x10,0},
    {0x34,0x31B0,0x0E,0x10,0},
    {0x34,0x31C0,0x08,0x10,0},
    {0x34,0x31C4,0x03,0x10,0},
    {0x34,0x31C8,0x01,0x10,0},
    {0x34,0x3220,0x01,0x10,0},
    {0x34,0x3230,0x01,0x10,0},
    {0x34,0x3234,0x01,0x10,0},
    {0x34,0x3238,0x01,0x10,0},
    {0x34,0x3240,0x01,0x10,0},
    {0x34,0x3244,0x01,0x10,0},
    {0x34,0x3248,0x01,0x10,0},
    {0x34,0x324C,0x01,0x10,0},
    {0x34,0x3260,0x01,0x10,0},
    {0x34,0x3270,0x01,0x10,0},
    {0x34,0x33B8,0x03,0x10,0},
    {0x34,0x33BC,0x03,0x10,0},
    {0x34,0x33C0,0x01,0x10,0},
    {0x34,0x33C4,0x01,0x10,0},
    {0x34,0x33E0,0xFE,0x10,0},
    {0x34,0x33E1,0x06,0x10,0},
    {0x34,0x33E4,0xFE,0x10,0},
    {0x34,0x33E5,0x06,0x10,0},
    {0x34,0x33E8,0xFE,0x10,0},
    {0x34,0x33E9,0x06,0x10,0},
    {0x34,0x33EC,0xFE,0x10,0},
    {0x34,0x33ED,0x06,0x10,0},
    {0x34,0x3508,0x01,0x10,0},
    {0x34,0x3558,0xFE,0x10,0},
    {0x34,0x3559,0x0F,0x10,0},
    {0x34,0x355A,0xFE,0x10,0},
    {0x34,0x355B,0x0F,0x10,0},
    {0x34,0x355C,0xFE,0x10,0},
    {0x34,0x355D,0x0F,0x10,0},
    {0x34,0x355E,0xFE,0x10,0},
    {0x34,0x355F,0x0F,0x10,0},
    {0x34,0x3560,0xFE,0x10,0},
    {0x34,0x3561,0x0F,0x10,0},
    {0x34,0x3562,0xFE,0x10,0},
    {0x34,0x3563,0x0F,0x10,0},
    {0x34,0x3564,0xFE,0x10,0},
    {0x34,0x3565,0x0F,0x10,0},
    {0x34,0x3566,0xFE,0x10,0},
    {0x34,0x3567,0x0F,0x10,0},
    {0x34,0x3644,0x02,0x10,0},
    {0x34,0x3645,0x02,0x10,0},
    {0x34,0x3BF6,0x2C,0x10,0},
    {0x34,0xEE18,0x00,0x10,0},
    {0x34,0xEE19,0x2C,0x10,0},
    {0x34,0xEE1A,0x01,0x10,0},
    {0x34,0xEE1C,0x00,0x10,0},
    {0x34,0xEE1D,0xC8,0x10,0},
    {0x34,0xEE1E,0x00,0x10,0},
    {0x34,0xEE20,0x00,0x10,0},
    {0x34,0xEE21,0x64,0x10,0},
    {0x34,0xEE22,0x00,0x10,0},
    {0x34,0xEE24,0x00,0x10,0},
    {0x34,0xEE25,0x00,0x10,0},
    {0x34,0xEE26,0x00,0x10,0},
    {0x34,0xEE6C,0x01,0x10,0},
    {0x34,0xEE90,0x05,0x10,0},
    {0x34,0xEE92,0x0A,0x10,0},
    {0x34,0xEE94,0x0A,0x10,0},
    {0x34,0xEE96,0x05,0x10,0},
    {0x34,0xEEAC,0xFF,0x10,0},
    {0x34,0xEEAD,0x07,0x10,0},
    {0x34,0xEEAE,0xFF,0x10,0},
    {0x34,0xEEAF,0x07,0x10,0},
    {0x34,0xEEB0,0xEC,0x10,0},
    {0x34,0xEEB1,0x01,0x10,0},
    {0x34,0xEEB6,0xEC,0x10,0},
    {0x34,0xEEB7,0x01,0x10,0},
    {0x34,0xEEB8,0x02,0x10,0},
    {0x34,0xC090,0x01,0x10,0},
    {0x34,0xC091,0x01,0x10,0},
    {0x34,0xC092,0x01,0x10,0},
    {0x34,0xC093,0x01,0x10,0},
    {0x34,0xC094,0x01,0x10,0},
    {0x34,0xC096,0x01,0x10,0},
    {0x34,0xC097,0x01,0x10,0},
    {0x34,0xC098,0x01,0x10,0},
    {0x34,0xC09A,0x01,0x10,0},
    {0x34,0xC09D,0x01,0x10,0},
    {0x34,0xC09E,0x01,0x10,0},
    {0x34,0xC09F,0x01,0x10,0},
    {0x34,0xC0A0,0x01,0x10,0},
    {0x34,0xC0A1,0x01,0x10,0},
    {0x34,0xC0A2,0x01,0x10,0},
    {0x34,0xC0A6,0x01,0x10,0},
    {0x34,0xC204,0x73,0x10,0},
    {0x34,0xC205,0x36,0x10,0},
    {0x34,0xC206,0x13,0x10,0},
    {0x34,0xC207,0x46,0x10,0},
    {0x34,0xC208,0x42,0x10,0},
    {0x34,0xC209,0x9C,0x10,0},
    {0x34,0xC20A,0x42,0x10,0},
    {0x34,0xC20B,0x00,0x10,0},
    {0x34,0xC218,0x8C,0x10,0},
    {0x34,0xC219,0xC9,0x10,0},
    {0x34,0xC21A,0xEC,0x10,0},
    {0x34,0xC21B,0xB9,0x10,0},
    {0x34,0xC21C,0xBD,0x10,0},
    {0x34,0xC21D,0x63,0x10,0},
    {0x34,0xC21E,0xBD,0x10,0},
    {0x34,0xC21F,0xFF,0x10,0},
    {0x34,0xE402,0x00,0x10,0},
    {0x34,0xBF30,0x5E,0x10,0},
    {0x34,0xBF31,0x00,0x10,0},
    {0x34,0xBF32,0x1A,0x10,0},
    {0x34,0xBF33,0x00,0x10,0},
    {0x34,0xBF34,0x01,0x10,0},
    {0x34,0x3BE4,0x83,0x10,0},
    {0x34,0x3BE5,0x28,0x10,0},
    {0x34,0x3BE6,0x00,0x10,0},
    {0x34,0x3BE7,0x00,0x10,0},
    {0x34,0x0234,0xA0,0x10,0},
    {0x34,0x0235,0x50,0x10,0},
    {0x34,0x0236,0x0F,0x10,0},
    {0x34,0x023C,0x40,0x10,0},
    {0x34,0x023D,0xA7,0x10,0},
    {0x34,0x023E,0x18,0x10,0},
    {0x34,0x0244,0xC0,0x10,0},
    {0x34,0x0245,0x3D,0x10,0},
    {0x34,0x0246,0x02,0x10,0},
    {0x34,0x0248,0x00,0x10,0},
    {0x34,0x0249,0xFA,0x10,0},
    {0x34,0x024A,0x05,0x10,0},
    {0x34,0x024D,0xC3,0x10,0},
    {0x34,0x024E,0x30,0x10,0},
    {0x34,0x0250,0xA0,0x10,0},
    {0x34,0x0251,0x5F,0x10,0},
    {0x34,0x0084,0x04,0x10,0},
    {0x34,0x0088,0x04,0x10,0},
    {0x34,0xBF9C,0x31,0x10,0},
    {0x34,0xBF9D,0x01,0x10,0},
    {0x34,0xBF9E,0x26,0x10,0},
    {0x34,0xBF9F,0x00,0x10,0},
    {0x34,0xBF94,0x97,0x10,0},
    {0x34,0xBF95,0x00,0x10,0},
    {0x34,0xBF96,0x16,0x10,0},
    {0x34,0xBF97,0x00,0x10,0},
    {0x34,0xBFA4,0x60,0x10,0},
    {0x34,0xBFA5,0x00,0x10,0},
    {0x34,0xBFA6,0x0F,0x10,0},
    {0x34,0xBFA7,0x00,0x10,0},
    {0x34,0xC1A8,0x30,0x10,0},
    {0x34,0xC1A9,0x00,0x10,0},
    {0x34,0x02C4,0x30,0x10,0},
    {0x34,0x02C5,0x00,0x10,0},
    {0x34,0x0900,0x00,0x10,0},
    {0x34,0x0901,0x01,0x10,0},
    {0x34,0x0902,0x00,0x10,0},
    {0x34,0x0903,0x01,0x10,0},
    {0x34,0x0904,0x00,0x10,0},
    {0x34,0x0905,0x01,0x10,0},
    {0x34,0x0906,0x00,0x10,0},
    {0x34,0x0907,0x01,0x10,0},
    {0x34,0x0908,0x00,0x10,0},
    {0x34,0x0909,0x01,0x10,0},
    {0x34,0x090A,0x00,0x10,0},
    {0x34,0x090B,0x01,0x10,0},
    {0x34,0x090C,0x00,0x10,0},
    {0x34,0x090D,0x01,0x10,0},
    {0x34,0x090E,0x00,0x10,0},
    {0x34,0x090F,0x01,0x10,0},
    {0x34,0x0910,0x00,0x10,0},
    {0x34,0x0911,0x01,0x10,0},
    {0x34,0x0912,0x00,0x10,0},
    {0x34,0x0913,0x01,0x10,0},
    {0x34,0x0914,0x00,0x10,0},
    {0x34,0x0915,0x01,0x10,0},
    {0x34,0x0916,0x00,0x10,0},
    {0x34,0x0917,0x01,0x10,0},
    {0x34,0x0918,0x00,0x10,0},
    {0x34,0x0919,0x01,0x10,0},
    {0x34,0x091A,0x00,0x10,0},
    {0x34,0x091B,0x01,0x10,0},
    {0x34,0x091C,0x00,0x10,0},
    {0x34,0x091D,0x01,0x10,0},
    {0x34,0x091E,0x00,0x10,0},
    {0x34,0x091F,0x01,0x10,0},
    {0x34,0x0920,0x00,0x10,0},
    {0x34,0x0921,0x01,0x10,0},
    {0x34,0x0922,0x00,0x10,0},
    {0x34,0x0923,0x01,0x10,0},
    {0x34,0x0924,0x00,0x10,0},
    {0x34,0x0925,0x01,0x10,0},
    {0x34,0x0926,0x00,0x10,0},
    {0x34,0x0927,0x01,0x10,0},
    {0x34,0x0928,0x00,0x10,0},
    {0x34,0x0929,0x01,0x10,0},
    {0x34,0x092A,0x00,0x10,0},
    {0x34,0x092B,0x01,0x10,0},
    {0x34,0x092C,0x00,0x10,0},
    {0x34,0x092D,0x01,0x10,0},
    {0x34,0x092E,0x00,0x10,0},
    {0x34,0x092F,0x01,0x10,0},
    {0x34,0x0930,0x00,0x10,0},
    {0x34,0x0931,0x01,0x10,0},
    {0x34,0x0932,0x00,0x10,0},
    {0x34,0x0933,0x01,0x10,0},
    {0x34,0x0934,0x00,0x10,0},
    {0x34,0x0935,0x01,0x10,0},
    {0x34,0x0936,0x00,0x10,0},
    {0x34,0x0937,0x01,0x10,0},
    {0x34,0x0938,0x00,0x10,0},
    {0x34,0x0939,0x01,0x10,0},
    {0x34,0x093A,0x00,0x10,0},
    {0x34,0x093B,0x01,0x10,0},
    {0x34,0x093C,0x00,0x10,0},
    {0x34,0x093D,0x01,0x10,0},
    {0x34,0x093E,0x00,0x10,0},
    {0x34,0x093F,0x01,0x10,0},
    {0x34,0x0940,0x00,0x10,0},
    {0x34,0x0941,0x01,0x10,0},
    {0x34,0x0942,0x00,0x10,0},
    {0x34,0x0943,0x01,0x10,0},
    {0x34,0x0944,0x00,0x10,0},
    {0x34,0x0945,0x01,0x10,0},
    {0x34,0x0946,0x00,0x10,0},
    {0x34,0x0947,0x01,0x10,0},
    {0x34,0x0948,0x00,0x10,0},
    {0x34,0x0949,0x01,0x10,0},
    {0x34,0x094A,0x00,0x10,0},
    {0x34,0x094B,0x01,0x10,0},
    {0x34,0x094C,0x00,0x10,0},
    {0x34,0x094D,0x01,0x10,0},
    {0x34,0x094E,0x00,0x10,0},
    {0x34,0x094F,0x01,0x10,0},
    {0x34,0x0950,0x00,0x10,0},
    {0x34,0x0951,0x01,0x10,0},
    {0x34,0x0952,0x00,0x10,0},
    {0x34,0x0953,0x01,0x10,0},
    {0x34,0x0954,0x00,0x10,0},
    {0x34,0x0955,0x01,0x10,0},
    {0x34,0x0956,0x00,0x10,0},
    {0x34,0x0957,0x01,0x10,0},
    {0x34,0x0958,0x00,0x10,0},
    {0x34,0x0959,0x01,0x10,0},
    {0x34,0x095A,0x00,0x10,0},
    {0x34,0x095B,0x01,0x10,0},
    {0x34,0x095C,0x00,0x10,0},
    {0x34,0x095D,0x01,0x10,0},
    {0x34,0x095E,0x00,0x10,0},
    {0x34,0x095F,0x01,0x10,0},
    {0x34,0x0960,0x00,0x10,0},
    {0x34,0x0961,0x01,0x10,0},
    {0x34,0x0962,0x00,0x10,0},
    {0x34,0x0963,0x01,0x10,0},
    {0x34,0x0964,0x00,0x10,0},
    {0x34,0x0965,0x01,0x10,0},
    {0x34,0x0966,0x00,0x10,0},
    {0x34,0x0967,0x01,0x10,0},
    {0x34,0x0968,0x00,0x10,0},
    {0x34,0x0969,0x01,0x10,0},
    {0x34,0x096A,0x00,0x10,0},
    {0x34,0x096B,0x01,0x10,0},
    {0x34,0x096C,0x00,0x10,0},
    {0x34,0x096D,0x01,0x10,0},
    {0x34,0x096E,0x00,0x10,0},
    {0x34,0x096F,0x01,0x10,0},
    {0x34,0x0970,0x00,0x10,0},
    {0x34,0x0971,0x01,0x10,0},
    {0x34,0x0972,0x00,0x10,0},
    {0x34,0x0973,0x01,0x10,0},
    {0x34,0x0974,0x00,0x10,0},
    {0x34,0x0975,0x01,0x10,0},
    {0x34,0x0976,0x00,0x10,0},
    {0x34,0x0977,0x01,0x10,0},
    {0x34,0x0978,0x00,0x10,0},
    {0x34,0x0979,0x01,0x10,0},
    {0x34,0x097A,0x00,0x10,0},
    {0x34,0x097B,0x01,0x10,0},
    {0x34,0x097C,0x00,0x10,0},
    {0x34,0x097D,0x01,0x10,0},
    {0x34,0x097E,0x00,0x10,0},
    {0x34,0x097F,0x01,0x10,0},
    {0x34,0x0980,0x00,0x10,0},
    {0x34,0x0981,0x01,0x10,0},
    {0x34,0x0982,0x00,0x10,0},
    {0x34,0x0983,0x01,0x10,0},
    {0x34,0x0984,0x00,0x10,0},
    {0x34,0x0985,0x01,0x10,0},
    {0x34,0x0986,0x00,0x10,0},
    {0x34,0x0987,0x01,0x10,0},
    {0x34,0x0988,0x00,0x10,0},
    {0x34,0x0989,0x01,0x10,0},
    {0x34,0x098A,0x00,0x10,0},
    {0x34,0x098B,0x01,0x10,0},
    {0x34,0x098C,0x00,0x10,0},
    {0x34,0x098D,0x01,0x10,0},
    {0x34,0x098E,0x00,0x10,0},
    {0x34,0x098F,0x01,0x10,0},
    {0x34,0x0990,0x00,0x10,0},
    {0x34,0x0991,0x01,0x10,0},
    {0x34,0x0992,0x00,0x10,0},
    {0x34,0x0993,0x01,0x10,0},
    {0x34,0x0994,0x00,0x10,0},
    {0x34,0x0995,0x01,0x10,0},
    {0x34,0x0996,0x00,0x10,0},
    {0x34,0x0997,0x01,0x10,0},
    {0x34,0x0998,0x00,0x10,0},
    {0x34,0x0999,0x01,0x10,0},
    {0x34,0x099A,0x00,0x10,0},
    {0x34,0x099B,0x01,0x10,0},
    {0x34,0x099C,0x00,0x10,0},
    {0x34,0x099D,0x01,0x10,0},
    {0x34,0x099E,0x00,0x10,0},
    {0x34,0x099F,0x01,0x10,0},
    {0x34,0x09A0,0x00,0x10,0},
    {0x34,0x09A1,0x01,0x10,0},
    {0x34,0x09A2,0x00,0x10,0},
    {0x34,0x09A3,0x01,0x10,0},
    {0x34,0x09A4,0x00,0x10,0},
    {0x34,0x09A5,0x01,0x10,0},
    {0x34,0x09A6,0x00,0x10,0},
    {0x34,0x09A7,0x01,0x10,0},
    {0x34,0x09A8,0x00,0x10,0},
    {0x34,0x09A9,0x01,0x10,0},
    {0x34,0x09AA,0x00,0x10,0},
    {0x34,0x09AB,0x01,0x10,0},
    {0x34,0x09AC,0x00,0x10,0},
    {0x34,0x09AD,0x01,0x10,0},
    {0x34,0x09AE,0x00,0x10,0},
    {0x34,0x09AF,0x01,0x10,0},
    {0x34,0x09B0,0x00,0x10,0},
    {0x34,0x09B1,0x01,0x10,0},
    {0x34,0x09B2,0x00,0x10,0},
    {0x34,0x09B3,0x01,0x10,0},
    {0x34,0x09B4,0x00,0x10,0},
    {0x34,0x09B5,0x01,0x10,0},
    {0x34,0x09B6,0x00,0x10,0},
    {0x34,0x09B7,0x01,0x10,0},
    {0x34,0x09B8,0x00,0x10,0},
    {0x34,0x09B9,0x01,0x10,0},
    {0x34,0x09BA,0x00,0x10,0},
    {0x34,0x09BB,0x01,0x10,0},
    {0x34,0x09BC,0x00,0x10,0},
    {0x34,0x09BD,0x01,0x10,0},
    {0x34,0x09BE,0x00,0x10,0},
    {0x34,0x09BF,0x01,0x10,0},
    {0x34,0x09C0,0x00,0x10,0},
    {0x34,0x09C1,0x01,0x10,0},
    {0x34,0x09C2,0x00,0x10,0},
    {0x34,0x09C3,0x01,0x10,0},
    {0x34,0x09C4,0x00,0x10,0},
    {0x34,0x09C5,0x01,0x10,0},
    {0x34,0x09C6,0x00,0x10,0},
    {0x34,0x09C7,0x01,0x10,0},
    {0x34,0x09C8,0x00,0x10,0},
    {0x34,0x09C9,0x01,0x10,0},
    {0x34,0x09CA,0x00,0x10,0},
    {0x34,0x09CB,0x01,0x10,0},
    {0x34,0x09CC,0x00,0x10,0},
    {0x34,0x09CD,0x01,0x10,0},
    {0x34,0x09CE,0x00,0x10,0},
    {0x34,0x09CF,0x01,0x10,0},
    {0x34,0x09D0,0x00,0x10,0},
    {0x34,0x09D1,0x01,0x10,0},
    {0x34,0x09D2,0x00,0x10,0},
    {0x34,0x09D3,0x01,0x10,0},
    {0x34,0x09D4,0x00,0x10,0},
    {0x34,0x09D5,0x01,0x10,0},
    {0x34,0x09D6,0x00,0x10,0},
    {0x34,0x09D7,0x01,0x10,0},
    {0x34,0x09D8,0x00,0x10,0},
    {0x34,0x09D9,0x01,0x10,0},
    {0x34,0x09DA,0x00,0x10,0},
    {0x34,0x09DB,0x01,0x10,0},
    {0x34,0x09DC,0x00,0x10,0},
    {0x34,0x09DD,0x01,0x10,0},
    {0x34,0x09DE,0x00,0x10,0},
    {0x34,0x09DF,0x01,0x10,0},
    {0x34,0x09E0,0x00,0x10,0},
    {0x34,0x09E1,0x01,0x10,0},
    {0x34,0x09E2,0x00,0x10,0},
    {0x34,0x09E3,0x01,0x10,0},
    {0x34,0x09E4,0x00,0x10,0},
    {0x34,0x09E5,0x01,0x10,0},
    {0x34,0x09E6,0x00,0x10,0},
    {0x34,0x09E7,0x01,0x10,0},
    {0x34,0x09E8,0x00,0x10,0},
    {0x34,0x09E9,0x01,0x10,0},
    {0x34,0x09EA,0x00,0x10,0},
    {0x34,0x09EB,0x01,0x10,0},
    {0x34,0x09EC,0x00,0x10,0},
    {0x34,0x09ED,0x01,0x10,0},
    {0x34,0x09EE,0x00,0x10,0},
    {0x34,0x09EF,0x01,0x10,0},
    {0x34,0x09F0,0x00,0x10,0},
    {0x34,0x09F1,0x01,0x10,0},
    {0x34,0x09F2,0x00,0x10,0},
    {0x34,0x09F3,0x01,0x10,0},
    {0x34,0x09F4,0x00,0x10,0},
    {0x34,0x09F5,0x01,0x10,0},
    {0x34,0x09F6,0x00,0x10,0},
    {0x34,0x09F7,0x01,0x10,0},
    {0x34,0x09F8,0x00,0x10,0},
    {0x34,0x09F9,0x01,0x10,0},
    {0x34,0x09FA,0x00,0x10,0},
    {0x34,0x09FB,0x01,0x10,0},
    {0x34,0x09FC,0x00,0x10,0},
    {0x34,0x09FD,0x01,0x10,0},
    {0x34,0x09FE,0x00,0x10,0},
    {0x34,0x09FF,0x01,0x10,0},
    {0x34,0x0A00,0x00,0x10,0},
    {0x34,0x0A01,0x01,0x10,0},
    {0x34,0x0A02,0x00,0x10,0},
    {0x34,0x0A03,0x01,0x10,0},
    {0x34,0x0A04,0x00,0x10,0},
    {0x34,0x0A05,0x01,0x10,0},
    {0x34,0x0A06,0x00,0x10,0},
    {0x34,0x0A07,0x01,0x10,0},
    {0x34,0x0A08,0x00,0x10,0},
    {0x34,0x0A09,0x01,0x10,0},
    {0x34,0x0A0A,0x00,0x10,0},
    {0x34,0x0A0B,0x01,0x10,0},
    {0x34,0x0A0C,0x00,0x10,0},
    {0x34,0x0A0D,0x01,0x10,0},
    {0x34,0x0A0E,0x00,0x10,0},
    {0x34,0x0A0F,0x01,0x10,0},
    {0x34,0x0A10,0x00,0x10,0},
    {0x34,0x0A11,0x01,0x10,0},
    {0x34,0x0A12,0x00,0x10,0},
    {0x34,0x0A13,0x01,0x10,0},
    {0x34,0x0A14,0x00,0x10,0},
    {0x34,0x0A15,0x01,0x10,0},
    {0x34,0x0A16,0x00,0x10,0},
    {0x34,0x0A17,0x01,0x10,0},
    {0x34,0x0A18,0x00,0x10,0},
    {0x34,0x0A19,0x01,0x10,0},
    {0x34,0x0A1A,0x00,0x10,0},
    {0x34,0x0A1B,0x01,0x10,0},
    {0x34,0x0A1C,0x00,0x10,0},
    {0x34,0x0A1D,0x01,0x10,0},
    {0x34,0x0A1E,0x00,0x10,0},
    {0x34,0x0A1F,0x01,0x10,0},
    {0x34,0x0A20,0x00,0x10,0},
    {0x34,0x0A21,0x01,0x10,0},
    {0x34,0x0A22,0x00,0x10,0},
    {0x34,0x0A23,0x01,0x10,0},
    {0x34,0x0A24,0x00,0x10,0},
    {0x34,0x0A25,0x01,0x10,0},
    {0x34,0x0A26,0x00,0x10,0},
    {0x34,0x0A27,0x01,0x10,0},
    {0x34,0x0A28,0x00,0x10,0},
    {0x34,0x0A29,0x01,0x10,0},
    {0x34,0x0A2A,0x00,0x10,0},
    {0x34,0x0A2B,0x01,0x10,0},
    {0x34,0x0A2C,0x00,0x10,0},
    {0x34,0x0A2D,0x01,0x10,0},
    {0x34,0x0A2E,0x00,0x10,0},
    {0x34,0x0A2F,0x01,0x10,0},
    {0x34,0x0A30,0x00,0x10,0},
    {0x34,0x0A31,0x01,0x10,0},
    {0x34,0x0A32,0x00,0x10,0},
    {0x34,0x0A33,0x01,0x10,0},
    {0x34,0x0A34,0x00,0x10,0},
    {0x34,0x0A35,0x01,0x10,0},
    {0x34,0x0A36,0x00,0x10,0},
    {0x34,0x0A37,0x01,0x10,0},
    {0x34,0x0A38,0x00,0x10,0},
    {0x34,0x0A39,0x01,0x10,0},
    {0x34,0x0A3A,0x00,0x10,0},
    {0x34,0x0A3B,0x01,0x10,0},
    {0x34,0x0A3C,0x00,0x10,0},
    {0x34,0x0A3D,0x01,0x10,0},
    {0x34,0x0A3E,0x00,0x10,0},
    {0x34,0x0A3F,0x01,0x10,0},
    {0x34,0x0A40,0x00,0x10,0},
    {0x34,0x0A41,0x01,0x10,0},
    {0x34,0x0A42,0x00,0x10,0},
    {0x34,0x0A43,0x01,0x10,0},
    {0x34,0x0A44,0x00,0x10,0},
    {0x34,0x0A45,0x01,0x10,0},
    {0x34,0x0A46,0x00,0x10,0},
    {0x34,0x0A47,0x01,0x10,0},
    {0x34,0x0A48,0x00,0x10,0},
    {0x34,0x0A49,0x01,0x10,0},
    {0x34,0x0A4A,0x00,0x10,0},
    {0x34,0x0A4B,0x01,0x10,0},
    {0x34,0x0A4C,0x00,0x10,0},
    {0x34,0x0A4D,0x01,0x10,0},
    {0x34,0x0A4E,0x00,0x10,0},
    {0x34,0x0A4F,0x01,0x10,0},
    {0x34,0x0A50,0x00,0x10,0},
    {0x34,0x0A51,0x01,0x10,0},
    {0x34,0x0A52,0x00,0x10,0},
    {0x34,0x0A53,0x01,0x10,0},
    {0x34,0x0A54,0x00,0x10,0},
    {0x34,0x0A55,0x01,0x10,0},
    {0x34,0x0A56,0x00,0x10,0},
    {0x34,0x0A57,0x01,0x10,0},
    {0x34,0x0A58,0x00,0x10,0},
    {0x34,0x0A59,0x01,0x10,0},
    {0x34,0x0A5A,0x00,0x10,0},
    {0x34,0x0A5B,0x01,0x10,0},
    {0x34,0x0A5C,0x00,0x10,0},
    {0x34,0x0A5D,0x01,0x10,0},
    {0x34,0x0A5E,0x00,0x10,0},
    {0x34,0x0A5F,0x01,0x10,0},
    {0x34,0x0A60,0x00,0x10,0},
    {0x34,0x0A61,0x01,0x10,0},
    {0x34,0x0A62,0x00,0x10,0},
    {0x34,0x0A63,0x01,0x10,0},
    {0x34,0x0A64,0x00,0x10,0},
    {0x34,0x0A65,0x01,0x10,0},
    {0x34,0x0A66,0x00,0x10,0},
    {0x34,0x0A67,0x01,0x10,0},
    {0x34,0x0A68,0x00,0x10,0},
    {0x34,0x0A69,0x01,0x10,0},
    {0x34,0x0A6A,0x00,0x10,0},
    {0x34,0x0A6B,0x01,0x10,0},
    {0x34,0x0A6C,0x00,0x10,0},
    {0x34,0x0A6D,0x01,0x10,0},
    {0x34,0x0A6E,0x00,0x10,0},
    {0x34,0x0A6F,0x01,0x10,0},
    {0x34,0x0A70,0x00,0x10,0},
    {0x34,0x0A71,0x01,0x10,0},
    {0x34,0x0A72,0x00,0x10,0},
    {0x34,0x0A73,0x01,0x10,0},
    {0x34,0x0A74,0x00,0x10,0},
    {0x34,0x0A75,0x01,0x10,0},
    {0x34,0x0A76,0x00,0x10,0},
    {0x34,0x0A77,0x01,0x10,0},
    {0x34,0x0A78,0x00,0x10,0},
    {0x34,0x0A79,0x01,0x10,0},
    {0x34,0x0A7A,0x00,0x10,0},
    {0x34,0x0A7B,0x01,0x10,0},
    {0x34,0x0A7C,0x00,0x10,0},
    {0x34,0x0A7D,0x01,0x10,0},
    {0x34,0x0A7E,0x00,0x10,0},
    {0x34,0x0A7F,0x01,0x10,0},
    {0x34,0x0A80,0x00,0x10,0},
    {0x34,0x0A81,0x01,0x10,0},
    {0x34,0x0A82,0x00,0x10,0},
    {0x34,0x0A83,0x01,0x10,0},
    {0x34,0x0A84,0x00,0x10,0},
    {0x34,0x0A85,0x01,0x10,0},
    {0x34,0x0A86,0x00,0x10,0},
    {0x34,0x0A87,0x01,0x10,0},
    {0x34,0x0A88,0x00,0x10,0},
    {0x34,0x0A89,0x01,0x10,0},
    {0x34,0x0A8A,0x00,0x10,0},
    {0x34,0x0A8B,0x01,0x10,0},
    {0x34,0x0A8C,0x00,0x10,0},
    {0x34,0x0A8D,0x01,0x10,0},
    {0x34,0x0A8E,0x00,0x10,0},
    {0x34,0x0A8F,0x01,0x10,0},
    {0x34,0x0A90,0x00,0x10,0},
    {0x34,0x0A91,0x01,0x10,0},
    {0x34,0x0A92,0x00,0x10,0},
    {0x34,0x0A93,0x01,0x10,0},
    {0x34,0x0A94,0x00,0x10,0},
    {0x34,0x0A95,0x01,0x10,0},
    {0x34,0x0A96,0x00,0x10,0},
    {0x34,0x0A97,0x01,0x10,0},
    {0x34,0x0A98,0x00,0x10,0},
    {0x34,0x0A99,0x01,0x10,0},
    {0x34,0x0A9A,0x00,0x10,0},
    {0x34,0x0A9B,0x01,0x10,0},
    {0x34,0x0A9C,0x00,0x10,0},
    {0x34,0x0A9D,0x01,0x10,0},
    {0x34,0x0A9E,0x00,0x10,0},
    {0x34,0x0A9F,0x01,0x10,0},
    {0x34,0x0AA0,0x00,0x10,0},
    {0x34,0x0AA1,0x01,0x10,0},
    {0x34,0x0AA2,0x00,0x10,0},
    {0x34,0x0AA3,0x01,0x10,0},
    {0x34,0x0AA4,0x00,0x10,0},
    {0x34,0x0AA5,0x01,0x10,0},
    {0x34,0x0AA6,0x00,0x10,0},
    {0x34,0x0AA7,0x01,0x10,0},
    {0x34,0x0AA8,0x00,0x10,0},
    {0x34,0x0AA9,0x01,0x10,0},
    {0x34,0x0AAA,0x00,0x10,0},
    {0x34,0x0AAB,0x01,0x10,0},
    {0x34,0x0AAC,0x00,0x10,0},
    {0x34,0x0AAD,0x01,0x10,0},
    {0x34,0x0AAE,0x00,0x10,0},
    {0x34,0x0AAF,0x01,0x10,0},
    {0x34,0x0AB0,0x00,0x10,0},
    {0x34,0x0AB1,0x01,0x10,0},
    {0x34,0x0AB2,0x00,0x10,0},
    {0x34,0x0AB3,0x01,0x10,0},
    {0x34,0x0AB4,0x00,0x10,0},
    {0x34,0x0AB5,0x01,0x10,0},
    {0x34,0x0AB6,0x00,0x10,0},
    {0x34,0x0AB7,0x01,0x10,0},
    {0x34,0x0AB8,0x00,0x10,0},
    {0x34,0x0AB9,0x01,0x10,0},
    {0x34,0x0ABA,0x00,0x10,0},
    {0x34,0x0ABB,0x01,0x10,0},
    {0x34,0x0ABC,0x00,0x10,0},
    {0x34,0x0ABD,0x01,0x10,0},
    {0x34,0x0ABE,0x00,0x10,0},
    {0x34,0x0ABF,0x01,0x10,0},
    {0x34,0x0AC0,0x00,0x10,0},
    {0x34,0x0AC1,0x01,0x10,0},
    {0x34,0x0AC2,0x00,0x10,0},
    {0x34,0x0AC3,0x01,0x10,0},
    {0x34,0x0AC4,0x00,0x10,0},
    {0x34,0x0AC5,0x01,0x10,0},
    {0x34,0x0AC6,0x00,0x10,0},
    {0x34,0x0AC7,0x01,0x10,0},
    {0x34,0x0AC8,0x00,0x10,0},
    {0x34,0x0AC9,0x01,0x10,0},
    {0x34,0x0ACA,0x00,0x10,0},
    {0x34,0x0ACB,0x01,0x10,0},
    {0x34,0x0ACC,0x00,0x10,0},
    {0x34,0x0ACD,0x01,0x10,0},
    {0x34,0x0ACE,0x00,0x10,0},
    {0x34,0x0ACF,0x01,0x10,0},
    {0x34,0x0AD0,0x00,0x10,0},
    {0x34,0x0AD1,0x01,0x10,0},
    {0x34,0x0AD2,0x00,0x10,0},
    {0x34,0x0AD3,0x01,0x10,0},
    {0x34,0x0AD4,0x00,0x10,0},
    {0x34,0x0AD5,0x01,0x10,0},
    {0x34,0x0AD6,0x00,0x10,0},
    {0x34,0x0AD7,0x01,0x10,0},
    {0x34,0x0AD8,0x00,0x10,0},
    {0x34,0x0AD9,0x01,0x10,0},
    {0x34,0x0ADA,0x00,0x10,0},
    {0x34,0x0ADB,0x01,0x10,0},
    {0x34,0x0ADC,0x00,0x10,0},
    {0x34,0x0ADD,0x01,0x10,0},
    {0x34,0x0ADE,0x00,0x10,0},
    {0x34,0x0ADF,0x01,0x10,0},
    {0x34,0x0AE0,0x00,0x10,0},
    {0x34,0x0AE1,0x01,0x10,0},
    {0x34,0x0AE2,0x00,0x10,0},
    {0x34,0x0AE3,0x01,0x10,0},
    {0x34,0x0AE4,0x00,0x10,0},
    {0x34,0x0AE5,0x01,0x10,0},
    {0x34,0x0AE6,0x00,0x10,0},
    {0x34,0x0AE7,0x01,0x10,0},
    {0x34,0x0AE8,0x00,0x10,0},
    {0x34,0x0AE9,0x01,0x10,0},
    {0x34,0x0AEA,0x00,0x10,0},
    {0x34,0x0AEB,0x01,0x10,0},
    {0x34,0x0AEC,0x00,0x10,0},
    {0x34,0x0AED,0x01,0x10,0},
    {0x34,0x0AEE,0x00,0x10,0},
    {0x34,0x0AEF,0x01,0x10,0},
    {0x34,0x0AF0,0x00,0x10,0},
    {0x34,0x0AF1,0x01,0x10,0},
    {0x34,0x0AF2,0x00,0x10,0},
    {0x34,0x0AF3,0x01,0x10,0},
    {0x34,0x0AF4,0x00,0x10,0},
    {0x34,0x0AF5,0x01,0x10,0},
    {0x34,0x0AF6,0x00,0x10,0},
    {0x34,0x0AF7,0x01,0x10,0},
    {0x34,0x0AF8,0x00,0x10,0},
    {0x34,0x0AF9,0x01,0x10,0},
    {0x34,0x0AFA,0x00,0x10,0},
    {0x34,0x0AFB,0x01,0x10,0},
    {0x34,0x0AFC,0x00,0x10,0},
    {0x34,0x0AFD,0x01,0x10,0},
    {0x34,0x0AFE,0x00,0x10,0},
    {0x34,0x0AFF,0x01,0x10,0},
    {0x34,0x0B00,0x00,0x10,0},
    {0x34,0x0B01,0x01,0x10,0},
    {0x34,0x0B02,0x00,0x10,0},
    {0x34,0x0B03,0x01,0x10,0},
    {0x34,0x0B04,0x00,0x10,0},
    {0x34,0x0B05,0x01,0x10,0},
    {0x34,0x0B06,0x00,0x10,0},
    {0x34,0x0B07,0x01,0x10,0},
    {0x34,0x0B08,0x00,0x10,0},
    {0x34,0x0B09,0x01,0x10,0},
    {0x34,0x0B0A,0x00,0x10,0},
    {0x34,0x0B0B,0x01,0x10,0},
    {0x34,0x0B0C,0x00,0x10,0},
    {0x34,0x0B0D,0x01,0x10,0},
    {0x34,0x0B0E,0x00,0x10,0},
    {0x34,0x0B0F,0x01,0x10,0},
    {0x34,0x0B10,0x00,0x10,0},
    {0x34,0x0B11,0x01,0x10,0},
    {0x34,0x0B12,0x00,0x10,0},
    {0x34,0x0B13,0x01,0x10,0},
    {0x34,0x0B14,0x00,0x10,0},
    {0x34,0x0B15,0x01,0x10,0},
    {0x34,0x0B16,0x00,0x10,0},
    {0x34,0x0B17,0x01,0x10,0},
    {0x34,0x0B18,0x00,0x10,0},
    {0x34,0x0B19,0x01,0x10,0},
    {0x34,0x0B1A,0x00,0x10,0},
    {0x34,0x0B1B,0x01,0x10,0},
    {0x34,0x0B1C,0x00,0x10,0},
    {0x34,0x0B1D,0x01,0x10,0},
    {0x34,0x0B1E,0x00,0x10,0},
    {0x34,0x0B1F,0x01,0x10,0},
    {0x34,0x0B20,0x00,0x10,0},
    {0x34,0x0B21,0x01,0x10,0},
    {0x34,0x0B22,0x00,0x10,0},
    {0x34,0x0B23,0x01,0x10,0},
    {0x34,0x0B24,0x00,0x10,0},
    {0x34,0x0B25,0x01,0x10,0},
    {0x34,0x0B26,0x00,0x10,0},
    {0x34,0x0B27,0x01,0x10,0},
    {0x34,0x0B28,0x00,0x10,0},
    {0x34,0x0B29,0x01,0x10,0},
    {0x34,0x0B2A,0x00,0x10,0},
    {0x34,0x0B2B,0x01,0x10,0},
    {0x34,0x0B2C,0x00,0x10,0},
    {0x34,0x0B2D,0x01,0x10,0},
    {0x34,0x0B2E,0x00,0x10,0},
    {0x34,0x0B2F,0x01,0x10,0},
    {0x34,0x0B30,0x00,0x10,0},
    {0x34,0x0B31,0x01,0x10,0},
    {0x34,0x0B32,0x00,0x10,0},
    {0x34,0x0B33,0x01,0x10,0},
    {0x34,0x0B34,0x00,0x10,0},
    {0x34,0x0B35,0x01,0x10,0},
    {0x34,0x0B36,0x00,0x10,0},
    {0x34,0x0B37,0x01,0x10,0},
    {0x34,0x0B38,0x00,0x10,0},
    {0x34,0x0B39,0x01,0x10,0},
    {0x34,0x0B3A,0x00,0x10,0},
    {0x34,0x0B3B,0x01,0x10,0},
    {0x34,0x0B3C,0x00,0x10,0},
    {0x34,0x0B3D,0x01,0x10,0},
    {0x34,0x0B3E,0x00,0x10,0},
    {0x34,0x0B3F,0x01,0x10,0},
    {0x34,0x0B40,0x00,0x10,0},
    {0x34,0x0B41,0x01,0x10,0},
    {0x34,0x0B42,0x00,0x10,0},
    {0x34,0x0B43,0x01,0x10,0},
    {0x34,0x0B44,0x00,0x10,0},
    {0x34,0x0B45,0x01,0x10,0},
    {0x34,0x0B46,0x00,0x10,0},
    {0x34,0x0B47,0x01,0x10,0},
    {0x34,0x0B48,0x00,0x10,0},
    {0x34,0x0B49,0x01,0x10,0},
    {0x34,0x0B4A,0x00,0x10,0},
    {0x34,0x0B4B,0x01,0x10,0},
    {0x34,0x0B4C,0x00,0x10,0},
    {0x34,0x0B4D,0x01,0x10,0},
    {0x34,0x0B4E,0x00,0x10,0},
    {0x34,0x0B4F,0x01,0x10,0},
    {0x34,0x0B50,0x00,0x10,0},
    {0x34,0x0B51,0x01,0x10,0},
    {0x34,0x0B52,0x00,0x10,0},
    {0x34,0x0B53,0x01,0x10,0},
    {0x34,0x0B54,0x00,0x10,0},
    {0x34,0x0B55,0x01,0x10,0},
    {0x34,0x0B56,0x00,0x10,0},
    {0x34,0x0B57,0x01,0x10,0},
    {0x34,0x0B58,0x00,0x10,0},
    {0x34,0x0B59,0x01,0x10,0},
    {0x34,0x0B5A,0x00,0x10,0},
    {0x34,0x0B5B,0x01,0x10,0},
    {0x34,0x0B5C,0x00,0x10,0},
    {0x34,0x0B5D,0x01,0x10,0},
    {0x34,0x0B5E,0x00,0x10,0},
    {0x34,0x0B5F,0x01,0x10,0},
    {0x34,0x0B60,0x00,0x10,0},
    {0x34,0x0B61,0x01,0x10,0},
    {0x34,0x0B62,0x00,0x10,0},
    {0x34,0x0B63,0x01,0x10,0},
    {0x34,0x0B64,0x00,0x10,0},
    {0x34,0x0B65,0x01,0x10,0},
    {0x34,0x0B66,0x00,0x10,0},
    {0x34,0x0B67,0x01,0x10,0},
    {0x34,0x0B68,0x00,0x10,0},
    {0x34,0x0B69,0x01,0x10,0},
    {0x34,0x0B6A,0x00,0x10,0},
    {0x34,0x0B6B,0x01,0x10,0},
    {0x34,0x0B6C,0x00,0x10,0},
    {0x34,0x0B6D,0x01,0x10,0},
    {0x34,0x0B6E,0x00,0x10,0},
    {0x34,0x0B6F,0x01,0x10,0},
    {0x34,0x0B70,0x00,0x10,0},
    {0x34,0x0B71,0x01,0x10,0},
    {0x34,0x0B72,0x00,0x10,0},
    {0x34,0x0B73,0x01,0x10,0},
    {0x34,0x0B74,0x00,0x10,0},
    {0x34,0x0B75,0x01,0x10,0},
    {0x34,0x0B76,0x00,0x10,0},
    {0x34,0x0B77,0x01,0x10,0},
    {0x34,0x0B78,0x00,0x10,0},
    {0x34,0x0B79,0x01,0x10,0},
    {0x34,0x0B7A,0x00,0x10,0},
    {0x34,0x0B7B,0x01,0x10,0},
    {0x34,0x0B7C,0x00,0x10,0},
    {0x34,0x0B7D,0x01,0x10,0},
    {0x34,0x0B7E,0x00,0x10,0},
    {0x34,0x0B7F,0x01,0x10,0},
    {0x34,0x0B80,0x00,0x10,0},
    {0x34,0x0B81,0x01,0x10,0},
    {0x34,0x0B82,0x00,0x10,0},
    {0x34,0x0B83,0x01,0x10,0},
    {0x34,0x0B84,0x00,0x10,0},
    {0x34,0x0B85,0x01,0x10,0},
    {0x34,0x0B86,0x00,0x10,0},
    {0x34,0x0B87,0x01,0x10,0},
    {0x34,0x0B88,0x00,0x10,0},
    {0x34,0x0B89,0x01,0x10,0},
    {0x34,0x0B8A,0x00,0x10,0},
    {0x34,0x0B8B,0x01,0x10,0},
    {0x34,0x0B8C,0x00,0x10,0},
    {0x34,0x0B8D,0x01,0x10,0},
    {0x34,0x0B8E,0x00,0x10,0},
    {0x34,0x0B8F,0x01,0x10,0},
    {0x34,0x0B90,0x00,0x10,0},
    {0x34,0x0B91,0x01,0x10,0},
    {0x34,0x0B92,0x00,0x10,0},
    {0x34,0x0B93,0x01,0x10,0},
    {0x34,0x0B94,0x00,0x10,0},
    {0x34,0x0B95,0x01,0x10,0},
    {0x34,0x0B96,0x00,0x10,0},
    {0x34,0x0B97,0x01,0x10,0},
    {0x34,0x0B98,0x00,0x10,0},
    {0x34,0x0B99,0x01,0x10,0},
    {0x34,0x0B9A,0x00,0x10,0},
    {0x34,0x0B9B,0x01,0x10,0},
    {0x34,0x0B9C,0x00,0x10,0},
    {0x34,0x0B9D,0x01,0x10,0},
    {0x34,0x0B9E,0x00,0x10,0},
    {0x34,0x0B9F,0x01,0x10,0},
    {0x34,0x0BA0,0x00,0x10,0},
    {0x34,0x0BA1,0x01,0x10,0},
    {0x34,0x0BA2,0x00,0x10,0},
    {0x34,0x0BA3,0x01,0x10,0},
    {0x34,0x0BA4,0x00,0x10,0},
    {0x34,0x0BA5,0x01,0x10,0},
    {0x34,0x0BA6,0x00,0x10,0},
    {0x34,0x0BA7,0x01,0x10,0},
    {0x34,0x0BA8,0x00,0x10,0},
    {0x34,0x0BA9,0x01,0x10,0},
    {0x34,0x0BAA,0x00,0x10,0},
    {0x34,0x0BAB,0x01,0x10,0},
    {0x34,0x0BAC,0x00,0x10,0},
    {0x34,0x0BAD,0x01,0x10,0},
    {0x34,0x0BAE,0x00,0x10,0},
    {0x34,0x0BAF,0x01,0x10,0},
    {0x34,0x0BB0,0x00,0x10,0},
    {0x34,0x0BB1,0x01,0x10,0},
    {0x34,0x0BB2,0x00,0x10,0},
    {0x34,0x0BB3,0x01,0x10,0},
    {0x34,0x0BB4,0x00,0x10,0},
    {0x34,0x0BB5,0x01,0x10,0},
    {0x34,0x0BB6,0x00,0x10,0},
    {0x34,0x0BB7,0x01,0x10,0},
    {0x34,0x0BB8,0x00,0x10,0},
    {0x34,0x0BB9,0x01,0x10,0},
    {0x34,0x0BBA,0x00,0x10,0},
    {0x34,0x0BBB,0x01,0x10,0},
    {0x34,0x0BBC,0x00,0x10,0},
    {0x34,0x0BBD,0x01,0x10,0},
    {0x34,0x0BBE,0x00,0x10,0},
    {0x34,0x0BBF,0x01,0x10,0},
    {0x34,0x0BC0,0x00,0x10,0},
    {0x34,0x0BC1,0x01,0x10,0},
    {0x34,0x0BC2,0x00,0x10,0},
    {0x34,0x0BC3,0x01,0x10,0},
    {0x34,0x0BC4,0x00,0x10,0},
    {0x34,0x0BC5,0x01,0x10,0},
    {0x34,0x0BC6,0x00,0x10,0},
    {0x34,0x0BC7,0x01,0x10,0},
    {0x34,0x0BC8,0x00,0x10,0},
    {0x34,0x0BC9,0x01,0x10,0},
    {0x34,0x0BCA,0x00,0x10,0},
    {0x34,0x0BCB,0x01,0x10,0},
    {0x34,0x0BCC,0x00,0x10,0},
    {0x34,0x0BCD,0x01,0x10,0},
    {0x34,0x0BCE,0x00,0x10,0},
    {0x34,0x0BCF,0x01,0x10,0},
    {0x34,0x0BD0,0x00,0x10,0},
    {0x34,0x0BD1,0x01,0x10,0},
    {0x34,0x0BD2,0x00,0x10,0},
    {0x34,0x0BD3,0x01,0x10,0},
    {0x34,0x0BD4,0x00,0x10,0},
    {0x34,0x0BD5,0x01,0x10,0},
    {0x34,0x0BD6,0x00,0x10,0},
    {0x34,0x0BD7,0x01,0x10,0},
    {0x34,0x0BD8,0x00,0x10,0},
    {0x34,0x0BD9,0x01,0x10,0},
    {0x34,0x0BDA,0x00,0x10,0},
    {0x34,0x0BDB,0x01,0x10,0},
    {0x34,0x0BDC,0x00,0x10,0},
    {0x34,0x0BDD,0x01,0x10,0},
    {0x34,0x0BDE,0x00,0x10,0},
    {0x34,0x0BDF,0x01,0x10,0},
    {0x34,0x0BE0,0x00,0x10,0},
    {0x34,0x0BE1,0x01,0x10,0},
    {0x34,0x0BE2,0x00,0x10,0},
    {0x34,0x0BE3,0x01,0x10,0},
    {0x34,0x0BE4,0x00,0x10,0},
    {0x34,0x0BE5,0x01,0x10,0},
    {0x34,0x0BE6,0x00,0x10,0},
    {0x34,0x0BE7,0x01,0x10,0},
    {0x34,0x0BE8,0x00,0x10,0},
    {0x34,0x0BE9,0x01,0x10,0},
    {0x34,0x0BEA,0x00,0x10,0},
    {0x34,0x0BEB,0x01,0x10,0},
    {0x34,0x0BEC,0x00,0x10,0},
    {0x34,0x0BED,0x01,0x10,0},
    {0x34,0x0BEE,0x00,0x10,0},
    {0x34,0x0BEF,0x01,0x10,0},
    {0x34,0x0BF0,0x00,0x10,0},
    {0x34,0x0BF1,0x01,0x10,0},
    {0x34,0x0BF2,0x00,0x10,0},
    {0x34,0x0BF3,0x01,0x10,0},
    {0x34,0x0BF4,0x00,0x10,0},
    {0x34,0x0BF5,0x01,0x10,0},
    {0x34,0x0BF6,0x00,0x10,0},
    {0x34,0x0BF7,0x01,0x10,0},
    {0x34,0x0BF8,0x00,0x10,0},
    {0x34,0x0BF9,0x01,0x10,0},
    {0x34,0x0BFA,0x00,0x10,0},
    {0x34,0x0BFB,0x01,0x10,0},
    {0x34,0x0BFC,0x00,0x10,0},
    {0x34,0x0BFD,0x01,0x10,0},
    {0x34,0x0BFE,0x00,0x10,0},
    {0x34,0x0BFF,0x01,0x10,0},
    {0x34,0x0C00,0x00,0x10,0},
    {0x34,0x0C01,0x01,0x10,0},
    {0x34,0x0C02,0x00,0x10,0},
    {0x34,0x0C03,0x01,0x10,0},
    {0x34,0x0C04,0x00,0x10,0},
    {0x34,0x0C05,0x01,0x10,0},
    {0x34,0x0C06,0x00,0x10,0},
    {0x34,0x0C07,0x01,0x10,0},
    {0x34,0x0C08,0x00,0x10,0},
    {0x34,0x0C09,0x01,0x10,0},
    {0x34,0x0C0A,0x00,0x10,0},
    {0x34,0x0C0B,0x01,0x10,0},
    {0x34,0x0C0C,0x00,0x10,0},
    {0x34,0x0C0D,0x01,0x10,0},
    {0x34,0x0C0E,0x00,0x10,0},
    {0x34,0x0C0F,0x01,0x10,0},
    {0x34,0x0C10,0x00,0x10,0},
    {0x34,0x0C11,0x01,0x10,0},
    {0x34,0x0C12,0x00,0x10,0},
    {0x34,0x0C13,0x01,0x10,0},
    {0x34,0x0C14,0x00,0x10,0},
    {0x34,0x0C15,0x01,0x10,0},
    {0x34,0x0C16,0x00,0x10,0},
    {0x34,0x0C17,0x01,0x10,0},
    {0x34,0x0C18,0x00,0x10,0},
    {0x34,0x0C19,0x01,0x10,0},
    {0x34,0x0C1A,0x00,0x10,0},
    {0x34,0x0C1B,0x01,0x10,0},
    {0x34,0x0C1C,0x00,0x10,0},
    {0x34,0x0C1D,0x01,0x10,0},
    {0x34,0x0C1E,0x00,0x10,0},
    {0x34,0x0C1F,0x01,0x10,0},
    {0x34,0x0C20,0x00,0x10,0},
    {0x34,0x0C21,0x01,0x10,0},
    {0x34,0x0C22,0x00,0x10,0},
    {0x34,0x0C23,0x01,0x10,0},
    {0x34,0x0C24,0x00,0x10,0},
    {0x34,0x0C25,0x01,0x10,0},
    {0x34,0x0C26,0x00,0x10,0},
    {0x34,0x0C27,0x01,0x10,0},
    {0x34,0x0C28,0x00,0x10,0},
    {0x34,0x0C29,0x01,0x10,0},
    {0x34,0x0C2A,0x00,0x10,0},
    {0x34,0x0C2B,0x01,0x10,0},
    {0x34,0x0C2C,0x00,0x10,0},
    {0x34,0x0C2D,0x01,0x10,0},
    {0x34,0x0C2E,0x00,0x10,0},
    {0x34,0x0C2F,0x01,0x10,0},
    {0x34,0x0C30,0x00,0x10,0},
    {0x34,0x0C31,0x01,0x10,0},
    {0x34,0x0C32,0x00,0x10,0},
    {0x34,0x0C33,0x01,0x10,0},
    {0x34,0x0C34,0x00,0x10,0},
    {0x34,0x0C35,0x01,0x10,0},
    {0x34,0x0C36,0x00,0x10,0},
    {0x34,0x0C37,0x01,0x10,0},
    {0x34,0x0C38,0x00,0x10,0},
    {0x34,0x0C39,0x01,0x10,0},
    {0x34,0x0C3A,0x00,0x10,0},
    {0x34,0x0C3B,0x01,0x10,0},
    {0x34,0x0C3C,0x00,0x10,0},
    {0x34,0x0C3D,0x01,0x10,0},
    {0x34,0x0C3E,0x00,0x10,0},
    {0x34,0x0C3F,0x01,0x10,0},
    {0x34,0x0C40,0x00,0x10,0},
    {0x34,0x0C41,0x01,0x10,0},
    {0x34,0x0C42,0x00,0x10,0},
    {0x34,0x0C43,0x01,0x10,0},
    {0x34,0x0C44,0x00,0x10,0},
    {0x34,0x0C45,0x01,0x10,0},
    {0x34,0x0C46,0x00,0x10,0},
    {0x34,0x0C47,0x01,0x10,0},
    {0x34,0x0C48,0x00,0x10,0},
    {0x34,0x0C49,0x01,0x10,0},
    {0x34,0x0C4A,0x00,0x10,0},
    {0x34,0x0C4B,0x01,0x10,0},
    {0x34,0x0C4C,0x00,0x10,0},
    {0x34,0x0C4D,0x01,0x10,0},
    {0x34,0x0C4E,0x00,0x10,0},
    {0x34,0x0C4F,0x01,0x10,0},
    {0x34,0x0C50,0x00,0x10,0},
    {0x34,0x0C51,0x01,0x10,0},
    {0x34,0x0C52,0x00,0x10,0},
    {0x34,0x0C53,0x01,0x10,0},
    {0x34,0x0C54,0x00,0x10,0},
    {0x34,0x0C55,0x01,0x10,0},
    {0x34,0x0C56,0x00,0x10,0},
    {0x34,0x0C57,0x01,0x10,0},
    {0x34,0x0C58,0x00,0x10,0},
    {0x34,0x0C59,0x01,0x10,0},
    {0x34,0x0C5A,0x00,0x10,0},
    {0x34,0x0C5B,0x01,0x10,0},
    {0x34,0x0C5C,0x00,0x10,0},
    {0x34,0x0C5D,0x01,0x10,0},
    {0x34,0x0C5E,0x00,0x10,0},
    {0x34,0x0C5F,0x01,0x10,0},
    {0x34,0x0C60,0x00,0x10,0},
    {0x34,0x0C61,0x01,0x10,0},
    {0x34,0x0C62,0x00,0x10,0},
    {0x34,0x0C63,0x01,0x10,0},
    {0x34,0x0C64,0x00,0x10,0},
    {0x34,0x0C65,0x01,0x10,0},
    {0x34,0x0C66,0x00,0x10,0},
    {0x34,0x0C67,0x01,0x10,0},
    {0x34,0x0C68,0x00,0x10,0},
    {0x34,0x0C69,0x01,0x10,0},
    {0x34,0x0C6A,0x00,0x10,0},
    {0x34,0x0C6B,0x01,0x10,0},
    {0x34,0x0C6C,0x00,0x10,0},
    {0x34,0x0C6D,0x01,0x10,0},
    {0x34,0x0C6E,0x00,0x10,0},
    {0x34,0x0C6F,0x01,0x10,0},
    {0x34,0x0C70,0x00,0x10,0},
    {0x34,0x0C71,0x01,0x10,0},
    {0x34,0x0C72,0x00,0x10,0},
    {0x34,0x0C73,0x01,0x10,0},
    {0x34,0x0C74,0x00,0x10,0},
    {0x34,0x0C75,0x01,0x10,0},
    {0x34,0x0C76,0x00,0x10,0},
    {0x34,0x0C77,0x01,0x10,0},
    {0x34,0x0C78,0x00,0x10,0},
    {0x34,0x0C79,0x01,0x10,0},
    {0x34,0x0C7A,0x00,0x10,0},
    {0x34,0x0C7B,0x01,0x10,0},
    {0x34,0x0C7C,0x00,0x10,0},
    {0x34,0x0C7D,0x01,0x10,0},
    {0x34,0x0C7E,0x00,0x10,0},
    {0x34,0x0C7F,0x01,0x10,0},
    {0x34,0x0C80,0x00,0x10,0},
    {0x34,0x0C81,0x01,0x10,0},
    {0x34,0x0C82,0x00,0x10,0},
    {0x34,0x0C83,0x01,0x10,0},
    {0x34,0x0C84,0x00,0x10,0},
    {0x34,0x0C85,0x01,0x10,0},
    {0x34,0x0C86,0x00,0x10,0},
    {0x34,0x0C87,0x01,0x10,0},
    {0x34,0x0C88,0x00,0x10,0},
    {0x34,0x0C89,0x01,0x10,0},
    {0x34,0x0C8A,0x00,0x10,0},
    {0x34,0x0C8B,0x01,0x10,0},
    {0x34,0x0C8C,0x00,0x10,0},
    {0x34,0x0C8D,0x01,0x10,0},
    {0x34,0x0C8E,0x00,0x10,0},
    {0x34,0x0C8F,0x01,0x10,0},
    {0x34,0x0C90,0x00,0x10,0},
    {0x34,0x0C91,0x01,0x10,0},
    {0x34,0x0C92,0x00,0x10,0},
    {0x34,0x0C93,0x01,0x10,0},
    {0x34,0x0C94,0x00,0x10,0},
    {0x34,0x0C95,0x01,0x10,0},
    {0x34,0x0C96,0x00,0x10,0},
    {0x34,0x0C97,0x01,0x10,0},
    {0x34,0x0C98,0x00,0x10,0},
    {0x34,0x0C99,0x01,0x10,0},
    {0x34,0x0C9A,0x00,0x10,0},
    {0x34,0x0C9B,0x01,0x10,0},
    {0x34,0x0C9C,0x00,0x10,0},
    {0x34,0x0C9D,0x01,0x10,0},
    {0x34,0x0C9E,0x00,0x10,0},
    {0x34,0x0C9F,0x01,0x10,0},
    {0x34,0x0CA0,0x00,0x10,0},
    {0x34,0x0CA1,0x01,0x10,0},
    {0x34,0x0CA2,0x00,0x10,0},
    {0x34,0x0CA3,0x01,0x10,0},
    {0x34,0x0CA4,0x00,0x10,0},
    {0x34,0x0CA5,0x01,0x10,0},
    {0x34,0x0CA6,0x00,0x10,0},
    {0x34,0x0CA7,0x01,0x10,0},
    {0x34,0x0CA8,0x00,0x10,0},
    {0x34,0x0CA9,0x01,0x10,0},
    {0x34,0x0CAA,0x00,0x10,0},
    {0x34,0x0CAB,0x01,0x10,0},
    {0x34,0x0CAC,0x00,0x10,0},
    {0x34,0x0CAD,0x01,0x10,0},
    {0x34,0x0CAE,0x00,0x10,0},
    {0x34,0x0CAF,0x01,0x10,0},
    {0x34,0x0CB0,0x00,0x10,0},
    {0x34,0x0CB1,0x01,0x10,0},
    {0x34,0x0CB2,0x00,0x10,0},
    {0x34,0x0CB3,0x01,0x10,0},
    {0x34,0x0CB4,0x00,0x10,0},
    {0x34,0x0CB5,0x01,0x10,0},
    {0x34,0x0CB6,0x00,0x10,0},
    {0x34,0x0CB7,0x01,0x10,0},
    {0x34,0x0CB8,0x00,0x10,0},
    {0x34,0x0CB9,0x01,0x10,0},
    {0x34,0x0CBA,0x00,0x10,0},
    {0x34,0x0CBB,0x01,0x10,0},
    {0x34,0x0CBC,0x00,0x10,0},
    {0x34,0x0CBD,0x01,0x10,0},
    {0x34,0x0CBE,0x00,0x10,0},
    {0x34,0x0CBF,0x01,0x10,0},
    {0x34,0x0CC0,0x00,0x10,0},
    {0x34,0x0CC1,0x01,0x10,0},
    {0x34,0x0CC2,0x00,0x10,0},
    {0x34,0x0CC3,0x01,0x10,0},
    {0x34,0x0CC4,0x00,0x10,0},
    {0x34,0x0CC5,0x01,0x10,0},
    {0x34,0x0CC6,0x00,0x10,0},
    {0x34,0x0CC7,0x01,0x10,0},
    {0x34,0x0CC8,0x00,0x10,0},
    {0x34,0x0CC9,0x01,0x10,0},
    {0x34,0x0CCA,0x00,0x10,0},
    {0x34,0x0CCB,0x01,0x10,0},
    {0x34,0x0CCC,0x00,0x10,0},
    {0x34,0x0CCD,0x01,0x10,0},
    {0x34,0x0CCE,0x00,0x10,0},
    {0x34,0x0CCF,0x01,0x10,0},
    {0x34,0x0CD0,0x00,0x10,0},
    {0x34,0x0CD1,0x01,0x10,0},
    {0x34,0x0CD2,0x00,0x10,0},
    {0x34,0x0CD3,0x01,0x10,0},
    {0x34,0x0CD4,0x00,0x10,0},
    {0x34,0x0CD5,0x01,0x10,0},
    {0x34,0x0CD6,0x00,0x10,0},
    {0x34,0x0CD7,0x01,0x10,0},
    {0x34,0x0CD8,0x00,0x10,0},
    {0x34,0x0CD9,0x01,0x10,0},
    {0x34,0x0CDA,0x00,0x10,0},
    {0x34,0x0CDB,0x01,0x10,0},
    {0x34,0x0CDC,0x00,0x10,0},
    {0x34,0x0CDD,0x01,0x10,0},
    {0x34,0x0CDE,0x00,0x10,0},
    {0x34,0x0CDF,0x01,0x10,0},
    {0x34,0x0CE0,0x00,0x10,0},
    {0x34,0x0CE1,0x01,0x10,0},
    {0x34,0x0CE2,0x00,0x10,0},
    {0x34,0x0CE3,0x01,0x10,0},
    {0x34,0x0CE4,0x00,0x10,0},
    {0x34,0x0CE5,0x01,0x10,0},
    {0x34,0x0CE6,0x00,0x10,0},
    {0x34,0x0CE7,0x01,0x10,0},
    {0x34,0x0CE8,0x00,0x10,0},
    {0x34,0x0CE9,0x01,0x10,0},
    {0x34,0x0CEA,0x00,0x10,0},
    {0x34,0x0CEB,0x01,0x10,0},
    {0x34,0x0CEC,0x00,0x10,0},
    {0x34,0x0CED,0x01,0x10,0},
    {0x34,0x0CEE,0x00,0x10,0},
    {0x34,0x0CEF,0x01,0x10,0},
    {0x34,0x0CF0,0x00,0x10,0},
    {0x34,0x0CF1,0x01,0x10,0},
    {0x34,0x0CF2,0x00,0x10,0},
    {0x34,0x0CF3,0x01,0x10,0},
    {0x34,0x0CF4,0x00,0x10,0},
    {0x34,0x0CF5,0x01,0x10,0},
    {0x34,0x0CF6,0x00,0x10,0},
    {0x34,0x0CF7,0x01,0x10,0},
    {0x34,0x0CF8,0x00,0x10,0},
    {0x34,0x0CF9,0x01,0x10,0},
    {0x34,0x0CFA,0x00,0x10,0},
    {0x34,0x0CFB,0x01,0x10,0},
    {0x34,0x0CFC,0x00,0x10,0},
    {0x34,0x0CFD,0x01,0x10,0},
    {0x34,0x0CFE,0x00,0x10,0},
    {0x34,0x0CFF,0x01,0x10,0},
    {0x34,0x0D00,0x00,0x10,0},
    {0x34,0x0D01,0x01,0x10,0},
    {0x34,0x0D02,0x00,0x10,0},
    {0x34,0x0D03,0x01,0x10,0},
    {0x34,0x0D04,0x00,0x10,0},
    {0x34,0x0D05,0x01,0x10,0},
    {0x34,0x0D06,0x00,0x10,0},
    {0x34,0x0D07,0x01,0x10,0},
    {0x34,0x0D08,0x00,0x10,0},
    {0x34,0x0D09,0x01,0x10,0},
    {0x34,0x0D0A,0x00,0x10,0},
    {0x34,0x0D0B,0x01,0x10,0},
    {0x34,0x0D0C,0x00,0x10,0},
    {0x34,0x0D0D,0x01,0x10,0},
    {0x34,0x0D0E,0x00,0x10,0},
    {0x34,0x0D0F,0x01,0x10,0},
    {0x34,0x0D10,0x00,0x10,0},
    {0x34,0x0D11,0x01,0x10,0},
    {0x34,0x0D12,0x00,0x10,0},
    {0x34,0x0D13,0x01,0x10,0},
    {0x34,0x0D14,0x00,0x10,0},
    {0x34,0x0D15,0x01,0x10,0},
    {0x34,0x0D16,0x00,0x10,0},
    {0x34,0x0D17,0x01,0x10,0},
    {0x34,0x0D18,0x00,0x10,0},
    {0x34,0x0D19,0x01,0x10,0},
    {0x34,0x0D1A,0x00,0x10,0},
    {0x34,0x0D1B,0x01,0x10,0},
    {0x34,0x0D1C,0x00,0x10,0},
    {0x34,0x0D1D,0x01,0x10,0},
    {0x34,0x0D1E,0x00,0x10,0},
    {0x34,0x0D1F,0x01,0x10,0},
    {0x34,0x0D20,0x00,0x10,0},
    {0x34,0x0D21,0x01,0x10,0},
    {0x34,0x0D22,0x00,0x10,0},
    {0x34,0x0D23,0x01,0x10,0},
    {0x34,0x0D24,0x00,0x10,0},
    {0x34,0x0D25,0x01,0x10,0},
    {0x34,0x0D26,0x00,0x10,0},
    {0x34,0x0D27,0x01,0x10,0},
    {0x34,0x0D28,0x00,0x10,0},
    {0x34,0x0D29,0x01,0x10,0},
    {0x34,0x0D2A,0x00,0x10,0},
    {0x34,0x0D2B,0x01,0x10,0},
    {0x34,0x0D2C,0x00,0x10,0},
    {0x34,0x0D2D,0x01,0x10,0},
    {0x34,0x0D2E,0x00,0x10,0},
    {0x34,0x0D2F,0x01,0x10,0},
    {0x34,0x0D30,0x00,0x10,0},
    {0x34,0x0D31,0x01,0x10,0},
    {0x34,0x0D32,0x00,0x10,0},
    {0x34,0x0D33,0x01,0x10,0},
    {0x34,0x0D34,0x00,0x10,0},
    {0x34,0x0D35,0x01,0x10,0},
    {0x34,0x0D36,0x00,0x10,0},
    {0x34,0x0D37,0x01,0x10,0},
    {0x34,0x0D38,0x00,0x10,0},
    {0x34,0x0D39,0x01,0x10,0},
    {0x34,0x0D3A,0x00,0x10,0},
    {0x34,0x0D3B,0x01,0x10,0},
    {0x34,0x0D3C,0x00,0x10,0},
    {0x34,0x0D3D,0x01,0x10,0},
    {0x34,0x0D3E,0x00,0x10,0},
    {0x34,0x0D3F,0x01,0x10,0},
    {0x34,0x0D40,0x00,0x10,0},
    {0x34,0x0D41,0x01,0x10,0},
    {0x34,0x0D42,0x00,0x10,0},
    {0x34,0x0D43,0x01,0x10,0},
    {0x34,0x0D44,0x00,0x10,0},
    {0x34,0x0D45,0x01,0x10,0},
    {0x34,0x0D46,0x00,0x10,0},
    {0x34,0x0D47,0x01,0x10,0},
    {0x34,0x0D48,0x00,0x10,0},
    {0x34,0x0D49,0x01,0x10,0},
    {0x34,0x0D4A,0x00,0x10,0},
    {0x34,0x0D4B,0x01,0x10,0},
    {0x34,0x0D4C,0x00,0x10,0},
    {0x34,0x0D4D,0x01,0x10,0},
    {0x34,0x0D4E,0x00,0x10,0},
    {0x34,0x0D4F,0x01,0x10,0},
    {0x34,0x0D50,0x00,0x10,0},
    {0x34,0x0D51,0x01,0x10,0},
    {0x34,0x0D52,0x00,0x10,0},
    {0x34,0x0D53,0x01,0x10,0},
    {0x34,0x0D54,0x00,0x10,0},
    {0x34,0x0D55,0x01,0x10,0},
    {0x34,0x0D56,0x00,0x10,0},
    {0x34,0x0D57,0x01,0x10,0},
    {0x34,0x0D58,0x00,0x10,0},
    {0x34,0x0D59,0x01,0x10,0},
    {0x34,0x0D5A,0x00,0x10,0},
    {0x34,0x0D5B,0x01,0x10,0},
    {0x34,0x0D5C,0x00,0x10,0},
    {0x34,0x0D5D,0x01,0x10,0},
    {0x34,0x0D5E,0x00,0x10,0},
    {0x34,0x0D5F,0x01,0x10,0},
    {0x34,0x0D60,0x00,0x10,0},
    {0x34,0x0D61,0x01,0x10,0},
    {0x34,0x0D62,0x00,0x10,0},
    {0x34,0x0D63,0x01,0x10,0},
    {0x34,0x0D64,0x00,0x10,0},
    {0x34,0x0D65,0x01,0x10,0},
    {0x34,0x0D66,0x00,0x10,0},
    {0x34,0x0D67,0x01,0x10,0},
    {0x34,0x0D68,0x00,0x10,0},
    {0x34,0x0D69,0x01,0x10,0},
    {0x34,0x0D6A,0x00,0x10,0},
    {0x34,0x0D6B,0x01,0x10,0},
    {0x34,0x0D6C,0x00,0x10,0},
    {0x34,0x0D6D,0x01,0x10,0},
    {0x34,0x0D6E,0x00,0x10,0},
    {0x34,0x0D6F,0x01,0x10,0},
    {0x34,0x0D70,0x00,0x10,0},
    {0x34,0x0D71,0x01,0x10,0},
    {0x34,0x0D72,0x00,0x10,0},
    {0x34,0x0D73,0x01,0x10,0},
    {0x34,0x0D74,0x00,0x10,0},
    {0x34,0x0D75,0x01,0x10,0},
    {0x34,0x0D76,0x00,0x10,0},
    {0x34,0x0D77,0x01,0x10,0},
    {0x34,0x0D78,0x00,0x10,0},
    {0x34,0x0D79,0x01,0x10,0},
    {0x34,0x0D7A,0x00,0x10,0},
    {0x34,0x0D7B,0x01,0x10,0},
    {0x34,0x0D7C,0x00,0x10,0},
    {0x34,0x0D7D,0x01,0x10,0},
    {0x34,0x0D7E,0x00,0x10,0},
    {0x34,0x0D7F,0x01,0x10,0},
    {0x34,0x0D80,0x00,0x10,0},
    {0x34,0x0D81,0x01,0x10,0},
    {0x34,0x0D82,0x00,0x10,0},
    {0x34,0x0D83,0x01,0x10,0},
    {0x34,0x0D84,0x00,0x10,0},
    {0x34,0x0D85,0x01,0x10,0},
    {0x34,0x0D86,0x00,0x10,0},
    {0x34,0x0D87,0x01,0x10,0},
    {0x34,0x0D88,0x00,0x10,0},
    {0x34,0x0D89,0x01,0x10,0},
    {0x34,0x0D8A,0x00,0x10,0},
    {0x34,0x0D8B,0x01,0x10,0},
    {0x34,0x0D8C,0x00,0x10,0},
    {0x34,0x0D8D,0x01,0x10,0},
    {0x34,0x0D8E,0x00,0x10,0},
    {0x34,0x0D8F,0x01,0x10,0},
    {0x34,0x0D90,0x00,0x10,0},
    {0x34,0x0D91,0x01,0x10,0},
    {0x34,0x0D92,0x00,0x10,0},
    {0x34,0x0D93,0x01,0x10,0},
    {0x34,0x0D94,0x00,0x10,0},
    {0x34,0x0D95,0x01,0x10,0},
    {0x34,0x0D96,0x00,0x10,0},
    {0x34,0x0D97,0x01,0x10,0},
    {0x34,0x0D98,0x00,0x10,0},
    {0x34,0x0D99,0x01,0x10,0},
    {0x34,0x0D9A,0x00,0x10,0},
    {0x34,0x0D9B,0x01,0x10,0},
    {0x34,0x0D9C,0x00,0x10,0},
    {0x34,0x0D9D,0x01,0x10,0},
    {0x34,0x0D9E,0x00,0x10,0},
    {0x34,0x0D9F,0x01,0x10,0},
    {0x34,0x0DA0,0x00,0x10,0},
    {0x34,0x0DA1,0x01,0x10,0},
    {0x34,0x0DA2,0x00,0x10,0},
    {0x34,0x0DA3,0x01,0x10,0},
    {0x34,0x0DA4,0x00,0x10,0},
    {0x34,0x0DA5,0x01,0x10,0},
    {0x34,0x0DA6,0x00,0x10,0},
    {0x34,0x0DA7,0x01,0x10,0},
    {0x34,0x0DA8,0x00,0x10,0},
    {0x34,0x0DA9,0x01,0x10,0},
    {0x34,0x0DAA,0x00,0x10,0},
    {0x34,0x0DAB,0x01,0x10,0},
    {0x34,0x0DAC,0x00,0x10,0},
    {0x34,0x0DAD,0x01,0x10,0},
    {0x34,0x0DAE,0x00,0x10,0},
    {0x34,0x0DAF,0x01,0x10,0},
    {0x34,0x0DB0,0x00,0x10,0},
    {0x34,0x0DB1,0x01,0x10,0},
    {0x34,0x0DB2,0x00,0x10,0},
    {0x34,0x0DB3,0x01,0x10,0},
    {0x34,0x0DB4,0x00,0x10,0},
    {0x34,0x0DB5,0x01,0x10,0},
    {0x34,0x0DB6,0x00,0x10,0},
    {0x34,0x0DB7,0x01,0x10,0},
    {0x34,0x0DB8,0x00,0x10,0},
    {0x34,0x0DB9,0x01,0x10,0},
    {0x34,0x0DBA,0x00,0x10,0},
    {0x34,0x0DBB,0x01,0x10,0},
    {0x34,0x0DBC,0x00,0x10,0},
    {0x34,0x0DBD,0x01,0x10,0},
    {0x34,0x0DBE,0x00,0x10,0},
    {0x34,0x0DBF,0x01,0x10,0},
    {0x34,0x0DC0,0x00,0x10,0},
    {0x34,0x0DC1,0x01,0x10,0},
    {0x34,0x0DC2,0x00,0x10,0},
    {0x34,0x0DC3,0x01,0x10,0},
    {0x34,0x0DC4,0x00,0x10,0},
    {0x34,0x0DC5,0x01,0x10,0},
    {0x34,0x0DC6,0x00,0x10,0},
    {0x34,0x0DC7,0x01,0x10,0},
    {0x34,0x0DC8,0x00,0x10,0},
    {0x34,0x0DC9,0x01,0x10,0},
    {0x34,0x0DCA,0x00,0x10,0},
    {0x34,0x0DCB,0x01,0x10,0},
    {0x34,0x0DCC,0x00,0x10,0},
    {0x34,0x0DCD,0x01,0x10,0},
    {0x34,0x0DCE,0x00,0x10,0},
    {0x34,0x0DCF,0x01,0x10,0},
    {0x34,0x0DD0,0x00,0x10,0},
    {0x34,0x0DD1,0x01,0x10,0},
    {0x34,0x0DD2,0x00,0x10,0},
    {0x34,0x0DD3,0x01,0x10,0},
    {0x34,0x0DD4,0x00,0x10,0},
    {0x34,0x0DD5,0x01,0x10,0},
    {0x34,0x0DD6,0x00,0x10,0},
    {0x34,0x0DD7,0x01,0x10,0},
    {0x34,0x0DD8,0x00,0x10,0},
    {0x34,0x0DD9,0x01,0x10,0},
    {0x34,0x0DDA,0x00,0x10,0},
    {0x34,0x0DDB,0x01,0x10,0},
    {0x34,0x0DDC,0x00,0x10,0},
    {0x34,0x0DDD,0x01,0x10,0},
    {0x34,0x0DDE,0x00,0x10,0},
    {0x34,0x0DDF,0x01,0x10,0},
    {0x34,0x0DE0,0x00,0x10,0},
    {0x34,0x0DE1,0x01,0x10,0},
    {0x34,0x0DE2,0x00,0x10,0},
    {0x34,0x0DE3,0x01,0x10,0},
    {0x34,0x0DE4,0x00,0x10,0},
    {0x34,0x0DE5,0x01,0x10,0},
    {0x34,0x0DE6,0x00,0x10,0},
    {0x34,0x0DE7,0x01,0x10,0},
    {0x34,0x0DE8,0x00,0x10,0},
    {0x34,0x0DE9,0x01,0x10,0},
    {0x34,0x0DEA,0x00,0x10,0},
    {0x34,0x0DEB,0x01,0x10,0},
    {0x34,0x0DEC,0x00,0x10,0},
    {0x34,0x0DED,0x01,0x10,0},
    {0x34,0x0DEE,0x00,0x10,0},
    {0x34,0x0DEF,0x01,0x10,0},
    {0x34,0x0DF0,0x00,0x10,0},
    {0x34,0x0DF1,0x01,0x10,0},
    {0x34,0x0DF2,0x00,0x10,0},
    {0x34,0x0DF3,0x01,0x10,0},
    {0x34,0x0DF4,0x00,0x10,0},
    {0x34,0x0DF5,0x01,0x10,0},
    {0x34,0x0DF6,0x00,0x10,0},
    {0x34,0x0DF7,0x01,0x10,0},
    {0x34,0x0DF8,0x00,0x10,0},
    {0x34,0x0DF9,0x01,0x10,0},
    {0x34,0x0DFA,0x00,0x10,0},
    {0x34,0x0DFB,0x01,0x10,0},
    {0x34,0x0DFC,0x00,0x10,0},
    {0x34,0x0DFD,0x01,0x10,0},
    {0x34,0x0DFE,0x00,0x10,0},
    {0x34,0x0DFF,0x01,0x10,0},
    {0x34,0x0E00,0x00,0x10,0},
    {0x34,0x0E01,0x01,0x10,0},
    {0x34,0x0E02,0x00,0x10,0},
    {0x34,0x0E03,0x01,0x10,0},
    {0x34,0x0E04,0x00,0x10,0},
    {0x34,0x0E05,0x01,0x10,0},
    {0x34,0x0E06,0x00,0x10,0},
    {0x34,0x0E07,0x01,0x10,0},
    {0x34,0x0E08,0x00,0x10,0},
    {0x34,0x0E09,0x01,0x10,0},
    {0x34,0x0E0A,0x00,0x10,0},
    {0x34,0x0E0B,0x01,0x10,0},
    {0x34,0x0E0C,0x00,0x10,0},
    {0x34,0x0E0D,0x01,0x10,0},
    {0x34,0x0E0E,0x00,0x10,0},
    {0x34,0x0E0F,0x01,0x10,0},
    {0x34,0x0E10,0x00,0x10,0},
    {0x34,0x0E11,0x01,0x10,0},
    {0x34,0x0E12,0x00,0x10,0},
    {0x34,0x0E13,0x01,0x10,0},
    {0x34,0x0E14,0x00,0x10,0},
    {0x34,0x0E15,0x01,0x10,0},
    {0x34,0x0E16,0x00,0x10,0},
    {0x34,0x0E17,0x01,0x10,0},
    {0x34,0x0E18,0x00,0x10,0},
    {0x34,0x0E19,0x01,0x10,0},
    {0x34,0x0E1A,0x00,0x10,0},
    {0x34,0x0E1B,0x01,0x10,0},
    {0x34,0x0E1C,0x00,0x10,0},
    {0x34,0x0E1D,0x01,0x10,0},
    {0x34,0x0E1E,0x00,0x10,0},
    {0x34,0x0E1F,0x01,0x10,0},
    {0x34,0x0E20,0x00,0x10,0},
    {0x34,0x0E21,0x01,0x10,0},
    {0x34,0x0E22,0x00,0x10,0},
    {0x34,0x0E23,0x01,0x10,0},
    {0x34,0x0E24,0x00,0x10,0},
    {0x34,0x0E25,0x01,0x10,0},
    {0x34,0x0E26,0x00,0x10,0},
    {0x34,0x0E27,0x01,0x10,0},
    {0x34,0x0E28,0x00,0x10,0},
    {0x34,0x0E29,0x01,0x10,0},
    {0x34,0x0E2A,0x00,0x10,0},
    {0x34,0x0E2B,0x01,0x10,0},
    {0x34,0x0E2C,0x00,0x10,0},
    {0x34,0x0E2D,0x01,0x10,0},
    {0x34,0x0E2E,0x00,0x10,0},
    {0x34,0x0E2F,0x01,0x10,0},
    {0x34,0x0E30,0x00,0x10,0},
    {0x34,0x0E31,0x01,0x10,0},
    {0x34,0x0E32,0x00,0x10,0},
    {0x34,0x0E33,0x01,0x10,0},
    {0x34,0x0E34,0x00,0x10,0},
    {0x34,0x0E35,0x01,0x10,0},
    {0x34,0x0E36,0x00,0x10,0},
    {0x34,0x0E37,0x01,0x10,0},
    {0x34,0x0E38,0x00,0x10,0},
    {0x34,0x0E39,0x01,0x10,0},
    {0x34,0x0E3A,0x00,0x10,0},
    {0x34,0x0E3B,0x01,0x10,0},
    {0x34,0x0E3C,0x00,0x10,0},
    {0x34,0x0E3D,0x01,0x10,0},
    {0x34,0x0E3E,0x00,0x10,0},
    {0x34,0x0E3F,0x01,0x10,0},
    {0x34,0x0E40,0x00,0x10,0},
    {0x34,0x0E41,0x01,0x10,0},
    {0x34,0x0E42,0x00,0x10,0},
    {0x34,0x0E43,0x01,0x10,0},
    {0x34,0x0E44,0x00,0x10,0},
    {0x34,0x0E45,0x01,0x10,0},
    {0x34,0x0E46,0x00,0x10,0},
    {0x34,0x0E47,0x01,0x10,0},
    {0x34,0x0E48,0x00,0x10,0},
    {0x34,0x0E49,0x01,0x10,0},
    {0x34,0x0E4A,0x00,0x10,0},
    {0x34,0x0E4B,0x01,0x10,0},
    {0x34,0x0E4C,0x00,0x10,0},
    {0x34,0x0E4D,0x01,0x10,0},
    {0x34,0x0E4E,0x00,0x10,0},
    {0x34,0x0E4F,0x01,0x10,0},
    {0x34,0x0E50,0x00,0x10,0},
    {0x34,0x0E51,0x01,0x10,0},
    {0x34,0x0E52,0x00,0x10,0},
    {0x34,0x0E53,0x01,0x10,0},
    {0x34,0x0E54,0x00,0x10,0},
    {0x34,0x0E55,0x01,0x10,0},
    {0x34,0x0E56,0x00,0x10,0},
    {0x34,0x0E57,0x01,0x10,0},
    {0x34,0x0E58,0x00,0x10,0},
    {0x34,0x0E59,0x01,0x10,0},
    {0x34,0x0E5A,0x00,0x10,0},
    {0x34,0x0E5B,0x01,0x10,0},
    {0x34,0x0E5C,0x00,0x10,0},
    {0x34,0x0E5D,0x01,0x10,0},
    {0x34,0x0E5E,0x00,0x10,0},
    {0x34,0x0E5F,0x01,0x10,0},
    {0x34,0x0E60,0x00,0x10,0},
    {0x34,0x0E61,0x01,0x10,0},
    {0x34,0x0E62,0x00,0x10,0},
    {0x34,0x0E63,0x01,0x10,0},
    {0x34,0x0E64,0x00,0x10,0},
    {0x34,0x0E65,0x01,0x10,0},
    {0x34,0x0E66,0x00,0x10,0},
    {0x34,0x0E67,0x01,0x10,0},
    {0x34,0x0E68,0x00,0x10,0},
    {0x34,0x0E69,0x01,0x10,0},
    {0x34,0x0E6A,0x00,0x10,0},
    {0x34,0x0E6B,0x01,0x10,0},
    {0x34,0x0E6C,0x00,0x10,0},
    {0x34,0x0E6D,0x01,0x10,0},
    {0x34,0x0E6E,0x00,0x10,0},
    {0x34,0x0E6F,0x01,0x10,0},
    {0x34,0x0E70,0x00,0x10,0},
    {0x34,0x0E71,0x01,0x10,0},
    {0x34,0x0E72,0x00,0x10,0},
    {0x34,0x0E73,0x01,0x10,0},
    {0x34,0x0E74,0x00,0x10,0},
    {0x34,0x0E75,0x01,0x10,0},
    {0x34,0x0E76,0x00,0x10,0},
    {0x34,0x0E77,0x01,0x10,0},
    {0x34,0x0E78,0x00,0x10,0},
    {0x34,0x0E79,0x01,0x10,0},
    {0x34,0x0E7A,0x00,0x10,0},
    {0x34,0x0E7B,0x01,0x10,0},
    {0x34,0x0E7C,0x00,0x10,0},
    {0x34,0x0E7D,0x01,0x10,0},
    {0x34,0x0E7E,0x00,0x10,0},
    {0x34,0x0E7F,0x01,0x10,0},
    {0x34,0x0E80,0x00,0x10,0},
    {0x34,0x0E81,0x01,0x10,0},
    {0x34,0x0E82,0x00,0x10,0},
    {0x34,0x0E83,0x01,0x10,0},
    {0x34,0x0E84,0x00,0x10,0},
    {0x34,0x0E85,0x01,0x10,0},
    {0x34,0x0E86,0x00,0x10,0},
    {0x34,0x0E87,0x01,0x10,0},
    {0x34,0x0E88,0x00,0x10,0},
    {0x34,0x0E89,0x01,0x10,0},
    {0x34,0x0E8A,0x00,0x10,0},
    {0x34,0x0E8B,0x01,0x10,0},
    {0x34,0x0E8C,0x00,0x10,0},
    {0x34,0x0E8D,0x01,0x10,0},
    {0x34,0x0E8E,0x00,0x10,0},
    {0x34,0x0E8F,0x01,0x10,0},
    {0x34,0x0E90,0x00,0x10,0},
    {0x34,0x0E91,0x01,0x10,0},
    {0x34,0x0E92,0x00,0x10,0},
    {0x34,0x0E93,0x01,0x10,0},
    {0x34,0x0E94,0x00,0x10,0},
    {0x34,0x0E95,0x01,0x10,0},
    {0x34,0x0E96,0x00,0x10,0},
    {0x34,0x0E97,0x01,0x10,0},
    {0x34,0x0E98,0x00,0x10,0},
    {0x34,0x0E99,0x01,0x10,0},
    {0x34,0x0E9A,0x00,0x10,0},
    {0x34,0x0E9B,0x01,0x10,0},
    {0x34,0x0E9C,0x00,0x10,0},
    {0x34,0x0E9D,0x01,0x10,0},
    {0x34,0x0E9E,0x00,0x10,0},
    {0x34,0x0E9F,0x01,0x10,0},
    {0x34,0x0EA0,0x00,0x10,0},
    {0x34,0x0EA1,0x01,0x10,0},
    {0x34,0x0EA2,0x00,0x10,0},
    {0x34,0x0EA3,0x01,0x10,0},
    {0x34,0x0EA4,0x00,0x10,0},
    {0x34,0x0EA5,0x01,0x10,0},
    {0x34,0x0EA6,0x00,0x10,0},
    {0x34,0x0EA7,0x01,0x10,0},
    {0x34,0x0EA8,0x00,0x10,0},
    {0x34,0x0EA9,0x01,0x10,0},
    {0x34,0x0EAA,0x00,0x10,0},
    {0x34,0x0EAB,0x01,0x10,0},
    {0x34,0x0EAC,0x00,0x10,0},
    {0x34,0x0EAD,0x01,0x10,0},
    {0x34,0x0EAE,0x00,0x10,0},
    {0x34,0x0EAF,0x01,0x10,0},
    {0x34,0x0EB0,0x00,0x10,0},
    {0x34,0x0EB1,0x01,0x10,0},
    {0x34,0x0EB2,0x00,0x10,0},
    {0x34,0x0EB3,0x01,0x10,0},
    {0x34,0x0EB4,0x00,0x10,0},
    {0x34,0x0EB5,0x01,0x10,0},
    {0x34,0x0EB6,0x00,0x10,0},
    {0x34,0x0EB7,0x01,0x10,0},
    {0x34,0x0EB8,0x00,0x10,0},
    {0x34,0x0EB9,0x01,0x10,0},
    {0x34,0x0EBA,0x00,0x10,0},
    {0x34,0x0EBB,0x01,0x10,0},
    {0x34,0x0EBC,0x00,0x10,0},
    {0x34,0x0EBD,0x01,0x10,0},
    {0x34,0x0EBE,0x00,0x10,0},
    {0x34,0x0EBF,0x01,0x10,0},
    {0x34,0x0EC0,0x00,0x10,0},
    {0x34,0x0EC1,0x01,0x10,0},
    {0x34,0x0EC2,0x00,0x10,0},
    {0x34,0x0EC3,0x01,0x10,0},
    {0x34,0x0EC4,0x00,0x10,0},
    {0x34,0x0EC5,0x01,0x10,0},
    {0x34,0x0EC6,0x00,0x10,0},
    {0x34,0x0EC7,0x01,0x10,0},
    {0x34,0x0EC8,0x00,0x10,0},
    {0x34,0x0EC9,0x01,0x10,0},
    {0x34,0x0ECA,0x00,0x10,0},
    {0x34,0x0ECB,0x01,0x10,0},
    {0x34,0x0ECC,0x00,0x10,0},
    {0x34,0x0ECD,0x01,0x10,0},
    {0x34,0x0ECE,0x00,0x10,0},
    {0x34,0x0ECF,0x01,0x10,0},
    {0x34,0x0ED0,0x00,0x10,0},
    {0x34,0x0ED1,0x01,0x10,0},
    {0x34,0x0ED2,0x00,0x10,0},
    {0x34,0x0ED3,0x01,0x10,0},
    {0x34,0x0ED4,0x00,0x10,0},
    {0x34,0x0ED5,0x01,0x10,0},
    {0x34,0x0ED6,0x00,0x10,0},
    {0x34,0x0ED7,0x01,0x10,0},
    {0x34,0x0ED8,0x00,0x10,0},
    {0x34,0x0ED9,0x01,0x10,0},
    {0x34,0x0EDA,0x00,0x10,0},
    {0x34,0x0EDB,0x01,0x10,0},
    {0x34,0x0EDC,0x00,0x10,0},
    {0x34,0x0EDD,0x01,0x10,0},
    {0x34,0x0EDE,0x00,0x10,0},
    {0x34,0x0EDF,0x01,0x10,0},
    {0x34,0x0EE0,0x00,0x10,0},
    {0x34,0x0EE1,0x01,0x10,0},
    {0x34,0x0EE2,0x00,0x10,0},
    {0x34,0x0EE3,0x01,0x10,0},
    {0x34,0x0EE4,0x00,0x10,0},
    {0x34,0x0EE5,0x01,0x10,0},
    {0x34,0x0EE6,0x00,0x10,0},
    {0x34,0x0EE7,0x01,0x10,0},
    {0x34,0x0EE8,0x00,0x10,0},
    {0x34,0x0EE9,0x01,0x10,0},
    {0x34,0x0EEA,0x00,0x10,0},
    {0x34,0x0EEB,0x01,0x10,0},
    {0x34,0x0EEC,0x00,0x10,0},
    {0x34,0x0EED,0x01,0x10,0},
    {0x34,0x0EEE,0x00,0x10,0},
    {0x34,0x0EEF,0x01,0x10,0},
    {0x34,0x0EF0,0x00,0x10,0},
    {0x34,0x0EF1,0x01,0x10,0},
    {0x34,0x0EF2,0x00,0x10,0},
    {0x34,0x0EF3,0x01,0x10,0},
    {0x34,0x0EF4,0x00,0x10,0},
    {0x34,0x0EF5,0x01,0x10,0},
    {0x34,0x0EF6,0x00,0x10,0},
    {0x34,0x0EF7,0x01,0x10,0},
    {0x34,0x0EF8,0x00,0x10,0},
    {0x34,0x0EF9,0x01,0x10,0},
    {0x34,0x0EFA,0x00,0x10,0},
    {0x34,0x0EFB,0x01,0x10,0},
    {0x34,0x0EFC,0x00,0x10,0},
    {0x34,0x0EFD,0x01,0x10,0},
    {0x34,0x0EFE,0x00,0x10,0},
    {0x34,0x0EFF,0x01,0x10,0},
    {0x34,0x37FD,0x00,0x10,0},
    {0x34,0x37FE,0x00,0x10,0},
    {0x34,0x37FF,0x00,0x10,0},
    {0x34,0x3800,0x00,0x10,0},
    {0x34,0x36E0,0xE5,0x10,0},
    {0x34,0x36E4,0xF0,0x10,0},
    {0x34,0x36E5,0x0A,0x10,0},
    {0x34,0x36E6,0x08,0x10,0},
    {0x34,0x36E7,0x00,0x10,0},
    {0x34,0x36E8,0x44,0x10,0},
    {0x34,0x36E9,0x07,0x10,0},
    {0x34,0x36EA,0x08,0x10,0},
    {0x34,0x36EB,0x00,0x10,0},
    {0x34,0x36EC,0x01,0x10,0},
    {0x34,0x0F85,0x02,0x10,0},
    {0x34,0x36C0,0x94,0x10,0},
    {0x34,0x36C1,0x02,0x10,0},
    {0x34,0x36C2,0x00,0x10,0},
    {0x34,0x36C4,0x94,0x10,0},
    {0x34,0x36C5,0x02,0x10,0},
    {0x34,0x36C6,0x00,0x10,0},
    {0x34,0x36C8,0x3C,0x10,0},
    {0x34,0x36C9,0x00,0x10,0},
    {0x34,0x36CA,0x0E,0x10,0},
    {0x34,0x36CB,0x00,0x10,0},
    {0x34,0x36CC,0x62,0x10,0},
    {0x34,0x36CD,0x00,0x10,0},
    {0x34,0x36CE,0x0E,0x10,0},
    {0x34,0x36CF,0x00,0x10,0},
    {0x34,0x3AB6,0xFE,0x10,0},
    {0x34,0x3AB7,0x03,0x10,0},
    {0x34,0x38F6,0x14,0x10,0},
    {0x34,0x38F7,0x00,0x10,0},
    {0x34,0x38F8,0x36,0x10,0},
    {0x34,0x38F9,0x00,0x10,0},
    {0x34,0x38FA,0x58,0x10,0},
    {0x34,0x38FB,0x00,0x10,0},
    {0x34,0x38FC,0x7D,0x10,0},
    {0x34,0x38FD,0x00,0x10,0},
    {0x34,0x38FE,0xB0,0x10,0},
    {0x34,0x38FF,0x00,0x10,0},
    {0x34,0x3900,0xFB,0x10,0},
    {0x34,0x3901,0x00,0x10,0},
    {0x34,0x3902,0x68,0x10,0},
    {0x34,0x3903,0x01,0x10,0},
    {0x34,0x3904,0x11,0x10,0},
    {0x34,0x3905,0x02,0x10,0},
    {0x34,0x3906,0xD5,0x10,0},
    {0x34,0x3907,0x02,0x10,0},
    {0x34,0x3866,0x14,0x10,0},
    {0x34,0x3867,0x00,0x10,0},
    {0x34,0x3868,0x36,0x10,0},
    {0x34,0x3869,0x00,0x10,0},
    {0x34,0x386A,0x58,0x10,0},
    {0x34,0x386B,0x00,0x10,0},
    {0x34,0x386C,0x7D,0x10,0},
    {0x34,0x386D,0x00,0x10,0},
    {0x34,0x386E,0xB0,0x10,0},
    {0x34,0x386F,0x00,0x10,0},
    {0x34,0x3870,0xFB,0x10,0},
    {0x34,0x3871,0x00,0x10,0},
    {0x34,0x3872,0x68,0x10,0},
    {0x34,0x3873,0x01,0x10,0},
    {0x34,0x3874,0x11,0x10,0},
    {0x34,0x3875,0x02,0x10,0},
    {0x34,0x3876,0xD5,0x10,0},
    {0x34,0x3877,0x02,0x10,0},
    {0x34,0x393E,0x01,0x10,0},
    {0x34,0x393F,0x00,0x10,0},
    {0x34,0x3940,0x02,0x10,0},
    {0x34,0x3941,0x00,0x10,0},
    {0x34,0x3942,0x03,0x10,0},
    {0x34,0x3943,0x00,0x10,0},
    {0x34,0x3944,0x04,0x10,0},
    {0x34,0x3945,0x00,0x10,0},
    {0x34,0x3946,0x06,0x10,0},
    {0x34,0x3947,0x00,0x10,0},
    {0x34,0x3948,0x08,0x10,0},
    {0x34,0x3949,0x00,0x10,0},
    {0x34,0x394A,0x0C,0x10,0},
    {0x34,0x394B,0x00,0x10,0},
    {0x34,0x394C,0x11,0x10,0},
    {0x34,0x394D,0x00,0x10,0},
    {0x34,0x394E,0x17,0x10,0},
    {0x34,0x394F,0x00,0x10,0},
    {0x34,0x38AE,0x01,0x10,0},
    {0x34,0x38AF,0x00,0x10,0},
    {0x34,0x38B0,0x02,0x10,0},
    {0x34,0x38B1,0x00,0x10,0},
    {0x34,0x38B2,0x03,0x10,0},
    {0x34,0x38B3,0x00,0x10,0},
    {0x34,0x38B4,0x04,0x10,0},
    {0x34,0x38B5,0x00,0x10,0},
    {0x34,0x38B6,0x06,0x10,0},
    {0x34,0x38B7,0x00,0x10,0},
    {0x34,0x38B8,0x08,0x10,0},
    {0x34,0x38B9,0x00,0x10,0},
    {0x34,0x38BA,0x0C,0x10,0},
    {0x34,0x38BB,0x00,0x10,0},
    {0x34,0x38BC,0x11,0x10,0},
    {0x34,0x38BD,0x00,0x10,0},
    {0x34,0x38BE,0x17,0x10,0},
    {0x34,0x38BF,0x00,0x10,0},
    {0x34,0x3908,0x2C,0x10,0},
    {0x34,0x3909,0x00,0x10,0},
    {0x34,0x390A,0x49,0x10,0},
    {0x34,0x390B,0x00,0x10,0},
    {0x34,0x390C,0x68,0x10,0},
    {0x34,0x390D,0x00,0x10,0},
    {0x34,0x390E,0x9E,0x10,0},
    {0x34,0x390F,0x00,0x10,0},
    {0x34,0x3910,0xD7,0x10,0},
    {0x34,0x3911,0x00,0x10,0},
    {0x34,0x3912,0x2D,0x10,0},
    {0x34,0x3913,0x01,0x10,0},
    {0x34,0x3914,0xC3,0x10,0},
    {0x34,0x3915,0x01,0x10,0},
    {0x34,0x3916,0x81,0x10,0},
    {0x34,0x3917,0x02,0x10,0},
    {0x34,0x3918,0xAA,0x10,0},
    {0x34,0x3919,0x03,0x10,0},
    {0x34,0x3878,0x2C,0x10,0},
    {0x34,0x3879,0x00,0x10,0},
    {0x34,0x387A,0x49,0x10,0},
    {0x34,0x387B,0x00,0x10,0},
    {0x34,0x387C,0x68,0x10,0},
    {0x34,0x387D,0x00,0x10,0},
    {0x34,0x387E,0x9E,0x10,0},
    {0x34,0x387F,0x00,0x10,0},
    {0x34,0x3880,0xD7,0x10,0},
    {0x34,0x3881,0x00,0x10,0},
    {0x34,0x3882,0x2D,0x10,0},
    {0x34,0x3883,0x01,0x10,0},
    {0x34,0x3884,0xC3,0x10,0},
    {0x34,0x3885,0x01,0x10,0},
    {0x34,0x3886,0x81,0x10,0},
    {0x34,0x3887,0x02,0x10,0},
    {0x34,0x3888,0xAA,0x10,0},
    {0x34,0x3889,0x03,0x10,0},
    {0x34,0x3950,0x02,0x10,0},
    {0x34,0x3951,0x00,0x10,0},
    {0x34,0x3952,0x03,0x10,0},
    {0x34,0x3953,0x00,0x10,0},
    {0x34,0x3954,0x04,0x10,0},
    {0x34,0x3955,0x00,0x10,0},
    {0x34,0x3956,0x05,0x10,0},
    {0x34,0x3957,0x00,0x10,0},
    {0x34,0x3958,0x07,0x10,0},
    {0x34,0x3959,0x00,0x10,0},
    {0x34,0x395A,0x0A,0x10,0},
    {0x34,0x395B,0x00,0x10,0},
    {0x34,0x395C,0x0F,0x10,0},
    {0x34,0x395D,0x00,0x10,0},
    {0x34,0x395E,0x15,0x10,0},
    {0x34,0x395F,0x00,0x10,0},
    {0x34,0x3960,0x1E,0x10,0},
    {0x34,0x3961,0x00,0x10,0},
    {0x34,0x38C0,0x02,0x10,0},
    {0x34,0x38C1,0x00,0x10,0},
    {0x34,0x38C2,0x03,0x10,0},
    {0x34,0x38C3,0x00,0x10,0},
    {0x34,0x38C4,0x04,0x10,0},
    {0x34,0x38C5,0x00,0x10,0},
    {0x34,0x38C6,0x05,0x10,0},
    {0x34,0x38C7,0x00,0x10,0},
    {0x34,0x38C8,0x07,0x10,0},
    {0x34,0x38C9,0x00,0x10,0},
    {0x34,0x38CA,0x0A,0x10,0},
    {0x34,0x38CB,0x00,0x10,0},
    {0x34,0x38CC,0x0F,0x10,0},
    {0x34,0x38CD,0x00,0x10,0},
    {0x34,0x38CE,0x15,0x10,0},
    {0x34,0x38CF,0x00,0x10,0},
    {0x34,0x38D0,0x1E,0x10,0},
    {0x34,0x38D1,0x00,0x10,0},
    {0x34,0x391A,0x0E,0x10,0},
    {0x34,0x391B,0x00,0x10,0},
    {0x34,0x391C,0x10,0x10,0},
    {0x34,0x391D,0x00,0x10,0},
    {0x34,0x391E,0x11,0x10,0},
    {0x34,0x391F,0x00,0x10,0},
    {0x34,0x3920,0x13,0x10,0},
    {0x34,0x3921,0x00,0x10,0},
    {0x34,0x3922,0x16,0x10,0},
    {0x34,0x3923,0x00,0x10,0},
    {0x34,0x3924,0x1D,0x10,0},
    {0x34,0x3925,0x00,0x10,0},
    {0x34,0x3926,0x26,0x10,0},
    {0x34,0x3927,0x00,0x10,0},
    {0x34,0x3928,0x38,0x10,0},
    {0x34,0x3929,0x00,0x10,0},
    {0x34,0x392A,0x57,0x10,0},
    {0x34,0x392B,0x00,0x10,0},
    {0x34,0x388A,0x0E,0x10,0},
    {0x34,0x388B,0x00,0x10,0},
    {0x34,0x388C,0x10,0x10,0},
    {0x34,0x388D,0x00,0x10,0},
    {0x34,0x388E,0x11,0x10,0},
    {0x34,0x388F,0x00,0x10,0},
    {0x34,0x3890,0x13,0x10,0},
    {0x34,0x3891,0x00,0x10,0},
    {0x34,0x3892,0x16,0x10,0},
    {0x34,0x3893,0x00,0x10,0},
    {0x34,0x3894,0x1D,0x10,0},
    {0x34,0x3895,0x00,0x10,0},
    {0x34,0x3896,0x26,0x10,0},
    {0x34,0x3897,0x00,0x10,0},
    {0x34,0x3898,0x38,0x10,0},
    {0x34,0x3899,0x00,0x10,0},
    {0x34,0x389A,0x57,0x10,0},
    {0x34,0x389B,0x00,0x10,0},
    {0x34,0x3962,0x01,0x10,0},
    {0x34,0x3963,0x00,0x10,0},
    {0x34,0x3964,0x01,0x10,0},
    {0x34,0x3965,0x00,0x10,0},
    {0x34,0x3966,0x01,0x10,0},
    {0x34,0x3967,0x00,0x10,0},
    {0x34,0x3968,0x01,0x10,0},
    {0x34,0x3969,0x00,0x10,0},
    {0x34,0x396A,0x01,0x10,0},
    {0x34,0x396B,0x00,0x10,0},
    {0x34,0x396C,0x01,0x10,0},
    {0x34,0x396D,0x00,0x10,0},
    {0x34,0x396E,0x02,0x10,0},
    {0x34,0x396F,0x00,0x10,0},
    {0x34,0x3970,0x02,0x10,0},
    {0x34,0x3971,0x00,0x10,0},
    {0x34,0x3972,0x03,0x10,0},
    {0x34,0x3973,0x00,0x10,0},
    {0x34,0x38D2,0x01,0x10,0},
    {0x34,0x38D3,0x00,0x10,0},
    {0x34,0x38D4,0x01,0x10,0},
    {0x34,0x38D5,0x00,0x10,0},
    {0x34,0x38D6,0x01,0x10,0},
    {0x34,0x38D7,0x00,0x10,0},
    {0x34,0x38D8,0x01,0x10,0},
    {0x34,0x38D9,0x00,0x10,0},
    {0x34,0x38DA,0x01,0x10,0},
    {0x34,0x38DB,0x00,0x10,0},
    {0x34,0x38DC,0x01,0x10,0},
    {0x34,0x38DD,0x00,0x10,0},
    {0x34,0x38DE,0x02,0x10,0},
    {0x34,0x38DF,0x00,0x10,0},
    {0x34,0x38E0,0x02,0x10,0},
    {0x34,0x38E1,0x00,0x10,0},
    {0x34,0x38E2,0x03,0x10,0},
    {0x34,0x38E3,0x00,0x10,0},
    {0x34,0x392C,0x39,0x10,0},
    {0x34,0x392D,0x00,0x10,0},
    {0x34,0x392E,0x3D,0x10,0},
    {0x34,0x392F,0x00,0x10,0},
    {0x34,0x3930,0x43,0x10,0},
    {0x34,0x3931,0x00,0x10,0},
    {0x34,0x3932,0x4D,0x10,0},
    {0x34,0x3933,0x00,0x10,0},
    {0x34,0x3934,0x63,0x10,0},
    {0x34,0x3935,0x00,0x10,0},
    {0x34,0x3936,0x98,0x10,0},
    {0x34,0x3937,0x00,0x10,0},
    {0x34,0x3938,0x01,0x10,0},
    {0x34,0x3939,0x01,0x10,0},
    {0x34,0x393A,0xCF,0x10,0},
    {0x34,0x393B,0x01,0x10,0},
    {0x34,0x393C,0xD5,0x10,0},
    {0x34,0x393D,0x02,0x10,0},
    {0x34,0x389C,0x39,0x10,0},
    {0x34,0x389D,0x00,0x10,0},
    {0x34,0x389E,0x3D,0x10,0},
    {0x34,0x389F,0x00,0x10,0},
    {0x34,0x38A0,0x43,0x10,0},
    {0x34,0x38A1,0x00,0x10,0},
    {0x34,0x38A2,0x4D,0x10,0},
    {0x34,0x38A3,0x00,0x10,0},
    {0x34,0x38A4,0x63,0x10,0},
    {0x34,0x38A5,0x00,0x10,0},
    {0x34,0x38A6,0x98,0x10,0},
    {0x34,0x38A7,0x00,0x10,0},
    {0x34,0x38A8,0x01,0x10,0},
    {0x34,0x38A9,0x01,0x10,0},
    {0x34,0x38AA,0xCF,0x10,0},
    {0x34,0x38AB,0x01,0x10,0},
    {0x34,0x38AC,0xD5,0x10,0},
    {0x34,0x38AD,0x02,0x10,0},
    {0x34,0x3974,0x02,0x10,0},
    {0x34,0x3975,0x00,0x10,0},
    {0x34,0x3976,0x02,0x10,0},
    {0x34,0x3977,0x00,0x10,0},
    {0x34,0x3978,0x03,0x10,0},
    {0x34,0x3979,0x00,0x10,0},
    {0x34,0x397A,0x03,0x10,0},
    {0x34,0x397B,0x00,0x10,0},
    {0x34,0x397C,0x04,0x10,0},
    {0x34,0x397D,0x00,0x10,0},
    {0x34,0x397E,0x05,0x10,0},
    {0x34,0x397F,0x00,0x10,0},
    {0x34,0x3980,0x09,0x10,0},
    {0x34,0x3981,0x00,0x10,0},
    {0x34,0x3982,0x0F,0x10,0},
    {0x34,0x3983,0x00,0x10,0},
    {0x34,0x3984,0x17,0x10,0},
    {0x34,0x3985,0x00,0x10,0},
    {0x34,0x38E4,0x02,0x10,0},
    {0x34,0x38E5,0x00,0x10,0},
    {0x34,0x38E6,0x02,0x10,0},
    {0x34,0x38E7,0x00,0x10,0},
    {0x34,0x38E8,0x03,0x10,0},
    {0x34,0x38E9,0x00,0x10,0},
    {0x34,0x38EA,0x03,0x10,0},
    {0x34,0x38EB,0x00,0x10,0},
    {0x34,0x38EC,0x04,0x10,0},
    {0x34,0x38ED,0x00,0x10,0},
    {0x34,0x38EE,0x05,0x10,0},
    {0x34,0x38EF,0x00,0x10,0},
    {0x34,0x38F0,0x09,0x10,0},
    {0x34,0x38F1,0x00,0x10,0},
    {0x34,0x38F2,0x0F,0x10,0},
    {0x34,0x38F3,0x00,0x10,0},
    {0x34,0x38F4,0x17,0x10,0},
    {0x34,0x38F5,0x00,0x10,0},
    {0x34,0x3ABA,0x02,0x10,0},
    {0x34,0x3ABB,0x00,0x10,0},
    {0x34,0x3AC2,0x02,0x10,0},
    {0x34,0x3AC3,0x00,0x10,0},
    {0x34,0x3ACA,0x02,0x10,0},
    {0x34,0x3ACB,0x00,0x10,0},
    {0x34,0x3AD2,0x02,0x10,0},
    {0x34,0x3AD3,0x00,0x10,0},
    {0x34,0x3ABC,0x02,0x10,0},
    {0x34,0x3ABD,0x00,0x10,0},
    {0x34,0x3AC4,0x02,0x10,0},
    {0x34,0x3AC5,0x00,0x10,0},
    {0x34,0x3ACC,0x02,0x10,0},
    {0x34,0x3ACD,0x00,0x10,0},
    {0x34,0x3AD4,0x02,0x10,0},
    {0x34,0x3AD5,0x00,0x10,0},
    {0x34,0x3ABE,0x02,0x10,0},
    {0x34,0x3ABF,0x00,0x10,0},
    {0x34,0x3AC6,0x02,0x10,0},
    {0x34,0x3AC7,0x00,0x10,0},
    {0x34,0x3ACE,0x02,0x10,0},
    {0x34,0x3ACF,0x00,0x10,0},
    {0x34,0x3AD6,0x02,0x10,0},
    {0x34,0x3AD7,0x00,0x10,0},
    {0x34,0x3AC0,0x02,0x10,0},
    {0x34,0x3AC1,0x00,0x10,0},
    {0x34,0x3AC8,0x02,0x10,0},
    {0x34,0x3AC9,0x00,0x10,0},
    {0x34,0x3AD0,0x02,0x10,0},
    {0x34,0x3AD1,0x00,0x10,0},
    {0x34,0x3AD8,0x02,0x10,0},
    {0x34,0x3AD9,0x00,0x10,0},
    {0x34,0x37FA,0x60,0x10,0},
    {0x34,0x0117,0x01,0x10,0},
    {0x34,0x0118,0x01,0x10,0},
    {0x34,0x0119,0x01,0x10,0},
    {0x34,0x011A,0x01,0x10,0},
    {0x34,0xEFC4,0x40,0x10,0},
    {0x34,0xEFC5,0x40,0x10,0},
    {0x34,0xEFC6,0x40,0x10,0},
    {0x34,0xEFC7,0x40,0x10,0},
    {0x34,0xEFC8,0x40,0x10,0},
    {0x34,0xEFC9,0x40,0x10,0},
    {0x34,0xEFCA,0x40,0x10,0},
    {0x34,0xEFCB,0x40,0x10,0},
    {0x34,0xEFCC,0x40,0x10,0},
    {0x34,0xEFCD,0x40,0x10,0},
    {0x34,0xEFCE,0x40,0x10,0},
    {0x34,0xEFCF,0x40,0x10,0},
    {0x34,0xEFD0,0x40,0x10,0},
    {0x34,0xEFD1,0x40,0x10,0},
    {0x34,0xEFD2,0x40,0x10,0},
    {0x34,0xEFD3,0x40,0x10,0},
    {0x34,0xEFE4,0x20,0x10,0},
    {0x34,0xEFE5,0x20,0x10,0},
    {0x34,0xEFE6,0x20,0x10,0},
    {0x34,0xEFE7,0x20,0x10,0},
    {0x34,0xEFE8,0x20,0x10,0},
    {0x34,0xEFE9,0x20,0x10,0},
    {0x34,0xEFEA,0x20,0x10,0},
    {0x34,0xEFEB,0x20,0x10,0},
    {0x34,0xEE0C,0x00,0x10,0},
    {0x34,0xEE0D,0x00,0x10,0},
    {0x34,0xEE0E,0x00,0x10,0},
    {0x34,0xEE0F,0x00,0x10,0},
    {0x34,0x0102,0x01,0x10,0},
    {0x34,0x0103,0xEF,0x10,0},
    {0x34,0x0106,0x64,0x10,0},
    {0x34,0x010A,0x64,0x10,0},
    {0x34,0x010B,0x00,0x10,0},
    {0x34,0x0306,0x27,0x10,0},
    {0x34,0x0307,0x00,0x10,0},
    {0x34,0x0326,0x18,0x10,0},
    {0x34,0x0327,0x41,0x10,0},
    {0x34,0x0346,0x74,0x10,0},
    {0x34,0x0347,0x40,0x10,0},
    {0x34,0x0366,0x40,0x10,0},
    {0x34,0x0367,0x42,0x10,0},
    {0x34,0x0386,0x84,0x10,0},
    {0x34,0x0387,0x00,0x10,0},
    {0x34,0x03A6,0xE8,0x10,0},
    {0x34,0x03A7,0x40,0x10,0},
    {0x34,0x03C6,0x08,0x10,0},
    {0x34,0x03C7,0x00,0x10,0},
    {0x34,0x03E6,0xD2,0x10,0},
    {0x34,0x03E7,0x40,0x10,0},
    {0x34,0x0406,0xF7,0x10,0},
    {0x34,0x0407,0x40,0x10,0},
    {0x34,0x0426,0x24,0x10,0},
    {0x34,0x0427,0x40,0x10,0},
    {0x34,0x0446,0xCD,0x10,0},
    {0x34,0x0447,0x40,0x10,0},
    {0x34,0x0466,0x45,0x10,0},
    {0x34,0x0467,0x40,0x10,0},
    {0x34,0x0486,0xB5,0x10,0},
    {0x34,0x0487,0x40,0x10,0},
    {0x34,0x04A6,0x29,0x10,0},
    {0x34,0x04A7,0x40,0x10,0},
    {0x34,0x04C6,0x3C,0x10,0},
    {0x34,0x04C7,0x40,0x10,0},
    {0x34,0x04E6,0x56,0x10,0},
    {0x34,0x04E7,0x40,0x10,0},
    {0x34,0x0506,0xDF,0x10,0},
    {0x34,0x0507,0x40,0x10,0},
    {0x34,0x0526,0x16,0x10,0},
    {0x34,0x0527,0x00,0x10,0},
    {0x34,0x0546,0x74,0x10,0},
    {0x34,0x0547,0x40,0x10,0},
    {0x34,0x0566,0x76,0x10,0},
    {0x34,0x0567,0x40,0x10,0},
    {0x34,0x0586,0x2E,0x10,0},
    {0x34,0x0587,0x40,0x10,0},
    {0x34,0x05A6,0x0E,0x10,0},
    {0x34,0x05A7,0x40,0x10,0},
    {0x34,0x05C6,0x39,0x10,0},
    {0x34,0x05C7,0x00,0x10,0},
    {0x34,0x05E6,0x1C,0x10,0},
    {0x34,0x05E7,0x40,0x10,0},
    {0x34,0x0606,0x0E,0x10,0},
    {0x34,0x0607,0x00,0x10,0},
    {0x34,0x0626,0x9E,0x10,0},
    {0x34,0x0627,0x00,0x10,0},
    {0x34,0x0646,0x1A,0x10,0},
    {0x34,0x0647,0x40,0x10,0},
    {0x34,0x0666,0x34,0x10,0},
    {0x34,0x0667,0x00,0x10,0},
    {0x34,0x0686,0x3D,0x10,0},
    {0x34,0x0687,0x40,0x10,0},
    {0x34,0x06A6,0x87,0x10,0},
    {0x34,0x06A7,0x00,0x10,0},
    {0x34,0x06C6,0x69,0x10,0},
    {0x34,0x06C7,0x00,0x10,0},
    {0x34,0x06E6,0x99,0x10,0},
    {0x34,0x06E7,0x00,0x10,0},
    {0x34,0x0706,0x9B,0x10,0},
    {0x34,0x0707,0x00,0x10,0},
    {0x34,0x0726,0xAD,0x10,0},
    {0x34,0x0727,0x00,0x10,0},
    {0x34,0x0746,0x80,0x10,0},
    {0x34,0x0747,0x00,0x10,0},
    {0x34,0x0766,0x35,0x10,0},
    {0x34,0x0767,0x00,0x10,0},
    {0x34,0x0786,0x71,0x10,0},
    {0x34,0x0787,0x00,0x10,0},
    {0x34,0x07A6,0xAC,0x10,0},
    {0x34,0x07A7,0x00,0x10,0},
    {0x34,0x07C6,0xAB,0x10,0},
    {0x34,0x07C7,0x00,0x10,0},
    {0x34,0x07E6,0x5B,0x10,0},
    {0x34,0x07E7,0x00,0x10,0},
    {0x34,0x0806,0xFD,0x10,0},
    {0x34,0x0807,0x01,0x10,0},
    {0x34,0x0826,0x06,0x10,0},
    {0x34,0x0827,0x40,0x10,0},
    {0x34,0x0846,0x36,0x10,0},
    {0x34,0x0847,0x00,0x10,0},
    {0x34,0x0866,0x3E,0x10,0},
    {0x34,0x0867,0x00,0x10,0},
    {0x34,0x0886,0x28,0x10,0},
    {0x34,0x0887,0x00,0x10,0},
    {0x34,0x08A6,0x6E,0x10,0},
    {0x34,0x08A7,0x00,0x10,0},
    {0x34,0x08C6,0x75,0x10,0},
    {0x34,0x08C7,0x01,0x10,0},
    {0x34,0x08E6,0xB9,0x10,0},
    {0x34,0x08E7,0x00,0x10,0},
    {0x34,0x030E,0x1F,0x10,0},
    {0x34,0x030F,0x42,0x10,0},
    {0x34,0x032E,0x6B,0x10,0},
    {0x34,0x032F,0x00,0x10,0},
    {0x34,0x034E,0x32,0x10,0},
    {0x34,0x034F,0x41,0x10,0},
    {0x34,0x036E,0x55,0x10,0},
    {0x34,0x036F,0x00,0x10,0},
    {0x34,0x038E,0xBF,0x10,0},
    {0x34,0x038F,0x40,0x10,0},
    {0x34,0x03AE,0x1B,0x10,0},
    {0x34,0x03AF,0x40,0x10,0},
    {0x34,0x03CE,0x47,0x10,0},
    {0x34,0x03CF,0x40,0x10,0},
    {0x34,0x03EE,0x78,0x10,0},
    {0x34,0x03EF,0x00,0x10,0},
    {0x34,0x040E,0x61,0x10,0},
    {0x34,0x040F,0x00,0x10,0},
    {0x34,0x042E,0xBA,0x10,0},
    {0x34,0x042F,0x40,0x10,0},
    {0x34,0x044E,0x40,0x10,0},
    {0x34,0x044F,0x40,0x10,0},
    {0x34,0x046E,0xD9,0x10,0},
    {0x34,0x046F,0x40,0x10,0},
    {0x34,0x048E,0x50,0x10,0},
    {0x34,0x048F,0x40,0x10,0},
    {0x34,0x04AE,0x4C,0x10,0},
    {0x34,0x04AF,0x40,0x10,0},
    {0x34,0x04CE,0x32,0x10,0},
    {0x34,0x04CF,0x40,0x10,0},
    {0x34,0x04EE,0xD9,0x10,0},
    {0x34,0x04EF,0x40,0x10,0},
    {0x34,0x050E,0x4B,0x10,0},
    {0x34,0x050F,0x40,0x10,0},
    {0x34,0x052E,0x32,0x10,0},
    {0x34,0x052F,0x00,0x10,0},
    {0x34,0x054E,0x65,0x10,0},
    {0x34,0x054F,0x40,0x10,0},
    {0x34,0x056E,0x23,0x10,0},
    {0x34,0x056F,0x40,0x10,0},
    {0x34,0x058E,0x53,0x10,0},
    {0x34,0x058F,0x40,0x10,0},
    {0x34,0x05AE,0x1C,0x10,0},
    {0x34,0x05AF,0x00,0x10,0},
    {0x34,0x05CE,0x09,0x10,0},
    {0x34,0x05CF,0x40,0x10,0},
    {0x34,0x05EE,0x79,0x10,0},
    {0x34,0x05EF,0x00,0x10,0},
    {0x34,0x060E,0x7B,0x10,0},
    {0x34,0x060F,0x00,0x10,0},
    {0x34,0x062E,0x47,0x10,0},
    {0x34,0x062F,0x00,0x10,0},
    {0x34,0x064E,0x10,0x10,0},
    {0x34,0x064F,0x00,0x10,0},
    {0x34,0x066E,0x03,0x10,0},
    {0x34,0x066F,0x40,0x10,0},
    {0x34,0x068E,0x0C,0x10,0},
    {0x34,0x068F,0x00,0x10,0},
    {0x34,0x06AE,0x54,0x10,0},
    {0x34,0x06AF,0x00,0x10,0},
    {0x34,0x06CE,0x4B,0x10,0},
    {0x34,0x06CF,0x00,0x10,0},
    {0x34,0x06EE,0x2A,0x10,0},
    {0x34,0x06EF,0x40,0x10,0},
    {0x34,0x070E,0x3F,0x10,0},
    {0x34,0x070F,0x00,0x10,0},
    {0x34,0x072E,0xFE,0x10,0},
    {0x34,0x072F,0x00,0x10,0},
    {0x34,0x074E,0x40,0x10,0},
    {0x34,0x074F,0x00,0x10,0},
    {0x34,0x076E,0x52,0x10,0},
    {0x34,0x076F,0x00,0x10,0},
    {0x34,0x078E,0x43,0x10,0},
    {0x34,0x078F,0x00,0x10,0},
    {0x34,0x07AE,0x96,0x10,0},
    {0x34,0x07AF,0x00,0x10,0},
    {0x34,0x07CE,0xDA,0x10,0},
    {0x34,0x07CF,0x00,0x10,0},
    {0x34,0x07EE,0xAC,0x10,0},
    {0x34,0x07EF,0x00,0x10,0},
    {0x34,0x080E,0x7F,0x10,0},
    {0x34,0x080F,0x01,0x10,0},
    {0x34,0x082E,0x30,0x10,0},
    {0x34,0x082F,0x00,0x10,0},
    {0x34,0x084E,0x8E,0x10,0},
    {0x34,0x084F,0x00,0x10,0},
    {0x34,0x086E,0x76,0x10,0},
    {0x34,0x086F,0x40,0x10,0},
    {0x34,0x088E,0xB3,0x10,0},
    {0x34,0x088F,0x40,0x10,0},
    {0x34,0x08AE,0x48,0x10,0},
    {0x34,0x08AF,0x01,0x10,0},
    {0x34,0x08CE,0x19,0x10,0},
    {0x34,0x08CF,0x41,0x10,0},
    {0x34,0x08EE,0xAE,0x10,0},
    {0x34,0x08EF,0x40,0x10,0},
    {0x34,0x0316,0x42,0x10,0},
    {0x34,0x0317,0x00,0x10,0},
    {0x34,0x0336,0x44,0x10,0},
    {0x34,0x0337,0x40,0x10,0},
    {0x34,0x0356,0x4A,0x10,0},
    {0x34,0x0357,0x40,0x10,0},
    {0x34,0x0376,0xCF,0x10,0},
    {0x34,0x0377,0x41,0x10,0},
    {0x34,0x0396,0x15,0x10,0},
    {0x34,0x0397,0x00,0x10,0},
    {0x34,0x03B6,0xAC,0x10,0},
    {0x34,0x03B7,0x40,0x10,0},
    {0x34,0x03D6,0x28,0x10,0},
    {0x34,0x03D7,0x40,0x10,0},
    {0x34,0x03F6,0x4B,0x10,0},
    {0x34,0x03F7,0x40,0x10,0},
    {0x34,0x0416,0xF2,0x10,0},
    {0x34,0x0417,0x40,0x10,0},
    {0x34,0x0436,0x81,0x10,0},
    {0x34,0x0437,0x40,0x10,0},
    {0x34,0x0456,0xB7,0x10,0},
    {0x34,0x0457,0x40,0x10,0},
    {0x34,0x0476,0x43,0x10,0},
    {0x34,0x0477,0x40,0x10,0},
    {0x34,0x0496,0xC2,0x10,0},
    {0x34,0x0497,0x40,0x10,0},
    {0x34,0x04B6,0x25,0x10,0},
    {0x34,0x04B7,0x40,0x10,0},
    {0x34,0x04D6,0x56,0x10,0},
    {0x34,0x04D7,0x40,0x10,0},
    {0x34,0x04F6,0x37,0x10,0},
    {0x34,0x04F7,0x40,0x10,0},
    {0x34,0x0516,0x16,0x10,0},
    {0x34,0x0517,0x00,0x10,0},
    {0x34,0x0536,0x13,0x10,0},
    {0x34,0x0537,0x40,0x10,0},
    {0x34,0x0556,0x34,0x10,0},
    {0x34,0x0557,0x40,0x10,0},
    {0x34,0x0576,0x73,0x10,0},
    {0x34,0x0577,0x40,0x10,0},
    {0x34,0x0596,0x15,0x10,0},
    {0x34,0x0597,0x40,0x10,0},
    {0x34,0x05B6,0x23,0x10,0},
    {0x34,0x05B7,0x40,0x10,0},
    {0x34,0x05D6,0x0F,0x10,0},
    {0x34,0x05D7,0x00,0x10,0},
    {0x34,0x05F6,0xB8,0x10,0},
    {0x34,0x05F7,0x40,0x10,0},
    {0x34,0x0616,0x00,0x10,0},
    {0x34,0x0617,0x40,0x10,0},
    {0x34,0x0636,0x6D,0x10,0},
    {0x34,0x0637,0x00,0x10,0},
    {0x34,0x0656,0x38,0x10,0},
    {0x34,0x0657,0x40,0x10,0},
    {0x34,0x0676,0x29,0x10,0},
    {0x34,0x0677,0x00,0x10,0},
    {0x34,0x0696,0x18,0x10,0},
    {0x34,0x0697,0x40,0x10,0},
    {0x34,0x06B6,0x22,0x10,0},
    {0x34,0x06B7,0x00,0x10,0},
    {0x34,0x06D6,0x49,0x10,0},
    {0x34,0x06D7,0x00,0x10,0},
    {0x34,0x06F6,0x06,0x10,0},
    {0x34,0x06F7,0x40,0x10,0},
    {0x34,0x0716,0x4F,0x10,0},
    {0x34,0x0717,0x00,0x10,0},
    {0x34,0x0736,0x93,0x10,0},
    {0x34,0x0737,0x00,0x10,0},
    {0x34,0x0756,0xA5,0x10,0},
    {0x34,0x0757,0x00,0x10,0},
    {0x34,0x0776,0x4A,0x10,0},
    {0x34,0x0777,0x40,0x10,0},
    {0x34,0x0796,0x8D,0x10,0},
    {0x34,0x0797,0x00,0x10,0},
    {0x34,0x07B6,0x35,0x10,0},
    {0x34,0x07B7,0x00,0x10,0},
    {0x34,0x07D6,0xA9,0x10,0},
    {0x34,0x07D7,0x00,0x10,0},
    {0x34,0x07F6,0x0D,0x10,0},
    {0x34,0x07F7,0x00,0x10,0},
    {0x34,0x0816,0x23,0x10,0},
    {0x34,0x0817,0x02,0x10,0},
    {0x34,0x0836,0x23,0x10,0},
    {0x34,0x0837,0x40,0x10,0},
    {0x34,0x0856,0xBA,0x10,0},
    {0x34,0x0857,0x00,0x10,0},
    {0x34,0x0876,0x87,0x10,0},
    {0x34,0x0877,0x40,0x10,0},
    {0x34,0x0896,0x2D,0x10,0},
    {0x34,0x0897,0x40,0x10,0},
    {0x34,0x08B6,0x20,0x10,0},
    {0x34,0x08B7,0x00,0x10,0},
    {0x34,0x08D6,0xFD,0x10,0},
    {0x34,0x08D7,0x00,0x10,0},
    {0x34,0x08F6,0xF6,0x10,0},
    {0x34,0x08F7,0x41,0x10,0},
    {0x34,0x031E,0xBC,0x10,0},
    {0x34,0x031F,0x01,0x10,0},
    {0x34,0x033E,0x10,0x10,0},
    {0x34,0x033F,0x43,0x10,0},
    {0x34,0x035E,0x22,0x10,0},
    {0x34,0x035F,0x40,0x10,0},
    {0x34,0x037E,0xF6,0x10,0},
    {0x34,0x037F,0x40,0x10,0},
    {0x34,0x039E,0x54,0x10,0},
    {0x34,0x039F,0x01,0x10,0},
    {0x34,0x03BE,0x02,0x10,0},
    {0x34,0x03BF,0x42,0x10,0},
    {0x34,0x03DE,0x37,0x10,0},
    {0x34,0x03DF,0x40,0x10,0},
    {0x34,0x03FE,0xA0,0x10,0},
    {0x34,0x03FF,0x00,0x10,0},
    {0x34,0x041E,0x9F,0x10,0},
    {0x34,0x041F,0x41,0x10,0},
    {0x34,0x043E,0x1E,0x10,0},
    {0x34,0x043F,0x40,0x10,0},
    {0x34,0x045E,0xDF,0x10,0},
    {0x34,0x045F,0x40,0x10,0},
    {0x34,0x047E,0xB2,0x10,0},
    {0x34,0x047F,0x40,0x10,0},
    {0x34,0x049E,0xB2,0x10,0},
    {0x34,0x049F,0x41,0x10,0},
    {0x34,0x04BE,0x1A,0x10,0},
    {0x34,0x04BF,0x40,0x10,0},
    {0x34,0x04DE,0x72,0x10,0},
    {0x34,0x04DF,0x40,0x10,0},
    {0x34,0x04FE,0xDC,0x10,0},
    {0x34,0x04FF,0x40,0x10,0},
    {0x34,0x051E,0x27,0x10,0},
    {0x34,0x051F,0x40,0x10,0},
    {0x34,0x053E,0x15,0x10,0},
    {0x34,0x053F,0x40,0x10,0},
    {0x34,0x055E,0x8A,0x10,0},
    {0x34,0x055F,0x40,0x10,0},
    {0x34,0x057E,0x44,0x10,0},
    {0x34,0x057F,0x40,0x10,0},
    {0x34,0x059E,0x15,0x10,0},
    {0x34,0x059F,0x40,0x10,0},
    {0x34,0x05BE,0x0E,0x10,0},
    {0x34,0x05BF,0x40,0x10,0},
    {0x34,0x05DE,0x18,0x10,0},
    {0x34,0x05DF,0x00,0x10,0},
    {0x34,0x05FE,0x22,0x10,0},
    {0x34,0x05FF,0x00,0x10,0},
    {0x34,0x061E,0x12,0x10,0},
    {0x34,0x061F,0x40,0x10,0},
    {0x34,0x063E,0x8E,0x10,0},
    {0x34,0x063F,0x00,0x10,0},
    {0x34,0x065E,0x20,0x10,0},
    {0x34,0x065F,0x40,0x10,0},
    {0x34,0x067E,0x07,0x10,0},
    {0x34,0x067F,0x40,0x10,0},
    {0x34,0x069E,0x01,0x10,0},
    {0x34,0x069F,0x00,0x10,0},
    {0x34,0x06BE,0x2A,0x10,0},
    {0x34,0x06BF,0x00,0x10,0},
    {0x34,0x06DE,0xA0,0x10,0},
    {0x34,0x06DF,0x00,0x10,0},
    {0x34,0x06FE,0x2B,0x10,0},
    {0x34,0x06FF,0x00,0x10,0},
    {0x34,0x071E,0x5B,0x10,0},
    {0x34,0x071F,0x00,0x10,0},
    {0x34,0x073E,0xCD,0x10,0},
    {0x34,0x073F,0x00,0x10,0},
    {0x34,0x075E,0x75,0x10,0},
    {0x34,0x075F,0x00,0x10,0},
    {0x34,0x077E,0x10,0x10,0},
    {0x34,0x077F,0x00,0x10,0},
    {0x34,0x079E,0x5B,0x10,0},
    {0x34,0x079F,0x00,0x10,0},
    {0x34,0x07BE,0xAA,0x10,0},
    {0x34,0x07BF,0x00,0x10,0},
    {0x34,0x07DE,0xF7,0x10,0},
    {0x34,0x07DF,0x00,0x10,0},
    {0x34,0x07FE,0x73,0x10,0},
    {0x34,0x07FF,0x00,0x10,0},
    {0x34,0x081E,0x2A,0x10,0},
    {0x34,0x081F,0x40,0x10,0},
    {0x34,0x083E,0xE0,0x10,0},
    {0x34,0x083F,0x00,0x10,0},
    {0x34,0x085E,0x4F,0x10,0},
    {0x34,0x085F,0x40,0x10,0},
    {0x34,0x087E,0x64,0x10,0},
    {0x34,0x087F,0x00,0x10,0},
    {0x34,0x089E,0x39,0x10,0},
    {0x34,0x089F,0x40,0x10,0},
    {0x34,0x08BE,0x45,0x10,0},
    {0x34,0x08BF,0x00,0x10,0},
    {0x34,0x08DE,0x92,0x10,0},
    {0x34,0x08DF,0x00,0x10,0},
    {0x34,0x08FE,0x7F,0x10,0},
    {0x34,0x08FF,0x00,0x10,0},
    {0x34,0x0302,0x39,0x10,0},
    {0x34,0x0303,0x01,0x10,0},
    {0x34,0x0322,0x9B,0x10,0},
    {0x34,0x0323,0x01,0x10,0},
    {0x34,0x0342,0x66,0x10,0},
    {0x34,0x0343,0x01,0x10,0},
    {0x34,0x0362,0x64,0x10,0},
    {0x34,0x0363,0x01,0x10,0},
    {0x34,0x0382,0x8E,0x10,0},
    {0x34,0x0383,0x01,0x10,0},
    {0x34,0x03A2,0x93,0x10,0},
    {0x34,0x03A3,0x01,0x10,0},
    {0x34,0x03C2,0xF3,0x10,0},
    {0x34,0x03C3,0x01,0x10,0},
    {0x34,0x03E2,0x8D,0x10,0},
    {0x34,0x03E3,0x01,0x10,0},
    {0x34,0x0402,0xCA,0x10,0},
    {0x34,0x0403,0x01,0x10,0},
    {0x34,0x0422,0xC2,0x10,0},
    {0x34,0x0423,0x01,0x10,0},
    {0x34,0x0442,0xAE,0x10,0},
    {0x34,0x0443,0x01,0x10,0},
    {0x34,0x0462,0xB6,0x10,0},
    {0x34,0x0463,0x01,0x10,0},
    {0x34,0x0482,0xA6,0x10,0},
    {0x34,0x0483,0x01,0x10,0},
    {0x34,0x04A2,0xCE,0x10,0},
    {0x34,0x04A3,0x01,0x10,0},
    {0x34,0x04C2,0xDF,0x10,0},
    {0x34,0x04C3,0x01,0x10,0},
    {0x34,0x04E2,0xF9,0x10,0},
    {0x34,0x04E3,0x01,0x10,0},
    {0x34,0x0502,0x83,0x10,0},
    {0x34,0x0503,0x01,0x10,0},
    {0x34,0x0522,0xA4,0x10,0},
    {0x34,0x0523,0x01,0x10,0},
    {0x34,0x0542,0x8F,0x10,0},
    {0x34,0x0543,0x01,0x10,0},
    {0x34,0x0562,0x95,0x10,0},
    {0x34,0x0563,0x01,0x10,0},
    {0x34,0x0582,0x9F,0x10,0},
    {0x34,0x0583,0x01,0x10,0},
    {0x34,0x05A2,0xAC,0x10,0},
    {0x34,0x05A3,0x01,0x10,0},
    {0x34,0x05C2,0xC4,0x10,0},
    {0x34,0x05C3,0x01,0x10,0},
    {0x34,0x05E2,0xAE,0x10,0},
    {0x34,0x05E3,0x01,0x10,0},
    {0x34,0x0602,0xA8,0x10,0},
    {0x34,0x0603,0x01,0x10,0},
    {0x34,0x0622,0xB7,0x10,0},
    {0x34,0x0623,0x01,0x10,0},
    {0x34,0x0642,0xB1,0x10,0},
    {0x34,0x0643,0x01,0x10,0},
    {0x34,0x0662,0xB0,0x10,0},
    {0x34,0x0663,0x01,0x10,0},
    {0x34,0x0682,0xB6,0x10,0},
    {0x34,0x0683,0x01,0x10,0},
    {0x34,0x06A2,0xD5,0x10,0},
    {0x34,0x06A3,0x01,0x10,0},
    {0x34,0x06C2,0xDD,0x10,0},
    {0x34,0x06C3,0x01,0x10,0},
    {0x34,0x06E2,0xD8,0x10,0},
    {0x34,0x06E3,0x01,0x10,0},
    {0x34,0x0702,0x6D,0x10,0},
    {0x34,0x0703,0x01,0x10,0},
    {0x34,0x0722,0xB9,0x10,0},
    {0x34,0x0723,0x01,0x10,0},
    {0x34,0x0742,0xA9,0x10,0},
    {0x34,0x0743,0x01,0x10,0},
    {0x34,0x0762,0xB6,0x10,0},
    {0x34,0x0763,0x01,0x10,0},
    {0x34,0x0782,0xB8,0x10,0},
    {0x34,0x0783,0x01,0x10,0},
    {0x34,0x07A2,0xCC,0x10,0},
    {0x34,0x07A3,0x01,0x10,0},
    {0x34,0x07C2,0xB1,0x10,0},
    {0x34,0x07C3,0x01,0x10,0},
    {0x34,0x07E2,0xB5,0x10,0},
    {0x34,0x07E3,0x01,0x10,0},
    {0x34,0x0802,0xAB,0x10,0},
    {0x34,0x0803,0x01,0x10,0},
    {0x34,0x0822,0xB5,0x10,0},
    {0x34,0x0823,0x01,0x10,0},
    {0x34,0x0842,0xB5,0x10,0},
    {0x34,0x0843,0x01,0x10,0},
    {0x34,0x0862,0xA5,0x10,0},
    {0x34,0x0863,0x01,0x10,0},
    {0x34,0x0882,0xB7,0x10,0},
    {0x34,0x0883,0x01,0x10,0},
    {0x34,0x08A2,0xD9,0x10,0},
    {0x34,0x08A3,0x01,0x10,0},
    {0x34,0x08C2,0xD0,0x10,0},
    {0x34,0x08C3,0x01,0x10,0},
    {0x34,0x08E2,0xD7,0x10,0},
    {0x34,0x08E3,0x01,0x10,0},
    {0x34,0x030A,0x1C,0x10,0},
    {0x34,0x030B,0x01,0x10,0},
    {0x34,0x032A,0x1E,0x10,0},
    {0x34,0x032B,0x01,0x10,0},
    {0x34,0x034A,0xF5,0x10,0},
    {0x34,0x034B,0x00,0x10,0},
    {0x34,0x036A,0x03,0x10,0},
    {0x34,0x036B,0x01,0x10,0},
    {0x34,0x038A,0x0B,0x10,0},
    {0x34,0x038B,0x01,0x10,0},
    {0x34,0x03AA,0x3C,0x10,0},
    {0x34,0x03AB,0x01,0x10,0},
    {0x34,0x03CA,0x89,0x10,0},
    {0x34,0x03CB,0x01,0x10,0},
    {0x34,0x03EA,0x83,0x10,0},
    {0x34,0x03EB,0x01,0x10,0},
    {0x34,0x040A,0x56,0x10,0},
    {0x34,0x040B,0x01,0x10,0},
    {0x34,0x042A,0x35,0x10,0},
    {0x34,0x042B,0x01,0x10,0},
    {0x34,0x044A,0x32,0x10,0},
    {0x34,0x044B,0x01,0x10,0},
    {0x34,0x046A,0x2E,0x10,0},
    {0x34,0x046B,0x01,0x10,0},
    {0x34,0x048A,0x30,0x10,0},
    {0x34,0x048B,0x01,0x10,0},
    {0x34,0x04AA,0x46,0x10,0},
    {0x34,0x04AB,0x01,0x10,0},
    {0x34,0x04CA,0x75,0x10,0},
    {0x34,0x04CB,0x01,0x10,0},
    {0x34,0x04EA,0x5F,0x10,0},
    {0x34,0x04EB,0x01,0x10,0},
    {0x34,0x050A,0x23,0x10,0},
    {0x34,0x050B,0x01,0x10,0},
    {0x34,0x052A,0x21,0x10,0},
    {0x34,0x052B,0x01,0x10,0},
    {0x34,0x054A,0x0F,0x10,0},
    {0x34,0x054B,0x01,0x10,0},
    {0x34,0x056A,0x16,0x10,0},
    {0x34,0x056B,0x01,0x10,0},
    {0x34,0x058A,0x1E,0x10,0},
    {0x34,0x058B,0x01,0x10,0},
    {0x34,0x05AA,0x39,0x10,0},
    {0x34,0x05AB,0x01,0x10,0},
    {0x34,0x05CA,0x56,0x10,0},
    {0x34,0x05CB,0x01,0x10,0},
    {0x34,0x05EA,0x41,0x10,0},
    {0x34,0x05EB,0x01,0x10,0},
    {0x34,0x060A,0x3A,0x10,0},
    {0x34,0x060B,0x01,0x10,0},
    {0x34,0x062A,0x36,0x10,0},
    {0x34,0x062B,0x01,0x10,0},
    {0x34,0x064A,0x32,0x10,0},
    {0x34,0x064B,0x01,0x10,0},
    {0x34,0x066A,0x30,0x10,0},
    {0x34,0x066B,0x01,0x10,0},
    {0x34,0x068A,0x3E,0x10,0},
    {0x34,0x068B,0x01,0x10,0},
    {0x34,0x06AA,0x59,0x10,0},
    {0x34,0x06AB,0x01,0x10,0},
    {0x34,0x06CA,0x6E,0x10,0},
    {0x34,0x06CB,0x01,0x10,0},
    {0x34,0x06EA,0x5A,0x10,0},
    {0x34,0x06EB,0x01,0x10,0},
    {0x34,0x070A,0x1D,0x10,0},
    {0x34,0x070B,0x01,0x10,0},
    {0x34,0x072A,0x2C,0x10,0},
    {0x34,0x072B,0x01,0x10,0},
    {0x34,0x074A,0x2A,0x10,0},
    {0x34,0x074B,0x01,0x10,0},
    {0x34,0x076A,0x38,0x10,0},
    {0x34,0x076B,0x01,0x10,0},
    {0x34,0x078A,0x32,0x10,0},
    {0x34,0x078B,0x01,0x10,0},
    {0x34,0x07AA,0x4F,0x10,0},
    {0x34,0x07AB,0x01,0x10,0},
    {0x34,0x07CA,0x41,0x10,0},
    {0x34,0x07CB,0x01,0x10,0},
    {0x34,0x07EA,0x33,0x10,0},
    {0x34,0x07EB,0x01,0x10,0},
    {0x34,0x080A,0x1C,0x10,0},
    {0x34,0x080B,0x01,0x10,0},
    {0x34,0x082A,0x47,0x10,0},
    {0x34,0x082B,0x01,0x10,0},
    {0x34,0x084A,0x2F,0x10,0},
    {0x34,0x084B,0x01,0x10,0},
    {0x34,0x086A,0x36,0x10,0},
    {0x34,0x086B,0x01,0x10,0},
    {0x34,0x088A,0x39,0x10,0},
    {0x34,0x088B,0x01,0x10,0},
    {0x34,0x08AA,0x58,0x10,0},
    {0x34,0x08AB,0x01,0x10,0},
    {0x34,0x08CA,0x6C,0x10,0},
    {0x34,0x08CB,0x01,0x10,0},
    {0x34,0x08EA,0x60,0x10,0},
    {0x34,0x08EB,0x01,0x10,0},
    {0x34,0x0312,0x2C,0x10,0},
    {0x34,0x0313,0x01,0x10,0},
    {0x34,0x0332,0x26,0x10,0},
    {0x34,0x0333,0x01,0x10,0},
    {0x34,0x0352,0x08,0x10,0},
    {0x34,0x0353,0x01,0x10,0},
    {0x34,0x0372,0x0B,0x10,0},
    {0x34,0x0373,0x01,0x10,0},
    {0x34,0x0392,0x14,0x10,0},
    {0x34,0x0393,0x01,0x10,0},
    {0x34,0x03B2,0x2D,0x10,0},
    {0x34,0x03B3,0x01,0x10,0},
    {0x34,0x03D2,0x97,0x10,0},
    {0x34,0x03D3,0x01,0x10,0},
    {0x34,0x03F2,0x43,0x10,0},
    {0x34,0x03F3,0x01,0x10,0},
    {0x34,0x0412,0x51,0x10,0},
    {0x34,0x0413,0x01,0x10,0},
    {0x34,0x0432,0x30,0x10,0},
    {0x34,0x0433,0x01,0x10,0},
    {0x34,0x0452,0x25,0x10,0},
    {0x34,0x0453,0x01,0x10,0},
    {0x34,0x0472,0x2A,0x10,0},
    {0x34,0x0473,0x01,0x10,0},
    {0x34,0x0492,0x29,0x10,0},
    {0x34,0x0493,0x01,0x10,0},
    {0x34,0x04B2,0x48,0x10,0},
    {0x34,0x04B3,0x01,0x10,0},
    {0x34,0x04D2,0x6B,0x10,0},
    {0x34,0x04D3,0x01,0x10,0},
    {0x34,0x04F2,0x6E,0x10,0},
    {0x34,0x04F3,0x01,0x10,0},
    {0x34,0x0512,0x1B,0x10,0},
    {0x34,0x0513,0x01,0x10,0},
    {0x34,0x0532,0x1E,0x10,0},
    {0x34,0x0533,0x01,0x10,0},
    {0x34,0x0552,0x11,0x10,0},
    {0x34,0x0553,0x01,0x10,0},
    {0x34,0x0572,0x15,0x10,0},
    {0x34,0x0573,0x01,0x10,0},
    {0x34,0x0592,0x20,0x10,0},
    {0x34,0x0593,0x01,0x10,0},
    {0x34,0x05B2,0x2C,0x10,0},
    {0x34,0x05B3,0x01,0x10,0},
    {0x34,0x05D2,0x59,0x10,0},
    {0x34,0x05D3,0x01,0x10,0},
    {0x34,0x05F2,0x45,0x10,0},
    {0x34,0x05F3,0x01,0x10,0},
    {0x34,0x0612,0x43,0x10,0},
    {0x34,0x0613,0x01,0x10,0},
    {0x34,0x0632,0x2E,0x10,0},
    {0x34,0x0633,0x01,0x10,0},
    {0x34,0x0652,0x28,0x10,0},
    {0x34,0x0653,0x01,0x10,0},
    {0x34,0x0672,0x2D,0x10,0},
    {0x34,0x0673,0x01,0x10,0},
    {0x34,0x0692,0x33,0x10,0},
    {0x34,0x0693,0x01,0x10,0},
    {0x34,0x06B2,0x5A,0x10,0},
    {0x34,0x06B3,0x01,0x10,0},
    {0x34,0x06D2,0x6B,0x10,0},
    {0x34,0x06D3,0x01,0x10,0},
    {0x34,0x06F2,0x52,0x10,0},
    {0x34,0x06F3,0x01,0x10,0},
    {0x34,0x0712,0x1C,0x10,0},
    {0x34,0x0713,0x01,0x10,0},
    {0x34,0x0732,0x24,0x10,0},
    {0x34,0x0733,0x01,0x10,0},
    {0x34,0x0752,0x30,0x10,0},
    {0x34,0x0753,0x01,0x10,0},
    {0x34,0x0772,0x31,0x10,0},
    {0x34,0x0773,0x01,0x10,0},
    {0x34,0x0792,0x33,0x10,0},
    {0x34,0x0793,0x01,0x10,0},
    {0x34,0x07B2,0x4C,0x10,0},
    {0x34,0x07B3,0x01,0x10,0},
    {0x34,0x07D2,0x3E,0x10,0},
    {0x34,0x07D3,0x01,0x10,0},
    {0x34,0x07F2,0x38,0x10,0},
    {0x34,0x07F3,0x01,0x10,0},
    {0x34,0x0812,0x26,0x10,0},
    {0x34,0x0813,0x01,0x10,0},
    {0x34,0x0832,0x38,0x10,0},
    {0x34,0x0833,0x01,0x10,0},
    {0x34,0x0852,0x35,0x10,0},
    {0x34,0x0853,0x01,0x10,0},
    {0x34,0x0872,0x37,0x10,0},
    {0x34,0x0873,0x01,0x10,0},
    {0x34,0x0892,0x34,0x10,0},
    {0x34,0x0893,0x01,0x10,0},
    {0x34,0x08B2,0x52,0x10,0},
    {0x34,0x08B3,0x01,0x10,0},
    {0x34,0x08D2,0x5E,0x10,0},
    {0x34,0x08D3,0x01,0x10,0},
    {0x34,0x08F2,0x37,0x10,0},
    {0x34,0x08F3,0x01,0x10,0},
    {0x34,0x031A,0x1F,0x10,0},
    {0x34,0x031B,0x01,0x10,0},
    {0x34,0x033A,0x9B,0x10,0},
    {0x34,0x033B,0x01,0x10,0},
    {0x34,0x035A,0x6C,0x10,0},
    {0x34,0x035B,0x01,0x10,0},
    {0x34,0x037A,0x5C,0x10,0},
    {0x34,0x037B,0x01,0x10,0},
    {0x34,0x039A,0x87,0x10,0},
    {0x34,0x039B,0x01,0x10,0},
    {0x34,0x03BA,0x9D,0x10,0},
    {0x34,0x03BB,0x01,0x10,0},
    {0x34,0x03DA,0xD6,0x10,0},
    {0x34,0x03DB,0x01,0x10,0},
    {0x34,0x03FA,0xAD,0x10,0},
    {0x34,0x03FB,0x01,0x10,0},
    {0x34,0x041A,0xAA,0x10,0},
    {0x34,0x041B,0x01,0x10,0},
    {0x34,0x043A,0xAA,0x10,0},
    {0x34,0x043B,0x01,0x10,0},
    {0x34,0x045A,0x90,0x10,0},
    {0x34,0x045B,0x01,0x10,0},
    {0x34,0x047A,0xA0,0x10,0},
    {0x34,0x047B,0x01,0x10,0},
    {0x34,0x049A,0x92,0x10,0},
    {0x34,0x049B,0x01,0x10,0},
    {0x34,0x04BA,0xB1,0x10,0},
    {0x34,0x04BB,0x01,0x10,0},
    {0x34,0x04DA,0xD2,0x10,0},
    {0x34,0x04DB,0x01,0x10,0},
    {0x34,0x04FA,0xCE,0x10,0},
    {0x34,0x04FB,0x01,0x10,0},
    {0x34,0x051A,0x75,0x10,0},
    {0x34,0x051B,0x01,0x10,0},
    {0x34,0x053A,0x8E,0x10,0},
    {0x34,0x053B,0x01,0x10,0},
    {0x34,0x055A,0x83,0x10,0},
    {0x34,0x055B,0x01,0x10,0},
    {0x34,0x057A,0x7A,0x10,0},
    {0x34,0x057B,0x01,0x10,0},
    {0x34,0x059A,0x8D,0x10,0},
    {0x34,0x059B,0x01,0x10,0},
    {0x34,0x05BA,0x96,0x10,0},
    {0x34,0x05BB,0x01,0x10,0},
    {0x34,0x05DA,0xA5,0x10,0},
    {0x34,0x05DB,0x01,0x10,0},
    {0x34,0x05FA,0xA0,0x10,0},
    {0x34,0x05FB,0x01,0x10,0},
    {0x34,0x061A,0x9A,0x10,0},
    {0x34,0x061B,0x01,0x10,0},
    {0x34,0x063A,0xAD,0x10,0},
    {0x34,0x063B,0x01,0x10,0},
    {0x34,0x065A,0x87,0x10,0},
    {0x34,0x065B,0x01,0x10,0},
    {0x34,0x067A,0x9F,0x10,0},
    {0x34,0x067B,0x01,0x10,0},
    {0x34,0x069A,0xA5,0x10,0},
    {0x34,0x069B,0x01,0x10,0},
    {0x34,0x06BA,0xC5,0x10,0},
    {0x34,0x06BB,0x01,0x10,0},
    {0x34,0x06DA,0xC9,0x10,0},
    {0x34,0x06DB,0x01,0x10,0},
    {0x34,0x06FA,0xD1,0x10,0},
    {0x34,0x06FB,0x01,0x10,0},
    {0x34,0x071A,0x4B,0x10,0},
    {0x34,0x071B,0x01,0x10,0},
    {0x34,0x073A,0xA2,0x10,0},
    {0x34,0x073B,0x01,0x10,0},
    {0x34,0x075A,0xA1,0x10,0},
    {0x34,0x075B,0x01,0x10,0},
    {0x34,0x077A,0xA7,0x10,0},
    {0x34,0x077B,0x01,0x10,0},
    {0x34,0x079A,0xA0,0x10,0},
    {0x34,0x079B,0x01,0x10,0},
    {0x34,0x07BA,0xB9,0x10,0},
    {0x34,0x07BB,0x01,0x10,0},
    {0x34,0x07DA,0x9C,0x10,0},
    {0x34,0x07DB,0x01,0x10,0},
    {0x34,0x07FA,0x8B,0x10,0},
    {0x34,0x07FB,0x01,0x10,0},
    {0x34,0x081A,0x97,0x10,0},
    {0x34,0x081B,0x01,0x10,0},
    {0x34,0x083A,0xB2,0x10,0},
    {0x34,0x083B,0x01,0x10,0},
    {0x34,0x085A,0xA2,0x10,0},
    {0x34,0x085B,0x01,0x10,0},
    {0x34,0x087A,0xA5,0x10,0},
    {0x34,0x087B,0x01,0x10,0},
    {0x34,0x089A,0x9C,0x10,0},
    {0x34,0x089B,0x01,0x10,0},
    {0x34,0x08BA,0xBE,0x10,0},
    {0x34,0x08BB,0x01,0x10,0},
    {0x34,0x08DA,0xDC,0x10,0},
    {0x34,0x08DB,0x01,0x10,0},
    {0x34,0x08FA,0xA7,0x10,0},
    {0x34,0x08FB,0x01,0x10,0},
    {0x34,0x0300,0x56,0x10,0},
    {0x34,0x0301,0x00,0x10,0},
    {0x34,0x0320,0x2F,0x10,0},
    {0x34,0x0321,0x01,0x10,0},
    {0x34,0x0340,0x12,0x10,0},
    {0x34,0x0341,0x42,0x10,0},
    {0x34,0x0360,0xFA,0x10,0},
    {0x34,0x0361,0x41,0x10,0},
    {0x34,0x0380,0xE0,0x10,0},
    {0x34,0x0381,0x41,0x10,0},
    {0x34,0x03A0,0xE7,0x10,0},
    {0x34,0x03A1,0x40,0x10,0},
    {0x34,0x03C0,0x4F,0x10,0},
    {0x34,0x03C1,0x00,0x10,0},
    {0x34,0x03E0,0x1B,0x10,0},
    {0x34,0x03E1,0x41,0x10,0},
    {0x34,0x0400,0x80,0x10,0},
    {0x34,0x0401,0x48,0x10,0},
    {0x34,0x0420,0x89,0x10,0},
    {0x34,0x0421,0x00,0x10,0},
    {0x34,0x0440,0x1E,0x10,0},
    {0x34,0x0441,0x41,0x10,0},
    {0x34,0x0460,0xD5,0x10,0},
    {0x34,0x0461,0x40,0x10,0},
    {0x34,0x0480,0xCC,0x10,0},
    {0x34,0x0481,0x41,0x10,0},
    {0x34,0x04A0,0x29,0x10,0},
    {0x34,0x04A1,0x00,0x10,0},
    {0x34,0x04C0,0x65,0x10,0},
    {0x34,0x04C1,0x41,0x10,0},
    {0x34,0x04E0,0xE8,0x10,0},
    {0x34,0x04E1,0x42,0x10,0},
    {0x34,0x0500,0x4D,0x10,0},
    {0x34,0x0501,0x45,0x10,0},
    {0x34,0x0520,0xDF,0x10,0},
    {0x34,0x0521,0x00,0x10,0},
    {0x34,0x0540,0xB0,0x10,0},
    {0x34,0x0541,0x40,0x10,0},
    {0x34,0x0560,0xDF,0x10,0},
    {0x34,0x0561,0x40,0x10,0},
    {0x34,0x0580,0x3A,0x10,0},
    {0x34,0x0581,0x41,0x10,0},
    {0x34,0x05A0,0x87,0x10,0},
    {0x34,0x05A1,0x00,0x10,0},
    {0x34,0x05C0,0x17,0x10,0},
    {0x34,0x05C1,0x41,0x10,0},
    {0x34,0x05E0,0x83,0x10,0},
    {0x34,0x05E1,0x42,0x10,0},
    {0x34,0x0600,0x71,0x10,0},
    {0x34,0x0601,0x47,0x10,0},
    {0x34,0x0620,0x13,0x10,0},
    {0x34,0x0621,0x01,0x10,0},
    {0x34,0x0640,0xA6,0x10,0},
    {0x34,0x0641,0x40,0x10,0},
    {0x34,0x0660,0x6E,0x10,0},
    {0x34,0x0661,0x40,0x10,0},
    {0x34,0x0680,0x60,0x10,0},
    {0x34,0x0681,0x41,0x10,0},
    {0x34,0x06A0,0x0D,0x10,0},
    {0x34,0x06A1,0x00,0x10,0},
    {0x34,0x06C0,0x09,0x10,0},
    {0x34,0x06C1,0x41,0x10,0},
    {0x34,0x06E0,0xD0,0x10,0},
    {0x34,0x06E1,0x42,0x10,0},
    {0x34,0x0700,0xD7,0x10,0},
    {0x34,0x0701,0x45,0x10,0},
    {0x34,0x0720,0x46,0x10,0},
    {0x34,0x0721,0x02,0x10,0},
    {0x34,0x0740,0x79,0x10,0},
    {0x34,0x0741,0x40,0x10,0},
    {0x34,0x0760,0x69,0x10,0},
    {0x34,0x0761,0x40,0x10,0},
    {0x34,0x0780,0x27,0x10,0},
    {0x34,0x0781,0x41,0x10,0},
    {0x34,0x07A0,0xF6,0x10,0},
    {0x34,0x07A1,0x00,0x10,0},
    {0x34,0x07C0,0x8B,0x10,0},
    {0x34,0x07C1,0x40,0x10,0},
    {0x34,0x07E0,0xCB,0x10,0},
    {0x34,0x07E1,0x41,0x10,0},
    {0x34,0x0800,0x84,0x10,0},
    {0x34,0x0801,0x43,0x10,0},
    {0x34,0x0820,0xD0,0x10,0},
    {0x34,0x0821,0x00,0x10,0},
    {0x34,0x0840,0xD2,0x10,0},
    {0x34,0x0841,0x40,0x10,0},
    {0x34,0x0860,0x54,0x10,0},
    {0x34,0x0861,0x42,0x10,0},
    {0x34,0x0880,0x0C,0x10,0},
    {0x34,0x0881,0x42,0x10,0},
    {0x34,0x08A0,0xD8,0x10,0},
    {0x34,0x08A1,0x40,0x10,0},
    {0x34,0x08C0,0x50,0x10,0},
    {0x34,0x08C1,0x40,0x10,0},
    {0x34,0x08E0,0x0B,0x10,0},
    {0x34,0x08E1,0x42,0x10,0},
    {0x34,0x0308,0xA0,0x10,0},
    {0x34,0x0309,0x00,0x10,0},
    {0x34,0x0328,0x2B,0x10,0},
    {0x34,0x0329,0x40,0x10,0},
    {0x34,0x0348,0x92,0x10,0},
    {0x34,0x0349,0x41,0x10,0},
    {0x34,0x0368,0xF3,0x10,0},
    {0x34,0x0369,0x41,0x10,0},
    {0x34,0x0388,0x21,0x10,0},
    {0x34,0x0389,0x41,0x10,0},
    {0x34,0x03A8,0x24,0x10,0},
    {0x34,0x03A9,0x40,0x10,0},
    {0x34,0x03C8,0x07,0x10,0},
    {0x34,0x03C9,0x40,0x10,0},
    {0x34,0x03E8,0x93,0x10,0},
    {0x34,0x03E9,0x40,0x10,0},
    {0x34,0x0408,0xAA,0x10,0},
    {0x34,0x0409,0x47,0x10,0},
    {0x34,0x0428,0x3B,0x10,0},
    {0x34,0x0429,0x00,0x10,0},
    {0x34,0x0448,0x83,0x10,0},
    {0x34,0x0449,0x41,0x10,0},
    {0x34,0x0468,0xA7,0x10,0},
    {0x34,0x0469,0x41,0x10,0},
    {0x34,0x0488,0xF2,0x10,0},
    {0x34,0x0489,0x41,0x10,0},
    {0x34,0x04A8,0x05,0x10,0},
    {0x34,0x04A9,0x40,0x10,0},
    {0x34,0x04C8,0xEC,0x10,0},
    {0x34,0x04C9,0x41,0x10,0},
    {0x34,0x04E8,0x00,0x10,0},
    {0x34,0x04E9,0x43,0x10,0},
    {0x34,0x0508,0xC7,0x10,0},
    {0x34,0x0509,0x47,0x10,0},
    {0x34,0x0528,0xFA,0x10,0},
    {0x34,0x0529,0x00,0x10,0},
    {0x34,0x0548,0x9D,0x10,0},
    {0x34,0x0549,0x41,0x10,0},
    {0x34,0x0568,0x69,0x10,0},
    {0x34,0x0569,0x41,0x10,0},
    {0x34,0x0588,0x93,0x10,0},
    {0x34,0x0589,0x41,0x10,0},
    {0x34,0x05A8,0x12,0x10,0},
    {0x34,0x05A9,0x00,0x10,0},
    {0x34,0x05C8,0xD5,0x10,0},
    {0x34,0x05C9,0x41,0x10,0},
    {0x34,0x05E8,0x84,0x10,0},
    {0x34,0x05E9,0x42,0x10,0},
    {0x34,0x0608,0x5C,0x10,0},
    {0x34,0x0609,0x48,0x10,0},
    {0x34,0x0628,0xFD,0x10,0},
    {0x34,0x0629,0x00,0x10,0},
    {0x34,0x0648,0xE2,0x10,0},
    {0x34,0x0649,0x40,0x10,0},
    {0x34,0x0668,0x27,0x10,0},
    {0x34,0x0669,0x41,0x10,0},
    {0x34,0x0688,0x0C,0x10,0},
    {0x34,0x0689,0x41,0x10,0},
    {0x34,0x06A8,0x73,0x10,0},
    {0x34,0x06A9,0x00,0x10,0},
    {0x34,0x06C8,0x6E,0x10,0},
    {0x34,0x06C9,0x41,0x10,0},
    {0x34,0x06E8,0x42,0x10,0},
    {0x34,0x06E9,0x43,0x10,0},
    {0x34,0x0708,0xD0,0x10,0},
    {0x34,0x0709,0x44,0x10,0},
    {0x34,0x0728,0x22,0x10,0},
    {0x34,0x0729,0x01,0x10,0},
    {0x34,0x0748,0xBF,0x10,0},
    {0x34,0x0749,0x40,0x10,0},
    {0x34,0x0768,0x2C,0x10,0},
    {0x34,0x0769,0x41,0x10,0},
    {0x34,0x0788,0x4D,0x10,0},
    {0x34,0x0789,0x41,0x10,0},
    {0x34,0x07A8,0x8C,0x10,0},
    {0x34,0x07A9,0x00,0x10,0},
    {0x34,0x07C8,0x24,0x10,0},
    {0x34,0x07C9,0x41,0x10,0},
    {0x34,0x07E8,0x78,0x10,0},
    {0x34,0x07E9,0x41,0x10,0},
    {0x34,0x0808,0x61,0x10,0},
    {0x34,0x0809,0x46,0x10,0},
    {0x34,0x0828,0xFC,0x10,0},
    {0x34,0x0829,0x00,0x10,0},
    {0x34,0x0848,0x33,0x10,0},
    {0x34,0x0849,0x41,0x10,0},
    {0x34,0x0868,0x5C,0x10,0},
    {0x34,0x0869,0x42,0x10,0},
    {0x34,0x0888,0x39,0x10,0},
    {0x34,0x0889,0x42,0x10,0},
    {0x34,0x08A8,0x33,0x10,0},
    {0x34,0x08A9,0x00,0x10,0},
    {0x34,0x08C8,0x0A,0x10,0},
    {0x34,0x08C9,0x41,0x10,0},
    {0x34,0x08E8,0xB4,0x10,0},
    {0x34,0x08E9,0x41,0x10,0},
    {0x34,0x0310,0x8D,0x10,0},
    {0x34,0x0311,0x03,0x10,0},
    {0x34,0x0330,0x1F,0x10,0},
    {0x34,0x0331,0x40,0x10,0},
    {0x34,0x0350,0x92,0x10,0},
    {0x34,0x0351,0x40,0x10,0},
    {0x34,0x0370,0x7A,0x10,0},
    {0x34,0x0371,0x41,0x10,0},
    {0x34,0x0390,0x70,0x10,0},
    {0x34,0x0391,0x40,0x10,0},
    {0x34,0x03B0,0x6B,0x10,0},
    {0x34,0x03B1,0x00,0x10,0},
    {0x34,0x03D0,0x89,0x10,0},
    {0x34,0x03D1,0x00,0x10,0},
    {0x34,0x03F0,0x85,0x10,0},
    {0x34,0x03F1,0x41,0x10,0},
    {0x34,0x0410,0x6C,0x10,0},
    {0x34,0x0411,0x47,0x10,0},
    {0x34,0x0430,0x30,0x10,0},
    {0x34,0x0431,0x01,0x10,0},
    {0x34,0x0450,0xA4,0x10,0},
    {0x34,0x0451,0x40,0x10,0},
    {0x34,0x0470,0xAB,0x10,0},
    {0x34,0x0471,0x40,0x10,0},
    {0x34,0x0490,0xE7,0x10,0},
    {0x34,0x0491,0x40,0x10,0},
    {0x34,0x04B0,0xB2,0x10,0},
    {0x34,0x04B1,0x00,0x10,0},
    {0x34,0x04D0,0x01,0x10,0},
    {0x34,0x04D1,0x41,0x10,0},
    {0x34,0x04F0,0x68,0x10,0},
    {0x34,0x04F1,0x41,0x10,0},
    {0x34,0x0510,0xDD,0x10,0},
    {0x34,0x0511,0x44,0x10,0},
    {0x34,0x0530,0x30,0x10,0},
    {0x34,0x0531,0x01,0x10,0},
    {0x34,0x0550,0x6B,0x10,0},
    {0x34,0x0551,0x40,0x10,0},
    {0x34,0x0570,0x81,0x10,0},
    {0x34,0x0571,0x40,0x10,0},
    {0x34,0x0590,0x6E,0x10,0},
    {0x34,0x0591,0x40,0x10,0},
    {0x34,0x05B0,0xAE,0x10,0},
    {0x34,0x05B1,0x00,0x10,0},
    {0x34,0x05D0,0x70,0x10,0},
    {0x34,0x05D1,0x40,0x10,0},
    {0x34,0x05F0,0xC6,0x10,0},
    {0x34,0x05F1,0x41,0x10,0},
    {0x34,0x0610,0x3E,0x10,0},
    {0x34,0x0611,0x47,0x10,0},
    {0x34,0x0630,0xA3,0x10,0},
    {0x34,0x0631,0x01,0x10,0},
    {0x34,0x0650,0x1C,0x10,0},
    {0x34,0x0651,0x40,0x10,0},
    {0x34,0x0670,0x50,0x10,0},
    {0x34,0x0671,0x40,0x10,0},
    {0x34,0x0690,0x55,0x10,0},
    {0x34,0x0691,0x40,0x10,0},
    {0x34,0x06B0,0x41,0x10,0},
    {0x34,0x06B1,0x01,0x10,0},
    {0x34,0x06D0,0xCB,0x10,0},
    {0x34,0x06D1,0x40,0x10,0},
    {0x34,0x06F0,0x90,0x10,0},
    {0x34,0x06F1,0x41,0x10,0},
    {0x34,0x0710,0x78,0x10,0},
    {0x34,0x0711,0x43,0x10,0},
    {0x34,0x0730,0xF5,0x10,0},
    {0x34,0x0731,0x01,0x10,0},
    {0x34,0x0750,0x52,0x10,0},
    {0x34,0x0751,0x00,0x10,0},
    {0x34,0x0770,0x4C,0x10,0},
    {0x34,0x0771,0x40,0x10,0},
    {0x34,0x0790,0x61,0x10,0},
    {0x34,0x0791,0x40,0x10,0},
    {0x34,0x07B0,0x3A,0x10,0},
    {0x34,0x07B1,0x01,0x10,0},
    {0x34,0x07D0,0x30,0x10,0},
    {0x34,0x07D1,0x40,0x10,0},
    {0x34,0x07F0,0x36,0x10,0},
    {0x34,0x07F1,0x41,0x10,0},
    {0x34,0x0810,0xE1,0x10,0},
    {0x34,0x0811,0x43,0x10,0},
    {0x34,0x0830,0x75,0x10,0},
    {0x34,0x0831,0x01,0x10,0},
    {0x34,0x0850,0x83,0x10,0},
    {0x34,0x0851,0x40,0x10,0},
    {0x34,0x0870,0x13,0x10,0},
    {0x34,0x0871,0x41,0x10,0},
    {0x34,0x0890,0xF9,0x10,0},
    {0x34,0x0891,0x40,0x10,0},
    {0x34,0x08B0,0x58,0x10,0},
    {0x34,0x08B1,0x00,0x10,0},
    {0x34,0x08D0,0x08,0x10,0},
    {0x34,0x08D1,0x40,0x10,0},
    {0x34,0x08F0,0x92,0x10,0},
    {0x34,0x08F1,0x41,0x10,0},
    {0x34,0x0318,0x9A,0x10,0},
    {0x34,0x0319,0x02,0x10,0},
    {0x34,0x0338,0x2C,0x10,0},
    {0x34,0x0339,0x00,0x10,0},
    {0x34,0x0358,0x8A,0x10,0},
    {0x34,0x0359,0x00,0x10,0},
    {0x34,0x0378,0xCC,0x10,0},
    {0x34,0x0379,0x40,0x10,0},
    {0x34,0x0398,0x85,0x10,0},
    {0x34,0x0399,0x40,0x10,0},
    {0x34,0x03B8,0x1E,0x10,0},
    {0x34,0x03B9,0x00,0x10,0},
    {0x34,0x03D8,0xDB,0x10,0},
    {0x34,0x03D9,0x01,0x10,0},
    {0x34,0x03F8,0xA0,0x10,0},
    {0x34,0x03F9,0x41,0x10,0},
    {0x34,0x0418,0x08,0x10,0},
    {0x34,0x0419,0x45,0x10,0},
    {0x34,0x0438,0x88,0x10,0},
    {0x34,0x0439,0x01,0x10,0},
    {0x34,0x0458,0x2C,0x10,0},
    {0x34,0x0459,0x40,0x10,0},
    {0x34,0x0478,0x32,0x10,0},
    {0x34,0x0479,0x00,0x10,0},
    {0x34,0x0498,0x73,0x10,0},
    {0x34,0x0499,0x40,0x10,0},
    {0x34,0x04B8,0xEB,0x10,0},
    {0x34,0x04B9,0x00,0x10,0},
    {0x34,0x04D8,0x7B,0x10,0},
    {0x34,0x04D9,0x40,0x10,0},
    {0x34,0x04F8,0x7C,0x10,0},
    {0x34,0x04F9,0x40,0x10,0},
    {0x34,0x0518,0xE6,0x10,0},
    {0x34,0x0519,0x43,0x10,0},
    {0x34,0x0538,0x84,0x10,0},
    {0x34,0x0539,0x01,0x10,0},
    {0x34,0x0558,0x42,0x10,0},
    {0x34,0x0559,0x00,0x10,0},
    {0x34,0x0578,0x5A,0x10,0},
    {0x34,0x0579,0x00,0x10,0},
    {0x34,0x0598,0x3A,0x10,0},
    {0x34,0x0599,0x40,0x10,0},
    {0x34,0x05B8,0x05,0x10,0},
    {0x34,0x05B9,0x01,0x10,0},
    {0x34,0x05D8,0x0A,0x10,0},
    {0x34,0x05D9,0x00,0x10,0},
    {0x34,0x05F8,0x2F,0x10,0},
    {0x34,0x05F9,0x41,0x10,0},
    {0x34,0x0618,0x1B,0x10,0},
    {0x34,0x0619,0x44,0x10,0},
    {0x34,0x0638,0xAE,0x10,0},
    {0x34,0x0639,0x01,0x10,0},
    {0x34,0x0658,0x5A,0x10,0},
    {0x34,0x0659,0x00,0x10,0},
    {0x34,0x0678,0x6F,0x10,0},
    {0x34,0x0679,0x00,0x10,0},
    {0x34,0x0698,0x05,0x10,0},
    {0x34,0x0699,0x40,0x10,0},
    {0x34,0x06B8,0x2D,0x10,0},
    {0x34,0x06B9,0x01,0x10,0},
    {0x34,0x06D8,0x28,0x10,0},
    {0x34,0x06D9,0x40,0x10,0},
    {0x34,0x06F8,0x6A,0x10,0},
    {0x34,0x06F9,0x41,0x10,0},
    {0x34,0x0718,0x9A,0x10,0},
    {0x34,0x0719,0x42,0x10,0},
    {0x34,0x0738,0xFD,0x10,0},
    {0x34,0x0739,0x01,0x10,0},
    {0x34,0x0758,0xB9,0x10,0},
    {0x34,0x0759,0x00,0x10,0},
    {0x34,0x0778,0x89,0x10,0},
    {0x34,0x0779,0x00,0x10,0},
    {0x34,0x0798,0x1C,0x10,0},
    {0x34,0x0799,0x00,0x10,0},
    {0x34,0x07B8,0x42,0x10,0},
    {0x34,0x07B9,0x01,0x10,0},
    {0x34,0x07D8,0x87,0x10,0},
    {0x34,0x07D9,0x00,0x10,0},
    {0x34,0x07F8,0x57,0x10,0},
    {0x34,0x07F9,0x40,0x10,0},
    {0x34,0x0818,0x56,0x10,0},
    {0x34,0x0819,0x42,0x10,0},
    {0x34,0x0838,0x8F,0x10,0},
    {0x34,0x0839,0x01,0x10,0},
    {0x34,0x0858,0x51,0x10,0},
    {0x34,0x0859,0x00,0x10,0},
    {0x34,0x0878,0x0D,0x10,0},
    {0x34,0x0879,0x40,0x10,0},
    {0x34,0x0898,0x94,0x10,0},
    {0x34,0x0899,0x40,0x10,0},
    {0x34,0x08B8,0xBD,0x10,0},
    {0x34,0x08B9,0x00,0x10,0},
    {0x34,0x08D8,0x54,0x10,0},
    {0x34,0x08D9,0x00,0x10,0},
    {0x34,0x08F8,0x1C,0x10,0},
    {0x34,0x08F9,0x00,0x10,0},
    {0x34,0x3A4E,0x17,0x10,0},
    {0x34,0x3A4F,0x00,0x10,0},
    {0x34,0x3A5E,0x17,0x10,0},
    {0x34,0x3A5F,0x00,0x10,0},
    {0x34,0x3A50,0x00,0x10,0},
    {0x34,0x3A51,0x00,0x10,0},
    {0x34,0x3A60,0x00,0x10,0},
    {0x34,0x3A61,0x00,0x10,0},
    {0x34,0x3A52,0x0F,0x10,0},
    {0x34,0x3A53,0x00,0x10,0},
    {0x34,0x3A62,0x0F,0x10,0},
    {0x34,0x3A63,0x00,0x10,0},
    {0x34,0x3A54,0x67,0x10,0},
    {0x34,0x3A55,0x00,0x10,0},
    {0x34,0x3A64,0x67,0x10,0},
    {0x34,0x3A65,0x00,0x10,0},
    {0x34,0x3801,0x01,0x10,0},
    {0x34,0x011B,0x01,0x10,0},
    {0x34,0x011C,0x01,0x10,0},
    {0x34,0x011D,0x01,0x10,0},
    {0x34,0x011E,0x01,0x10,0},
    {0x34,0x36DE,0x00,0x10,0},
    {0x34,0x3638,0x00,0x10,0},
    {0x34,0x3862,0x00,0x10,0},
    {0x34,0x3718,0xB2,0x10,0},
    {0x34,0x3719,0x0C,0x10,0},
    {0x34,0x371A,0xA6,0x10,0},
    {0x34,0x371B,0x0E,0x10,0},
    {0x34,0x371C,0xB2,0x10,0},
    {0x34,0x371D,0x0C,0x10,0},
    {0x34,0x371E,0xA6,0x10,0},
    {0x34,0x371F,0x0E,0x10,0},
    {0x34,0x3720,0xB2,0x10,0},
    {0x34,0x3721,0x0C,0x10,0},
    {0x34,0x3722,0xA6,0x10,0},
    {0x34,0x3723,0x0E,0x10,0},
    {0x34,0x0136,0x00,0x10,0},
    {0x34,0x0137,0x00,0x10,0},
    {0x34,0x0138,0x00,0x10,0},
    {0x34,0x0139,0x00,0x10,0},
    {0x34,0x013A,0x00,0x10,0},
    {0x34,0x013B,0x00,0x10,0},
    {0x34,0x013C,0x00,0x10,0},
    {0x34,0x013D,0x00,0x10,0},
    {0x34,0x013E,0x00,0x10,0},
    {0x34,0x013F,0x00,0x10,0},
    {0x34,0x0140,0x00,0x10,0},
    {0x34,0x0141,0x00,0x10,0},
    {0x34,0x0142,0x00,0x10,0},
    {0x34,0x0143,0x00,0x10,0},
    {0x34,0x0144,0x00,0x10,0},
    {0x34,0x0145,0x00,0x10,0},
    {0x34,0x0146,0x00,0x10,0},
    {0x34,0x0147,0x00,0x10,0},
    {0x34,0x0148,0x01,0x10,0},
    {0x34,0x0149,0x00,0x10,0},
    {0x34,0x014A,0x00,0x10,0},
    {0x34,0x014B,0x00,0x10,0},
    {0x34,0x014D,0x02,0x10,0},
    {0x34,0x014E,0x01,0x10,0},
    {0x34,0x014F,0x00,0x10,0},
    {0x34,0x0150,0x00,0x10,0},
    {0x34,0x0151,0x00,0x10,0},
    {0x34,0x0153,0x02,0x10,0},
    {0x34,0x0158,0x00,0x10,0},
    {0x34,0x0159,0x01,0x10,0},
    {0x34,0x015A,0x01,0x10,0},
    {0x34,0x015C,0xF4,0x10,0},
    {0x34,0x015D,0x01,0x10,0},
    {0x34,0x015E,0xE8,0x10,0},
    {0x34,0x015F,0x03,0x10,0},
    {0x34,0x0160,0x00,0x10,0},
    {0x34,0x0161,0x00,0x10,0},
    {0x34,0x0168,0x00,0x10,0},
    {0x34,0x016A,0x00,0x10,0},
    {0x34,0x016C,0x80,0x10,0},
    {0x34,0x016D,0x80,0x10,0},
    {0x34,0x016E,0x80,0x10,0},
    {0x34,0x016F,0x80,0x10,0},
    {0x34,0x0170,0x80,0x10,0},
    {0x34,0x0173,0x80,0x10,0},
    {0x34,0x0175,0x00,0x10,0},
    {0x34,0x0177,0x00,0x10,0},
    {0x34,0x0179,0x80,0x10,0},
    {0x34,0x017A,0x80,0x10,0},
    {0x34,0x017B,0x80,0x10,0},
    {0x34,0x017C,0x80,0x10,0},
    {0x34,0x017F,0x80,0x10,0},
    {0x34,0x0180,0x80,0x10,0},
    {0x34,0x0182,0x00,0x10,0},
    {0x34,0x0184,0x00,0x10,0},
    {0x34,0x0186,0x80,0x10,0},
    {0x34,0x0187,0x80,0x10,0},
    {0x34,0x0188,0x80,0x10,0},
    {0x34,0x0189,0x80,0x10,0},
    {0x34,0x018A,0x80,0x10,0},
    {0x34,0x018D,0x80,0x10,0},
    {0x34,0x3724,0xC4,0x10,0},
    {0x34,0x3725,0x09,0x10,0},
    {0x34,0x3726,0xAC,0x10,0},
    {0x34,0x3727,0x0D,0x10,0},
    {0x34,0x3728,0x34,0x10,0},
    {0x34,0x3729,0x09,0x10,0},
    {0x34,0x372E,0x53,0x10,0},
    {0x34,0x372F,0x08,0x10,0},
    {0x34,0x3A98,0x00,0x10,0},
    {0x34,0x3A99,0x00,0x10,0},
    {0x34,0x349E,0x00,0x10,0},
    {0x34,0x349F,0x00,0x10,0},
    {0x34,0x349C,0x00,0x10,0},
    {0x34,0x349D,0x00,0x10,0},
    {0x34,0x34A2,0x00,0x10,0},
    {0x34,0x34A3,0x00,0x10,0},
    {0x34,0x34A0,0x00,0x10,0},
    {0x34,0x34A1,0x00,0x10,0},
    {0x34,0x01EB,0x01,0x10,0},
    {0x34,0x01EC,0xF0,0x10,0},
    {0x34,0x01ED,0x00,0x10,0},
    {0x34,0x373C,0x00,0x10,0},
    {0x34,0x373D,0x00,0x10,0},
    {0x34,0x373E,0x00,0x10,0},
    {0x34,0x3740,0x00,0x10,0},
    {0x34,0x3741,0x00,0x10,0},
    {0x34,0x3742,0x00,0x10,0},
    {0x34,0x3744,0x00,0x10,0},
    {0x34,0x3745,0x00,0x10,0},
    {0x34,0x3746,0x00,0x10,0},
    {0x34,0x3748,0x00,0x10,0},
    {0x34,0x3749,0x00,0x10,0},
    {0x34,0x374A,0x00,0x10,0},
    {0x34,0x374C,0x00,0x10,0},
    {0x34,0x374D,0x00,0x10,0},
    {0x34,0x374E,0x00,0x10,0},
    {0x34,0x3750,0x00,0x10,0},
    {0x34,0x3751,0x00,0x10,0},
    {0x34,0x3752,0x00,0x10,0},
    {0x34,0x3754,0x00,0x10,0},
    {0x34,0x3755,0x00,0x10,0},
    {0x34,0x3756,0x00,0x10,0},
    {0x34,0x3758,0x00,0x10,0},
    {0x34,0x3759,0x00,0x10,0},
    {0x34,0x375A,0x00,0x10,0},
    {0x34,0x375C,0x00,0x10,0},
    {0x34,0x375D,0x00,0x10,0},
    {0x34,0x375E,0x00,0x10,0},
    {0x34,0x3760,0x00,0x10,0},
    {0x34,0x3761,0x00,0x10,0},
    {0x34,0x3762,0x00,0x10,0},
    {0x34,0x3764,0x00,0x10,0},
    {0x34,0x3765,0x00,0x10,0},
    {0x34,0x3766,0x00,0x10,0},
    {0x34,0x3768,0x00,0x10,0},
    {0x34,0x3769,0x00,0x10,0},
    {0x34,0x376A,0x00,0x10,0},
    {0x34,0x376C,0x00,0x10,0},
    {0x34,0x376D,0x00,0x10,0},
    {0x34,0x376E,0x00,0x10,0},
    {0x34,0x3770,0x00,0x10,0},
    {0x34,0x3771,0x00,0x10,0},
    {0x34,0x3772,0x00,0x10,0},
    {0x34,0x3774,0x00,0x10,0},
    {0x34,0x3775,0x00,0x10,0},
    {0x34,0x3776,0x00,0x10,0},
    {0x34,0x3778,0x00,0x10,0},
    {0x34,0x3779,0x00,0x10,0},
    {0x34,0x377A,0x00,0x10,0},
    {0x34,0x377C,0x00,0x10,0},
    {0x34,0x377D,0x00,0x10,0},
    {0x34,0x377E,0x00,0x10,0},
    {0x34,0x3780,0x00,0x10,0},
    {0x34,0x3781,0x00,0x10,0},
    {0x34,0x3782,0x00,0x10,0},
    {0x34,0x3784,0x00,0x10,0},
    {0x34,0x3785,0x00,0x10,0},
    {0x34,0x3786,0x00,0x10,0},
    {0x34,0x3788,0x00,0x10,0},
    {0x34,0x3789,0x00,0x10,0},
    {0x34,0x378A,0x00,0x10,0},
    {0x34,0x378C,0x00,0x10,0},
    {0x34,0x378D,0x00,0x10,0},
    {0x34,0x378E,0x00,0x10,0},
    {0x34,0x3790,0x00,0x10,0},
    {0x34,0x3791,0x00,0x10,0},
    {0x34,0x3792,0x00,0x10,0},
    {0x34,0x3794,0x00,0x10,0},
    {0x34,0x3795,0x00,0x10,0},
    {0x34,0x3796,0x00,0x10,0},
    {0x34,0x3798,0x00,0x10,0},
    {0x34,0x3799,0x00,0x10,0},
    {0x34,0x379A,0x00,0x10,0},
    {0x34,0x379C,0x00,0x10,0},
    {0x34,0x379D,0x00,0x10,0},
    {0x34,0x379E,0x00,0x10,0},
    {0x34,0x37A0,0x00,0x10,0},
    {0x34,0x37A1,0x00,0x10,0},
    {0x34,0x37A2,0x00,0x10,0},
    {0x34,0x37A4,0x00,0x10,0},
    {0x34,0x37A5,0x00,0x10,0},
    {0x34,0x37A6,0x00,0x10,0},
    {0x34,0x37A8,0x00,0x10,0},
    {0x34,0x37A9,0x00,0x10,0},
    {0x34,0x37AA,0x00,0x10,0},
    {0x34,0x37AC,0x00,0x10,0},
    {0x34,0x37AD,0x00,0x10,0},
    {0x34,0x37AE,0x00,0x10,0},
    {0x34,0x37B0,0x00,0x10,0},
    {0x34,0x37B1,0x00,0x10,0},
    {0x34,0x37B2,0x00,0x10,0},
    {0x34,0x37B4,0x0F,0x10,0},
    {0x34,0x37B5,0x0F,0x10,0},
    {0x34,0x37B6,0x00,0x10,0},
    {0x34,0x37B8,0x0F,0x10,0},
    {0x34,0x37B9,0x0F,0x10,0},
    {0x34,0x37BA,0x00,0x10,0},
    {0x34,0x37BC,0xFF,0x10,0},
    {0x34,0x37BD,0xFF,0x10,0},
    {0x34,0x37BE,0xFF,0x10,0},
    {0x34,0x37C0,0x0F,0x10,0},
    {0x34,0x37C1,0x0F,0x10,0},
    {0x34,0x37C2,0x00,0x10,0},
    {0x34,0x3C00,0x5C,0x10,0},
    {0x34,0x3C00,0xA3,0x10,0},
    {0x34,0x020C,0x00,0x10,0},
    {0x34,0x020D,0x00,0x10,200},
    {0x90,0x0313,0x02,0x10,200},
    {0x34,0x3c00,0xFF,0x10,200},
     {0x34,0x01F0,0x01,0x10,0},
    {0x34,0x3C00,0x5C,0x10,0},
    {0x34,0x3C00,0xA3,0x10,0},
};   

DATA_ELEMENT max9296_9295_imx728_raw_array[]= {
    {0x90,0x0313, 0x00,0x10,0},              // mipi output enable
    {0x80,0x02BE, 0x10,0x10,0},              // camera reset
	{0x80,0x0057, 0x12,0x10,0},              // swap Y & Z
	{0x80,0x005B, 0x11,0x10,0},              // swap Y & Z
	{0x80,0x0318, 0x6C,0x10,100},              // raw12

					
	{0x90,0x0320, 0x34,0x10,0},              // mipi 2000Mbps

		
	{0x34,0x9730, 0xA5,0x10,0},
	{0x34,0xFFFF, 0x10,0x10,100},

	{0x34,0xB3F4, 0x6E,0x10,0},
	{0x34,0xB3F5, 0x00,0x10,0},
	{0x34,0xB3F6, 0x6E,0x10,0},
	{0x34,0xB3F7, 0x00,0x10,0},
	{0x34,0xB3F8, 0x26,0x10,0},
	{0x34,0xB3F9, 0x02,0x10,0},
	{0x34,0xB3FA, 0x26,0x10,0},
	{0x34,0xB3FB, 0x02,0x10,0},
	{0x34,0xB3FC, 0x01,0x10,0},
	{0x34,0xB3FD, 0x00,0x10,0},
	{0x34,0xB3FE, 0x01,0x10,0},
	{0x34,0xB3FF, 0x00,0x10,0},
	{0x34,0xB400, 0x96,0x10,0},
	{0x34,0xB401, 0x00,0x10,0},
	{0x34,0xB402, 0x96,0x10,0},
	{0x34,0xB403, 0x00,0x10,0},
	{0x34,0xB404, 0x26,0x10,0},
	{0x34,0xB405, 0x02,0x10,0},
	{0x34,0xB406, 0x26,0x10,0},
	{0x34,0xB407, 0x02,0x10,0},
	{0x34,0xB408, 0x26,0x10,0},
	{0x34,0xB409, 0x02,0x10,0},
	{0x34,0xB40A, 0x26,0x10,0},
	{0x34,0xB40B, 0x02,0x10,0},
	{0x34,0xB40C, 0x96,0x10,0},
	{0x34,0xB40D, 0x00,0x10,0},
	{0x34,0xB40E, 0x96,0x10,0},
	{0x34,0xB40F, 0x00,0x10,0},
	{0x34,0xB410, 0x96,0x10,0},
	{0x34,0xB411, 0x00,0x10,0},
	{0x34,0xB412, 0x96,0x10,0},
	{0x34,0xB413, 0x00,0x10,0},
	{0x34,0xB414, 0x26,0x10,0},
	{0x34,0xB415, 0x02,0x10,0},
	{0x34,0xB416, 0x26,0x10,0},
	{0x34,0xB417, 0x02,0x10,0},
	{0x34,0xB418, 0x6E,0x10,0},
	{0x34,0xB419, 0x00,0x10,0},
	{0x34,0xB41A, 0x6E,0x10,0},
	{0x34,0xB41B, 0x00,0x10,0},
	{0x34,0xB41C, 0x96,0x10,0},
	{0x34,0xB41D, 0x00,0x10,0},
	{0x34,0xB41E, 0x96,0x10,0},
	{0x34,0xB41F, 0x00,0x10,0},
	{0x34,0xB420, 0x01,0x10,0},
	{0x34,0xB421, 0x00,0x10,0},
	{0x34,0xB422, 0x01,0x10,0},
	{0x34,0xB423, 0x00,0x10,0},
	{0x34,0xB424, 0xFC,0x10,0},
	{0x34,0xB425, 0x03,0x10,0},
	{0x34,0xB426, 0xFC,0x10,0},
	{0x34,0xB427, 0x03,0x10,0},
	{0x34,0xB428, 0xFC,0x10,0},
	{0x34,0xB429, 0x03,0x10,0},
	{0x34,0xB42A, 0xFC,0x10,0},
	{0x34,0xB42B, 0x03,0x10,0},
	{0x34,0xB42C, 0x50,0x10,0},
	{0x34,0xB42D, 0x00,0x10,0},
	{0x34,0xB42E, 0x50,0x10,0},
	{0x34,0xB42F, 0x00,0x10,0},
	{0x34,0xB430, 0x50,0x10,0},
	{0x34,0xB431, 0x00,0x10,0},
	{0x34,0xB432, 0x50,0x10,0},
	{0x34,0xB433, 0x00,0x10,0},
	{0x34,0xB434, 0x84,0x10,0},
	{0x34,0xB435, 0x03,0x10,0},
	{0x34,0xB436, 0x84,0x10,0},
	{0x34,0xB437, 0x03,0x10,0},
	{0x34,0xB438, 0x84,0x10,0},
	{0x34,0xB439, 0x03,0x10,0},
	{0x34,0xB43A, 0x84,0x10,0},
	{0x34,0xB43B, 0x03,0x10,0},
	{0x34,0xB43C, 0x64,0x10,0},
	{0x34,0xB43D, 0x00,0x10,0},
	{0x34,0xB43E, 0x64,0x10,0},
	{0x34,0xB43F, 0x00,0x10,0},
	{0x34,0xB440, 0x64,0x10,0},
	{0x34,0xB441, 0x00,0x10,0},
	{0x34,0xB442, 0x64,0x10,0},
	{0x34,0xB443, 0x00,0x10,0},
	{0x34,0xB44F, 0x88,0x10,0},
	{0x34,0xFFFF, 0x00,0x10,100},

	{0x34,0x1708, 0x00,0x10,0},
	{0x34,0x1709, 0x00,0x10,0},
	//
	{0x34,0x5B24, 0x20,0x10,0},
	{0x34,0x5B25, 0x0D,0x10,0},
	{0x34,0x5B28, 0x88,0x10,0},
	{0x34,0x5B29, 0x04,0x10,0},
	{0x34,0x95C1, 0x01,0x10,100},
	{0x34,0xFFFF, 0x00,0x10,100},
	{0x34,0xB6F1, 0x54,0x10,0},
	{0x34,0x95C1, 0x01,0x10,100},
	{0x34,0x1B04, 0x5C,0x10,0},
	{0x34,0x1B04, 0xA3,0x10,100},
	{0x34,0xFFFF, 0x05,0x10,100},
	{0x34,0xB700, 0x10,0x10,0},
	{0x34,0x95C1, 0x01,0x10,0},
	{0x34,0xB6F1, 0x55,0x10,0},
	{0x34,0x95C1, 0x01,0x10,0},
	{0x34,0xFFFF, 0x00,0x10,100},
	{0x34,0xB6F1, 0x54,0x10,0},
	{0x34,0x95C1, 0x01,0x10,0},
	{0x34,0x1B04, 0x5C,0x10,0},
	{0x34,0x1B04, 0xA3,0x10,0},
	{0x34,0xFFFF, 0x05,0x10,100},
	{0x34,0xB700, 0x10,0x10,0},
	{0x34,0x95C1, 0x01,0x10,0},
	{0x34,0xB6F1, 0x55,0x10,0},
	{0x34,0x95C1, 0x01,0x10,0},
	{0x34,0x9730, 0xA5,0x10,0},
	{0x34,0xFFFF, 0x10,0x10,100},
	{0x34,0x59C2, 0x0E,0x10,0},
	{0x34,0x59C3, 0x13,0x10,0},
	{0x34,0x59C4, 0x13,0x10,0},
	{0x34,0x595B, 0x08,0x10,0},
	{0x34,0x5975, 0x08,0x10,0},
	{0x34,0x5976, 0x08,0x10,0},
	{0x34,0x5962, 0x0B,0x10,0},
	{0x34,0xFFFF, 0x05,0x10,100},
};


ELE_INFO ele_info_raw[] = {
    {max9296_9295_raw_array, sizeof(max9296_9295_raw_array) / sizeof(DATA_ELEMENT)},//100
    {max_X8B_raw_array, sizeof(max_X8B_raw_array) / sizeof(DATA_ELEMENT)},//101
    {max9296_9295_ar0233_raw_array, sizeof(max9296_9295_ar0233_raw_array) / sizeof(DATA_ELEMENT)},//102
    {max9296_9295_ar0820_raw_array, sizeof(max9296_9295_ar0820_raw_array) / sizeof(DATA_ELEMENT)},//103
    {max9296_9295_imax390_raw_array, sizeof(max9296_9295_imax390_raw_array) / sizeof(DATA_ELEMENT)},//104
    {max9296_9295_imax490_raw_array, sizeof(max9296_9295_imax490_raw_array) / sizeof(DATA_ELEMENT)},//105
    {max9296_9295_imx728_raw_array, sizeof(max9296_9295_imx728_raw_array) / sizeof(DATA_ELEMENT)}//106
};   

void serdes_channel_init_raw(void *BaseAddress, uint32_t channel, uint32_t index)
{
    element_channel_process(BaseAddress, channel + 1, ele_info_raw[index-100].pDATA, ele_info_raw[index-100].ele_size);
	printf("Serdes CH %d Done!\r\n", channel);
}